file_name,file_path,sheet_name,rows,columns,missing_percent,has_state,has_district,has_city,has_police_station,has_lat_lng,has_year_or_date,min_year,max_year,year_count,crime_column_count,crime_columns,location_columns,time_columns,numeric_column_count,numeric_columns,support_column_count,support_columns,sample_columns,model1_score,verdict,reasons
02_01_District_wise_crimes_committed_against_SC_2001_2012.csv,datasets\raw\02_01_District_wise_crimes_committed_against_SC_2001_2012.csv,Sheet1,9018,13,0.0,True,True,False,False,False,True,2001.0,2012.0,12,8,"Murder, Rape, Kidnapping and Abduction, Dacoity, Robbery, Arson, Hurt, Other Crimes Against SCs","STATE/UT, DISTRICT",Year,11,"Year, Murder, Rape, Kidnapping and Abduction, Dacoity, Robbery, Arson, Hurt, Prevention of atrocities (POA) Act, Protection of Civil Rights (PCR) Act, Other Crimes Against SCs",0,,"STATE/UT, DISTRICT, Year, Murder, Rape, Kidnapping and Abduction, Dacoity, Robbery, Arson, Hurt, Prevention of atrocities (POA) Act, Protection of Civil Rights (PCR) Act, Other Crimes Against SCs",100,A - Best for Model 1,large row count; district-level data; multi-year data; multiple crime categories; good numeric columns
02_District_wise_crimes_committed_against_ST_2001_2012.csv,datasets\raw\02_District_wise_crimes_committed_against_ST_2001_2012.csv,Sheet1,9018,13,0.0,True,True,False,False,False,True,2001.0,2012.0,12,8,"Murder, Rape, Kidnapping Abduction, Dacoity, Robbery, Arson, Hurt, Other Crimes Against STs","STATE/UT, DISTRICT",Year,11,"Year, Murder, Rape, Kidnapping Abduction, Dacoity, Robbery, Arson, Hurt, Protection of Civil Rights (PCR) Act, Prevention of atrocities (POA) Act, Other Crimes Against STs",0,,"STATE/UT, DISTRICT, Year, Murder, Rape, Kidnapping Abduction, Dacoity, Robbery, Arson, Hurt, Protection of Civil Rights (PCR) Act, Prevention of atrocities (POA) Act, Other Crimes Against STs",100,A - Best for Model 1,large row count; district-level data; multi-year data; multiple crime categories; good numeric columns
42_District_wise_crimes_committed_against_women_2001_2012.csv,datasets\raw\42_District_wise_crimes_committed_against_women_2001_2012.csv,Sheet1,9017,10,0.0,True,True,False,False,False,True,2001.0,2012.0,12,7,"Rape, Kidnapping and Abduction, Dowry Deaths, Assault on women with intent to outrage her modesty, Insult to modesty of Women, Cruelty by Husband or his Relatives, Importation of Girls","STATE/UT, DISTRICT, Assault on women with intent to outrage her modesty, Cruelty by Husband or his Relatives",Year,8,"Year, Rape, Kidnapping and Abduction, Dowry Deaths, Assault on women with intent to outrage her modesty, Insult to modesty of Women, Cruelty by Husband or his Relatives, Importation of Girls",1,Assault on women with intent to outrage her modesty,"STATE/UT, DISTRICT, Year, Rape, Kidnapping and Abduction, Dowry Deaths, Assault on women with intent to outrage her modesty, Insult to modesty of Women, Cruelty by Husband or his Relatives, Importation of Girls",100,A - Best for Model 1,large row count; district-level data; multi-year data; multiple crime categories; good numeric columns
03_District_wise_crimes_committed_against_children_2001_2012.csv,datasets\raw\03_District_wise_crimes_committed_against_children_2001_2012.csv,Sheet1,9015,15,0.09,True,True,False,False,False,True,2001.0,2012.0,12,4,"Murder, Rape, Kidnapping and Abduction, Other Crimes","STATE/UT, DISTRICT, Buying of girls for prostitution, Selling of girls for prostitution",Year,13,"Year, Murder, Rape, Kidnapping and Abduction, Foeticide, Abetment of suicide, Exposure and abandonment, Procuration of minor girls, Buying of girls for prostitution, Selling of girls for prostitution, Prohibition of child marriage act, Other Crimes, Total",1,Prohibition of child marriage act,"STATE/UT, DISTRICT, Year, Murder, Rape, Kidnapping and Abduction, Foeticide, Abetment of suicide, Exposure and abandonment, Procuration of minor girls, Buying of girls for prostitution, Selling of girls for prostitution, Prohibition of child marriage act, Other Crimes, Total",92,A - Best for Model 1,large row count; district-level data; multi-year data; some crime categories; good numeric columns
17_Case_reported_and_value_of_property_taken_away_by_place_of_occurrence_2001_2012.csv,datasets\raw\17_Case_reported_and_value_of_property_taken_away_by_place_of_occurrence_2001_2012.csv,Sheet1,4344,11,0.0,True,False,False,False,False,True,2001.0,2012.0,12,8,"Dacoity (Section 395-398 IPC) - Number of cases registered, Dacoity (Section 395-398 IPC) - Value Of Property Stolen (in rupees), Robbery(Section 392-394, 397, 398 IPC) - Number of cases registered, Robbery(Section 392-394, 397, 398 IPC) - Value Of Property Stolen (in rupees), Burglary(Section 449-452, 454, 455, 457-460 IPC) - Number of cases registered, Burglary(Section 449-452, 454, 455, 457-460 IPC) - Value Of Property Stolen (in rupees), Theft (Section 379-382 IPC) - Number of cases registered, Theft (Section 379-382 IPC) - Value Of Property Stolen (in rupees)",STATE/UT,YEAR,9,"YEAR, Dacoity (Section 395-398 IPC) - Number of cases registered, Dacoity (Section 395-398 IPC) - Value Of Property Stolen (in rupees), Robbery(Section 392-394, 397, 398 IPC) - Number of cases registered, Robbery(Section 392-394, 397, 398 IPC) - Value Of Property Stolen (in rupees), Burglary(Section 449-452, 454, 455, 457-460 IPC) - Number of cases registered, Burglary(Section 449-452, 454, 455, 457-460 IPC) - Value Of Property Stolen (in rupees), Theft (Section 379-382 IPC) - Number of cases registered, Theft (Section 379-382 IPC) - Value Of Property Stolen (in rupees)",0,,"STATE/UT, YEAR, Place Of Occurrence, Dacoity (Section 395-398 IPC) - Number of cases registered, Dacoity (Section 395-398 IPC) - Value Of Property Stolen (in rupees), Robbery(Section 392-394, 397, 398 IPC) - Number of cases registered, Robbery(Section 392-394, 397, 398 IPC) - Value Of Property Stolen (in rupees), Burglary(Section 449-452, 454, 455, 457-460 IPC) - Number of cases registered, Burglary(Section 449-452, 454, 455, 457-460 IPC) - Value Of Property Stolen (in rupees), Theft (Section 379-382 IPC) - Number of cases registered, Theft (Section 379-382 IPC) - Value Of Property Stolen (in rupees)",85,A - Best for Model 1,medium row count; state-level data; multi-year data; multiple crime categories; good numeric columns
17_Crime_by_place_of_occurrence_2001_2012.csv,datasets\raw\17_Crime_by_place_of_occurrence_2001_2012.csv,Sheet1,456,34,0.0,True,False,False,False,False,True,2001.0,2012.0,12,32,"RESIDENTIAL PREMISES - Dacoity, RESIDENTIAL PREMISES - Robbery, RESIDENTIAL PREMISES - Burglary, RESIDENTIAL PREMISES - Theft, HIGHWAYS - Dacoity, HIGHWAYS - Robbery, HIGHWAYS - Burglary, HIGHWAYS - Theft, RIVER and SEA - Dacoity, RIVER and SEA - Robbery, RIVER and SEA - Burglary, RIVER and SEA - Theft, RAILWAYS - Dacoity, RAILWAYS - Robbery, RAILWAYS - Burglary, RAILWAYS - Theft, BANKS - Dacoity, BANKS - Robbery, BANKS - Burglary, BANKS - Theft, COMMERCIAL ESTABLISHMENTS - Dacoity, COMMERCIAL ESTABLISHMENTS - Robbery, COMMERCIAL ESTABLISHMENTS - Burglary, COMMERCIAL ESTABLISHMENTS - Theft, OTHER PLACES - Dacoity, OTHER PLACES - Robbery, OTHER PLACES - Burglary, OTHER PLACES - Theft, TOTAL - Dacoity, TOTAL - Robbery",STATE/UT,YEAR,33,"YEAR, RESIDENTIAL PREMISES - Dacoity, RESIDENTIAL PREMISES - Robbery, RESIDENTIAL PREMISES - Burglary, RESIDENTIAL PREMISES - Theft, HIGHWAYS - Dacoity, HIGHWAYS - Robbery, HIGHWAYS - Burglary, HIGHWAYS - Theft, RIVER and SEA - Dacoity, RIVER and SEA - Robbery, RIVER and SEA - Burglary, RIVER and SEA - Theft, RAILWAYS - Dacoity, RAILWAYS - Robbery, RAILWAYS - Burglary, RAILWAYS - Theft, BANKS - Dacoity, BANKS - Robbery, BANKS - Burglary, BANKS - Theft, COMMERCIAL ESTABLISHMENTS - Dacoity, COMMERCIAL ESTABLISHMENTS - Robbery, COMMERCIAL ESTABLISHMENTS - Burglary, COMMERCIAL ESTABLISHMENTS - Theft, OTHER PLACES - Dacoity, OTHER PLACES - Robbery, OTHER PLACES - Burglary, OTHER PLACES - Theft, TOTAL - Dacoity",0,,"STATE/UT, YEAR, RESIDENTIAL PREMISES - Dacoity, RESIDENTIAL PREMISES - Robbery, RESIDENTIAL PREMISES - Burglary, RESIDENTIAL PREMISES - Theft, HIGHWAYS - Dacoity, HIGHWAYS - Robbery, HIGHWAYS - Burglary, HIGHWAYS - Theft, RIVER and SEA - Dacoity, RIVER and SEA - Robbery, RIVER and SEA - Burglary, RIVER and SEA - Theft, RAILWAYS - Dacoity, RAILWAYS - Robbery, RAILWAYS - Burglary, RAILWAYS - Theft, BANKS - Dacoity, BANKS - Robbery",78,A - Best for Model 1,small but usable; state-level data; multi-year data; multiple crime categories; good numeric columns
08_01_Juvenile_apprehended_state_IPC.csv,datasets\raw\08_01_Juvenile_apprehended_state_IPC.csv,Sheet1,10500,12,0.0,True,False,False,False,False,True,1934.0,2084.0,15,1,CRIME,"STATE/UT, Total for boys all Age Groups, Total for girls all Age Groups","Year, Boys 7-12 Years, Girls 7-12 Years, Boys 12-16 Years, Girls 12-16 Years, Boys 16-18 Years, Girls 16-18 Years",10,"Year, Boys 7-12 Years, Girls 7-12 Years, Boys 12-16 Years, Girls 12-16 Years, Boys 16-18 Years, Girls 16-18 Years, Total for boys all Age Groups, Total for girls all Age Groups, Grand total",2,"Total for boys all Age Groups, Total for girls all Age Groups","STATE/UT, Year, CRIME, Boys 7-12 Years, Girls 7-12 Years, Boys 12-16 Years, Girls 12-16 Years, Boys 16-18 Years, Girls 16-18 Years, Total for boys all Age Groups, Total for girls all Age Groups, Grand total",75,A - Best for Model 1,large row count; state-level data; multi-year data; only one crime category; good numeric columns
08_02_Juvenile_apprehended_state_SLL.csv,datasets\raw\08_02_Juvenile_apprehended_state_SLL.csv,Sheet1,9450,12,0.0,True,False,False,False,False,True,1914.0,2010.0,14,1,CRIME,"STATE/UT, Total for boys all Age Groups, Total for girls all Age Groups","Year, Boys 7-12 Years, Girls 7-12 Years, Boys 12-16 Years, Girls 12-16 Years, Boys 16-18 Years, Girls 16-18 Years",10,"Year, Boys 7-12 Years, Girls 7-12 Years, Boys 12-16 Years, Girls 12-16 Years, Boys 16-18 Years, Girls 16-18 Years, Total for boys all Age Groups, Total for girls all Age Groups, Grand total",2,"Total for boys all Age Groups, Total for girls all Age Groups","STATE/UT, Year, CRIME, Boys 7-12 Years, Girls 7-12 Years, Boys 12-16 Years, Girls 12-16 Years, Boys 16-18 Years, Girls 16-18 Years, Total for boys all Age Groups, Total for girls all Age Groups, Grand total",75,A - Best for Model 1,large row count; state-level data; multi-year data; only one crime category; good numeric columns
file5.csv,datasets\raw\file5.csv,Sheet1,970,145,0.0,True,True,True,False,False,True,,,0,134,"Offences affecting the Human Body - Murder (Sec.302 IPC) - Col. ( 3), Offences affecting the Human Body - Culpable Homicide not amounting to Murder (Sec.304 IPC) - Col. ( 4), Offences affecting the Human Body - Causing Death by Negligence - Causing Death by Negligence (Sec.304-A IPC) (Col.6+Col 9 to 12) - Col. ( 5), Offences affecting the Human Body - Causing Death by Negligence - Deaths due to Negligence relating to Road Accidents - Deaths due to Negligence relating to Road Accidents (Total) (Col.7+Col.8) - Col. ( 6), Offences affecting the Human Body - Causing Death by Negligence - Deaths due to Negligence relating to Road Accidents - Hit and Run - Col. ( 7), Offences affecting the Human Body - Causing Death by Negligence - Deaths due to Negligence relating to Road Accidents - Other Accidents (other than Hit and Run) - Col. ( 8), Offences affecting the Human Body - Causing Death by Negligence - Deaths due to Negligence relating to Rail Accidents - Col. ( 9), Offences affecting the Human Body - Causing Death by Negligence - Deaths due to Medical Negligence - Col. ( 10), Offences affecting the Human Body - Causing Death by Negligence - Deaths due to Negligence of Civic Bodies - Col. ( 11), Offences affecting the Human Body - Causing Death by Negligence - Deaths due to other Negligence - Col. ( 12), Offences affecting the Human Body - Dowry Deaths (Sec.304-B IPC) - Col. ( 13), Offences affecting the Human Body - Abetment of Suicide (Sec.305/306 IPC) - Col. ( 14), Offences affecting the Human Body - Attempt to Commit Murder (Sec.307 IPC) - Col. ( 15), Offences affecting the Human Body - Attempt to commit Culpable Homicide (Sec.308 IPC) - Col. ( 16), Offences affecting the Human Body - Attempt to Commit Suicide (Sec.309 IPC) - Col. ( 17), Offences affecting the Human Body - Miscarriage, Infanticide, Foeticide and Abandonment (Sec.313 to 318 IPC) - Col. ( 18), Offences affecting the Human Body - Hurt - Hurt (Total) (Col.20 + Col.26) - Col. ( 19), Offences affecting the Human Body - Hurt - Simple Hurt - Simple Hurt (Total) (Col.21 to Col.25) - Col. ( 20), Offences affecting the Human Body - Hurt - Simple Hurt - Voluntarily Causing Simple Hurt (Sec.323 r/w 341/342) - Col. ( 21), Offences affecting the Human Body - Hurt - Simple Hurt - Voluntarily causing hurt by Dangerous weapons or means (Sec.324 IPC) - Col. ( 22), Offences affecting the Human Body - Hurt - Simple Hurt - Voluntarily Causing hurt/Force to deter public servant from his duty (Sec.332/353 IPC) - Col. ( 23), Offences affecting the Human Body - Hurt - Simple Hurt - Causing Hurt by act endangering life/safety of others (Sec.336/337) - Col. ( 24), Offences affecting the Human Body - Hurt - Simple Hurt - Other Simple Hurt (Sec.327, 328, 330 & 334) - Col. ( 25), Offences affecting the Human Body - Hurt - Grievous Hurt - Grievous Hurt (Total) (Col.27 to 33) - Col. ( 26), Offences affecting the Human Body - Hurt - Grievous Hurt - Voluntarily causing grievous hurt (Sec.325 IPC) - Col. ( 27), Offences affecting the Human Body - Hurt - Grievous Hurt - Voluntarily causing grievous hurt by dangerous weapons or means (Sec.326 IPC) - Col. ( 28), Offences affecting the Human Body - Hurt - Grievous Hurt - Acid Attack (Sec.326A IPC) - Col. ( 29), Offences affecting the Human Body - Hurt - Grievous Hurt - Attempt to Acid Attack (Sec.326B IPC) - Col. ( 30), Offences affecting the Human Body - Hurt - Grievous Hurt - Voluntarily Causing Grievous hurt/Force to deter public servant from his duty (Sec.333/353 IPC) - Col. ( 31), Offences affecting the Human Body - Hurt - Grievous Hurt - Causing Grievous Hurt by act endangering life/safety of others (Sec.338 IPC) - Col. ( 32)","State/UT, District, Offences affecting the Human Body - Causing Death by Negligence - Deaths due to Negligence relating to Road Accidents - Deaths due to Negligence relating to Road Accidents (Total) (Col.7+Col.8) - Col. ( 6), Offences affecting the Human Body - Causing Death by Negligence - Deaths due to Negligence relating to Road Accidents - Hit and Run - Col. ( 7), Offences affecting the Human Body - Causing Death by Negligence - Deaths due to Negligence relating to Road Accidents - Other Accidents (other than Hit and Run) - Col. ( 8), Offences affecting the Human Body - Causing Death by Negligence - Deaths due to Negligence relating to Rail Accidents - Col. ( 9), Offences affecting the Human Body - Hurt - Simple Hurt - Voluntarily Causing hurt/Force to deter public servant from his duty (Sec.332/353 IPC) - Col. ( 23), Offences affecting the Human Body - Hurt - Grievous Hurt - Voluntarily Causing Grievous hurt/Force to deter public servant from his duty (Sec.333/353 IPC) - Col. ( 31), Offences affecting the Human Body - Assault on Women with Intent to Outrage her Modesty - Assault on Women with Intent to Outrage her Modesty (Sec.354 IPC) (Total) (Col.36+Col.37+Col42 to 44) - Col. ( 35), Offences affecting the Human Body - Assault on Women with Intent to Outrage her Modesty - Assault on Women (Sec.354 IPC) - Col. ( 36), Offences affecting the Human Body - Assault on Women with Intent to Outrage her Modesty - Sexual Harassment - Sexual Harassment (Sec.354A IPC) (Total) Col 38 to 41) - Col. ( 37), Offences affecting the Human Body - Assault on Women with Intent to Outrage her Modesty - Sexual Harassment - a) at Work or Office Premises - Col. ( 38), Offences affecting the Human Body - Assault on Women with Intent to Outrage her Modesty - Sexual Harassment - b) In Public Transport System - Col. ( 39), Offences affecting the Human Body - Assault on Women with Intent to Outrage her Modesty - Sexual Harassment - c) In Shelter Homes for women and Children - Col. ( 40), Offences affecting the Human Body - Assault on Women with Intent to Outrage her Modesty - Sexual Harassment - d) Other Places - Col. ( 41), Offences affecting the Human Body - Assault on Women with Intent to Outrage her Modesty - Assault or use of Criminal Force on women with intent to Disrobe (Sec.354B IPC) - Col. ( 42), Offences affecting the Human Body - Assault on Women with Intent to Outrage her Modesty - Voyeurism (Sec.354C IPC) - Col. ( 43), Offences affecting the Human Body - Assault on Women with Intent to Outrage her Modesty - Stalking (Sec.354D IPC) - Col. ( 44), Offences affecting the Human Body - Selling of Minors for Prostitution (Sec.372 IPC) - Col. ( 58), Offences affecting the Human Body - Buying of Minors for Prostitution (Sec.373 IPC) - Col. ( 59)",Offences against Property - Burglary (Sec.454 to 460 r/w Sec.380 IPC) - A) Day Time - Col. ( 95),143,"Sl. No, Offences affecting the Human Body - Murder (Sec.302 IPC) - Col. ( 3), Offences affecting the Human Body - Culpable Homicide not amounting to Murder (Sec.304 IPC) - Col. ( 4), Offences affecting the Human Body - Causing Death by Negligence - Causing Death by Negligence (Sec.304-A IPC) (Col.6+Col 9 to 12) - Col. ( 5), Offences affecting the Human Body - Causing Death by Negligence - Deaths due to Negligence relating to Road Accidents - Deaths due to Negligence relating to Road Accidents (Total) (Col.7+Col.8) - Col. ( 6), Offences affecting the Human Body - Causing Death by Negligence - Deaths due to Negligence relating to Road Accidents - Hit and Run - Col. ( 7), Offences affecting the Human Body - Causing Death by Negligence - Deaths due to Negligence relating to Road Accidents - Other Accidents (other than Hit and Run) - Col. ( 8), Offences affecting the Human Body - Causing Death by Negligence - Deaths due to Negligence relating to Rail Accidents - Col. ( 9), Offences affecting the Human Body - Causing Death by Negligence - Deaths due to Medical Negligence - Col. ( 10), Offences affecting the Human Body - Causing Death by Negligence - Deaths due to Negligence of Civic Bodies - Col. ( 11), Offences affecting the Human Body - Causing Death by Negligence - Deaths due to other Negligence - Col. ( 12), Offences affecting the Human Body - Dowry Deaths (Sec.304-B IPC) - Col. ( 13), Offences affecting the Human Body - Abetment of Suicide (Sec.305/306 IPC) - Col. ( 14), Offences affecting the Human Body - Attempt to Commit Murder (Sec.307 IPC) - Col. ( 15), Offences affecting the Human Body - Attempt to commit Culpable Homicide (Sec.308 IPC) - Col. ( 16), Offences affecting the Human Body - Attempt to Commit Suicide (Sec.309 IPC) - Col. ( 17), Offences affecting the Human Body - Miscarriage, Infanticide, Foeticide and Abandonment (Sec.313 to 318 IPC) - Col. ( 18), Offences affecting the Human Body - Hurt - Hurt (Total) (Col.20 + Col.26) - Col. ( 19), Offences affecting the Human Body - Hurt - Simple Hurt - Simple Hurt (Total) (Col.21 to Col.25) - Col. ( 20), Offences affecting the Human Body - Hurt - Simple Hurt - Voluntarily Causing Simple Hurt (Sec.323 r/w 341/342) - Col. ( 21), Offences affecting the Human Body - Hurt - Simple Hurt - Voluntarily causing hurt by Dangerous weapons or means (Sec.324 IPC) - Col. ( 22), Offences affecting the Human Body - Hurt - Simple Hurt - Voluntarily Causing hurt/Force to deter public servant from his duty (Sec.332/353 IPC) - Col. ( 23), Offences affecting the Human Body - Hurt - Simple Hurt - Causing Hurt by act endangering life/safety of others (Sec.336/337) - Col. ( 24), Offences affecting the Human Body - Hurt - Simple Hurt - Other Simple Hurt (Sec.327, 328, 330 & 334) - Col. ( 25), Offences affecting the Human Body - Hurt - Grievous Hurt - Grievous Hurt (Total) (Col.27 to 33) - Col. ( 26), Offences affecting the Human Body - Hurt - Grievous Hurt - Voluntarily causing grievous hurt (Sec.325 IPC) - Col. ( 27), Offences affecting the Human Body - Hurt - Grievous Hurt - Voluntarily causing grievous hurt by dangerous weapons or means (Sec.326 IPC) - Col. ( 28), Offences affecting the Human Body - Hurt - Grievous Hurt - Acid Attack (Sec.326A IPC) - Col. ( 29), Offences affecting the Human Body - Hurt - Grievous Hurt - Attempt to Acid Attack (Sec.326B IPC) - Col. ( 30), Offences affecting the Human Body - Hurt - Grievous Hurt - Voluntarily Causing Grievous hurt/Force to deter public servant from his duty (Sec.333/353 IPC) - Col. ( 31)",15,"Offences affecting the Human Body - Miscarriage, Infanticide, Foeticide and Abandonment (Sec.313 to 318 IPC) - Col. ( 18), Offences affecting the Human Body - Assault on Women with Intent to Outrage her Modesty - Assault on Women with Intent to Outrage her Modesty (Sec.354 IPC) (Total) (Col.36+Col.37+Col42 to 44) - Col. ( 35), Offences affecting the Human Body - Assault on Women with Intent to Outrage her Modesty - Assault on Women (Sec.354 IPC) - Col. ( 36), Offences affecting the Human Body - Assault on Women with Intent to Outrage her Modesty - Sexual Harassment - Sexual Harassment (Sec.354A IPC) (Total) Col 38 to 41) - Col. ( 37), Offences affecting the Human Body - Assault on Women with Intent to Outrage her Modesty - Sexual Harassment - a) at Work or Office Premises - Col. ( 38), Offences affecting the Human Body - Assault on Women with Intent to Outrage her Modesty - Sexual Harassment - b) In Public Transport System - Col. ( 39), Offences affecting the Human Body - Assault on Women with Intent to Outrage her Modesty - Sexual Harassment - c) In Shelter Homes for women and Children - Col. ( 40), Offences affecting the Human Body - Assault on Women with Intent to Outrage her Modesty - Sexual Harassment - d) Other Places - Col. ( 41), Offences affecting the Human Body - Assault on Women with Intent to Outrage her Modesty - Assault or use of Criminal Force on women with intent to Disrobe (Sec.354B IPC) - Col. ( 42), Offences affecting the Human Body - Assault on Women with Intent to Outrage her Modesty - Voyeurism (Sec.354C IPC) - Col. ( 43), Offences affecting the Human Body - Assault on Women with Intent to Outrage her Modesty - Stalking (Sec.354D IPC) - Col. ( 44), Offences affecting the Human Body - Kidnapping and Abduction - Kidnapping and Abduction for the Purpose of Begging (Sec.363 A) - Col. ( 49), Offences affecting the Human Body - Kidnapping and Abduction - Kidnapping and Abduction of Women to compel her for marriage (Sec.366 IPC) - Col. ( 52), Offences against Public Tranquillity - Rioting (Sec.1470151 IPC) - Industrial - Col. ( 72), Offences against Public Tranquillity - Rioting (Sec.1470151 IPC) - Rioting/Attacks on Police Personnel or Govt Servants - Col. ( 84)","Sl. No, State/UT, District, Offences affecting the Human Body - Murder (Sec.302 IPC) - Col. ( 3), Offences affecting the Human Body - Culpable Homicide not amounting to Murder (Sec.304 IPC) - Col. ( 4), Offences affecting the Human Body - Causing Death by Negligence - Causing Death by Negligence (Sec.304-A IPC) (Col.6+Col 9 to 12) - Col. ( 5), Offences affecting the Human Body - Causing Death by Negligence - Deaths due to Negligence relating to Road Accidents - Deaths due to Negligence relating to Road Accidents (Total) (Col.7+Col.8) - Col. ( 6), Offences affecting the Human Body - Causing Death by Negligence - Deaths due to Negligence relating to Road Accidents - Hit and Run - Col. ( 7), Offences affecting the Human Body - Causing Death by Negligence - Deaths due to Negligence relating to Road Accidents - Other Accidents (other than Hit and Run) - Col. ( 8), Offences affecting the Human Body - Causing Death by Negligence - Deaths due to Negligence relating to Rail Accidents - Col. ( 9), Offences affecting the Human Body - Causing Death by Negligence - Deaths due to Medical Negligence - Col. ( 10), Offences affecting the Human Body - Causing Death by Negligence - Deaths due to Negligence of Civic Bodies - Col. ( 11), Offences affecting the Human Body - Causing Death by Negligence - Deaths due to other Negligence - Col. ( 12), Offences affecting the Human Body - Dowry Deaths (Sec.304-B IPC) - Col. ( 13), Offences affecting the Human Body - Abetment of Suicide (Sec.305/306 IPC) - Col. ( 14), Offences affecting the Human Body - Attempt to Commit Murder (Sec.307 IPC) - Col. ( 15), Offences affecting the Human Body - Attempt to commit Culpable Homicide (Sec.308 IPC) - Col. ( 16), Offences affecting the Human Body - Attempt to Commit Suicide (Sec.309 IPC) - Col. ( 17), Offences affecting the Human Body - Miscarriage, Infanticide, Foeticide and Abandonment (Sec.313 to 318 IPC) - Col. ( 18), Offences affecting the Human Body - Hurt - Hurt (Total) (Col.20 + Col.26) - Col. ( 19)",71,B - Useful for Model 1,small but usable; district-level data; has time field; multiple crime categories; good numeric columns
NCRB_District_Table_1.1.csv,datasets\raw\NCRB_District_Table_1.1.csv,Sheet1,970,145,0.0,True,True,True,False,False,True,,,0,134,"Offences affecting the Human Body - Murder (Sec.302 IPC) - Col. ( 3), Offences affecting the Human Body - Culpable Homicide not amounting to Murder (Sec.304 IPC) - Col. ( 4), Offences affecting the Human Body - Causing Death by Negligence - Causing Death by Negligence (Sec.304-A IPC) (Col.6+Col 9 to 12) - Col. ( 5), Offences affecting the Human Body - Causing Death by Negligence - Deaths due to Negligence relating to Road Accidents - Deaths due to Negligence relating to Road Accidents (Total) (Col.7+Col.8) - Col. ( 6), Offences affecting the Human Body - Causing Death by Negligence - Deaths due to Negligence relating to Road Accidents - Hit and Run - Col. ( 7), Offences affecting the Human Body - Causing Death by Negligence - Deaths due to Negligence relating to Road Accidents - Other Accidents (other than Hit and Run) - Col. ( 8), Offences affecting the Human Body - Causing Death by Negligence - Deaths due to Negligence relating to Rail Accidents - Col. ( 9), Offences affecting the Human Body - Causing Death by Negligence - Deaths due to Medical Negligence - Col. ( 10), Offences affecting the Human Body - Causing Death by Negligence - Deaths due to Negligence of Civic Bodies - Col. ( 11), Offences affecting the Human Body - Causing Death by Negligence - Deaths due to other Negligence - Col. ( 12), Offences affecting the Human Body - Dowry Deaths (Sec.304-B IPC) - Col. ( 13), Offences affecting the Human Body - Abetment of Suicide (Sec.305/306 IPC) - Col. ( 14), Offences affecting the Human Body - Attempt to Commit Murder (Sec.307 IPC) - Col. ( 15), Offences affecting the Human Body - Attempt to commit Culpable Homicide (Sec.308 IPC) - Col. ( 16), Offences affecting the Human Body - Attempt to Commit Suicide (Sec.309 IPC) - Col. ( 17), Offences affecting the Human Body - Miscarriage, Infanticide, Foeticide and Abandonment (Sec.313 to 318 IPC) - Col. ( 18), Offences affecting the Human Body - Hurt - Hurt (Total) (Col.20 + Col.26) - Col. ( 19), Offences affecting the Human Body - Hurt - Simple Hurt - Simple Hurt (Total) (Col.21 to Col.25) - Col. ( 20), Offences affecting the Human Body - Hurt - Simple Hurt - Voluntarily Causing Simple Hurt (Sec.323 r/w 341/342) - Col. ( 21), Offences affecting the Human Body - Hurt - Simple Hurt - Voluntarily causing hurt by Dangerous weapons or means (Sec.324 IPC) - Col. ( 22), Offences affecting the Human Body - Hurt - Simple Hurt - Voluntarily Causing hurt/Force to deter public servant from his duty (Sec.332/353 IPC) - Col. ( 23), Offences affecting the Human Body - Hurt - Simple Hurt - Causing Hurt by act endangering life/safety of others (Sec.336/337) - Col. ( 24), Offences affecting the Human Body - Hurt - Simple Hurt - Other Simple Hurt (Sec.327, 328, 330 & 334) - Col. ( 25), Offences affecting the Human Body - Hurt - Grievous Hurt - Grievous Hurt (Total) (Col.27 to 33) - Col. ( 26), Offences affecting the Human Body - Hurt - Grievous Hurt - Voluntarily causing grievous hurt (Sec.325 IPC) - Col. ( 27), Offences affecting the Human Body - Hurt - Grievous Hurt - Voluntarily causing grievous hurt by dangerous weapons or means (Sec.326 IPC) - Col. ( 28), Offences affecting the Human Body - Hurt - Grievous Hurt - Acid Attack (Sec.326A IPC) - Col. ( 29), Offences affecting the Human Body - Hurt - Grievous Hurt - Attempt to Acid Attack (Sec.326B IPC) - Col. ( 30), Offences affecting the Human Body - Hurt - Grievous Hurt - Voluntarily Causing Grievous hurt/Force to deter public servant from his duty (Sec.333/353 IPC) - Col. ( 31), Offences affecting the Human Body - Hurt - Grievous Hurt - Causing Grievous Hurt by act endangering life/safety of others (Sec.338 IPC) - Col. ( 32)","State/UT, District, Offences affecting the Human Body - Causing Death by Negligence - Deaths due to Negligence relating to Road Accidents - Deaths due to Negligence relating to Road Accidents (Total) (Col.7+Col.8) - Col. ( 6), Offences affecting the Human Body - Causing Death by Negligence - Deaths due to Negligence relating to Road Accidents - Hit and Run - Col. ( 7), Offences affecting the Human Body - Causing Death by Negligence - Deaths due to Negligence relating to Road Accidents - Other Accidents (other than Hit and Run) - Col. ( 8), Offences affecting the Human Body - Causing Death by Negligence - Deaths due to Negligence relating to Rail Accidents - Col. ( 9), Offences affecting the Human Body - Hurt - Simple Hurt - Voluntarily Causing hurt/Force to deter public servant from his duty (Sec.332/353 IPC) - Col. ( 23), Offences affecting the Human Body - Hurt - Grievous Hurt - Voluntarily Causing Grievous hurt/Force to deter public servant from his duty (Sec.333/353 IPC) - Col. ( 31), Offences affecting the Human Body - Assault on Women with Intent to Outrage her Modesty - Assault on Women with Intent to Outrage her Modesty (Sec.354 IPC) (Total) (Col.36+Col.37+Col42 to 44) - Col. ( 35), Offences affecting the Human Body - Assault on Women with Intent to Outrage her Modesty - Assault on Women (Sec.354 IPC) - Col. ( 36), Offences affecting the Human Body - Assault on Women with Intent to Outrage her Modesty - Sexual Harassment - Sexual Harassment (Sec.354A IPC) (Total) Col 38 to 41) - Col. ( 37), Offences affecting the Human Body - Assault on Women with Intent to Outrage her Modesty - Sexual Harassment - a) at Work or Office Premises - Col. ( 38), Offences affecting the Human Body - Assault on Women with Intent to Outrage her Modesty - Sexual Harassment - b) In Public Transport System - Col. ( 39), Offences affecting the Human Body - Assault on Women with Intent to Outrage her Modesty - Sexual Harassment - c) In Shelter Homes for women and Children - Col. ( 40), Offences affecting the Human Body - Assault on Women with Intent to Outrage her Modesty - Sexual Harassment - d) Other Places - Col. ( 41), Offences affecting the Human Body - Assault on Women with Intent to Outrage her Modesty - Assault or use of Criminal Force on women with intent to Disrobe (Sec.354B IPC) - Col. ( 42), Offences affecting the Human Body - Assault on Women with Intent to Outrage her Modesty - Voyeurism (Sec.354C IPC) - Col. ( 43), Offences affecting the Human Body - Assault on Women with Intent to Outrage her Modesty - Stalking (Sec.354D IPC) - Col. ( 44), Offences affecting the Human Body - Selling of Minors for Prostitution (Sec.372 IPC) - Col. ( 58), Offences affecting the Human Body - Buying of Minors for Prostitution (Sec.373 IPC) - Col. ( 59)",Offences against Property - Burglary (Sec.454 to 460 r/w Sec.380 IPC) - A) Day Time - Col. ( 95),143,"Sl. No, Offences affecting the Human Body - Murder (Sec.302 IPC) - Col. ( 3), Offences affecting the Human Body - Culpable Homicide not amounting to Murder (Sec.304 IPC) - Col. ( 4), Offences affecting the Human Body - Causing Death by Negligence - Causing Death by Negligence (Sec.304-A IPC) (Col.6+Col 9 to 12) - Col. ( 5), Offences affecting the Human Body - Causing Death by Negligence - Deaths due to Negligence relating to Road Accidents - Deaths due to Negligence relating to Road Accidents (Total) (Col.7+Col.8) - Col. ( 6), Offences affecting the Human Body - Causing Death by Negligence - Deaths due to Negligence relating to Road Accidents - Hit and Run - Col. ( 7), Offences affecting the Human Body - Causing Death by Negligence - Deaths due to Negligence relating to Road Accidents - Other Accidents (other than Hit and Run) - Col. ( 8), Offences affecting the Human Body - Causing Death by Negligence - Deaths due to Negligence relating to Rail Accidents - Col. ( 9), Offences affecting the Human Body - Causing Death by Negligence - Deaths due to Medical Negligence - Col. ( 10), Offences affecting the Human Body - Causing Death by Negligence - Deaths due to Negligence of Civic Bodies - Col. ( 11), Offences affecting the Human Body - Causing Death by Negligence - Deaths due to other Negligence - Col. ( 12), Offences affecting the Human Body - Dowry Deaths (Sec.304-B IPC) - Col. ( 13), Offences affecting the Human Body - Abetment of Suicide (Sec.305/306 IPC) - Col. ( 14), Offences affecting the Human Body - Attempt to Commit Murder (Sec.307 IPC) - Col. ( 15), Offences affecting the Human Body - Attempt to commit Culpable Homicide (Sec.308 IPC) - Col. ( 16), Offences affecting the Human Body - Attempt to Commit Suicide (Sec.309 IPC) - Col. ( 17), Offences affecting the Human Body - Miscarriage, Infanticide, Foeticide and Abandonment (Sec.313 to 318 IPC) - Col. ( 18), Offences affecting the Human Body - Hurt - Hurt (Total) (Col.20 + Col.26) - Col. ( 19), Offences affecting the Human Body - Hurt - Simple Hurt - Simple Hurt (Total) (Col.21 to Col.25) - Col. ( 20), Offences affecting the Human Body - Hurt - Simple Hurt - Voluntarily Causing Simple Hurt (Sec.323 r/w 341/342) - Col. ( 21), Offences affecting the Human Body - Hurt - Simple Hurt - Voluntarily causing hurt by Dangerous weapons or means (Sec.324 IPC) - Col. ( 22), Offences affecting the Human Body - Hurt - Simple Hurt - Voluntarily Causing hurt/Force to deter public servant from his duty (Sec.332/353 IPC) - Col. ( 23), Offences affecting the Human Body - Hurt - Simple Hurt - Causing Hurt by act endangering life/safety of others (Sec.336/337) - Col. ( 24), Offences affecting the Human Body - Hurt - Simple Hurt - Other Simple Hurt (Sec.327, 328, 330 & 334) - Col. ( 25), Offences affecting the Human Body - Hurt - Grievous Hurt - Grievous Hurt (Total) (Col.27 to 33) - Col. ( 26), Offences affecting the Human Body - Hurt - Grievous Hurt - Voluntarily causing grievous hurt (Sec.325 IPC) - Col. ( 27), Offences affecting the Human Body - Hurt - Grievous Hurt - Voluntarily causing grievous hurt by dangerous weapons or means (Sec.326 IPC) - Col. ( 28), Offences affecting the Human Body - Hurt - Grievous Hurt - Acid Attack (Sec.326A IPC) - Col. ( 29), Offences affecting the Human Body - Hurt - Grievous Hurt - Attempt to Acid Attack (Sec.326B IPC) - Col. ( 30), Offences affecting the Human Body - Hurt - Grievous Hurt - Voluntarily Causing Grievous hurt/Force to deter public servant from his duty (Sec.333/353 IPC) - Col. ( 31)",15,"Offences affecting the Human Body - Miscarriage, Infanticide, Foeticide and Abandonment (Sec.313 to 318 IPC) - Col. ( 18), Offences affecting the Human Body - Assault on Women with Intent to Outrage her Modesty - Assault on Women with Intent to Outrage her Modesty (Sec.354 IPC) (Total) (Col.36+Col.37+Col42 to 44) - Col. ( 35), Offences affecting the Human Body - Assault on Women with Intent to Outrage her Modesty - Assault on Women (Sec.354 IPC) - Col. ( 36), Offences affecting the Human Body - Assault on Women with Intent to Outrage her Modesty - Sexual Harassment - Sexual Harassment (Sec.354A IPC) (Total) Col 38 to 41) - Col. ( 37), Offences affecting the Human Body - Assault on Women with Intent to Outrage her Modesty - Sexual Harassment - a) at Work or Office Premises - Col. ( 38), Offences affecting the Human Body - Assault on Women with Intent to Outrage her Modesty - Sexual Harassment - b) In Public Transport System - Col. ( 39), Offences affecting the Human Body - Assault on Women with Intent to Outrage her Modesty - Sexual Harassment - c) In Shelter Homes for women and Children - Col. ( 40), Offences affecting the Human Body - Assault on Women with Intent to Outrage her Modesty - Sexual Harassment - d) Other Places - Col. ( 41), Offences affecting the Human Body - Assault on Women with Intent to Outrage her Modesty - Assault or use of Criminal Force on women with intent to Disrobe (Sec.354B IPC) - Col. ( 42), Offences affecting the Human Body - Assault on Women with Intent to Outrage her Modesty - Voyeurism (Sec.354C IPC) - Col. ( 43), Offences affecting the Human Body - Assault on Women with Intent to Outrage her Modesty - Stalking (Sec.354D IPC) - Col. ( 44), Offences affecting the Human Body - Kidnapping and Abduction - Kidnapping and Abduction for the Purpose of Begging (Sec.363 A) - Col. ( 49), Offences affecting the Human Body - Kidnapping and Abduction - Kidnapping and Abduction of Women to compel her for marriage (Sec.366 IPC) - Col. ( 52), Offences against Public Tranquillity - Rioting (Sec.1470151 IPC) - Industrial - Col. ( 72), Offences against Public Tranquillity - Rioting (Sec.1470151 IPC) - Rioting/Attacks on Police Personnel or Govt Servants - Col. ( 84)","Sl. No, State/UT, District, Offences affecting the Human Body - Murder (Sec.302 IPC) - Col. ( 3), Offences affecting the Human Body - Culpable Homicide not amounting to Murder (Sec.304 IPC) - Col. ( 4), Offences affecting the Human Body - Causing Death by Negligence - Causing Death by Negligence (Sec.304-A IPC) (Col.6+Col 9 to 12) - Col. ( 5), Offences affecting the Human Body - Causing Death by Negligence - Deaths due to Negligence relating to Road Accidents - Deaths due to Negligence relating to Road Accidents (Total) (Col.7+Col.8) - Col. ( 6), Offences affecting the Human Body - Causing Death by Negligence - Deaths due to Negligence relating to Road Accidents - Hit and Run - Col. ( 7), Offences affecting the Human Body - Causing Death by Negligence - Deaths due to Negligence relating to Road Accidents - Other Accidents (other than Hit and Run) - Col. ( 8), Offences affecting the Human Body - Causing Death by Negligence - Deaths due to Negligence relating to Rail Accidents - Col. ( 9), Offences affecting the Human Body - Causing Death by Negligence - Deaths due to Medical Negligence - Col. ( 10), Offences affecting the Human Body - Causing Death by Negligence - Deaths due to Negligence of Civic Bodies - Col. ( 11), Offences affecting the Human Body - Causing Death by Negligence - Deaths due to other Negligence - Col. ( 12), Offences affecting the Human Body - Dowry Deaths (Sec.304-B IPC) - Col. ( 13), Offences affecting the Human Body - Abetment of Suicide (Sec.305/306 IPC) - Col. ( 14), Offences affecting the Human Body - Attempt to Commit Murder (Sec.307 IPC) - Col. ( 15), Offences affecting the Human Body - Attempt to commit Culpable Homicide (Sec.308 IPC) - Col. ( 16), Offences affecting the Human Body - Attempt to Commit Suicide (Sec.309 IPC) - Col. ( 17), Offences affecting the Human Body - Miscarriage, Infanticide, Foeticide and Abandonment (Sec.313 to 318 IPC) - Col. ( 18), Offences affecting the Human Body - Hurt - Hurt (Total) (Col.20 + Col.26) - Col. ( 19)",71,B - Useful for Model 1,small but usable; district-level data; has time field; multiple crime categories; good numeric columns
01_District_wise_crimes_committed_IPC_2014.csv,datasets\raw\01_District_wise_crimes_committed_IPC_2014.csv,Sheet1,838,91,0.0,True,True,False,False,False,True,2014.0,2014.0,1,62,"Murder, Attempt to commit Murder, Culpable Homicide not amounting to Murder, Attempt to commit Culpable Homicide, Rape, Custodial Rape, Custodial_Gang Rape, Custodial_Other Rape, Rape other than Custodial, Rape_Gang Rape, Rape_Others, Attempt to commit Rape, Kidnapping & Abduction_Total, Kidnapping & Abduction, Kidnapping & Abduction in order to Murder, Kidnapping for Ransom, Kidnapping & Abduction of Women to compel her for marriage, Other Kidnapping, Dacoity, Dacoity with Murder, Other Dacoity, Making Preparation and Assembly for committing Dacoity, Robbery, Criminal Trespass/Burglary, Criminal Trespass or Burglary, Theft, Auto Theft, Other Thefts, Riots, Riots_Communal","States/UTs, District, Auto Theft, Counterfeit Offences related to Counterfeit Coin, Assault on Women with intent to outrage her Modesty, Other places related to work, Cruelty by Husband or his Relatives, Offences against State, Other offences against State, Offences promoting enmity between different groups, Promoting enmity between different groups, Imputation, assertions prejudicial to national integration",Year,89,"Year, Murder, Attempt to commit Murder, Culpable Homicide not amounting to Murder, Attempt to commit Culpable Homicide, Rape, Custodial Rape, Custodial_Gang Rape, Custodial_Other Rape, Rape other than Custodial, Rape_Gang Rape, Rape_Others, Attempt to commit Rape, Kidnapping & Abduction_Total, Kidnapping & Abduction, Kidnapping & Abduction in order to Murder, Kidnapping for Ransom, Kidnapping & Abduction of Women to compel her for marriage, Other Kidnapping, Dacoity, Dacoity with Murder, Other Dacoity, Making Preparation and Assembly for committing Dacoity, Robbery, Criminal Trespass/Burglary, Criminal Trespass or Burglary, House Trespass & House Breaking, Theft, Auto Theft, Other Thefts",4,"Kidnapping & Abduction of Women to compel her for marriage, Riots_Industrial, Assault on Women with intent to outrage her Modesty, Disclosure of Identity of Victims","States/UTs, District, Year, Murder, Attempt to commit Murder, Culpable Homicide not amounting to Murder, Attempt to commit Culpable Homicide, Rape, Custodial Rape, Custodial_Gang Rape, Custodial_Other Rape, Rape other than Custodial, Rape_Gang Rape, Rape_Others, Attempt to commit Rape, Kidnapping & Abduction_Total, Kidnapping & Abduction, Kidnapping & Abduction in order to Murder, Kidnapping for Ransom, Kidnapping & Abduction of Women to compel her for marriage",71,B - Useful for Model 1,small but usable; district-level data; has time field; multiple crime categories; good numeric columns
02_01_District_wise_crimes_committed_against_SC_2014.csv,datasets\raw\02_01_District_wise_crimes_committed_against_SC_2014.csv,Sheet1,837,66,0.0,True,True,False,False,False,True,2014.0,2014.0,1,54,"POA_Murder, POA_Attempt to commit Murder, POA_Rape, POA_Attempt to commit Rape, POA_Assault on women with intent to outrage her Modesty, POA_Assault on women with intent to Disrobe, POA_Insult to the Modesty of women, POA_Kidnapping & Abduction_GrandTotal, POA_Kidnaping & Abduction_Total, POA_Kidnaping & Abduction in order to Murder, POA_Kidnapping for Ransom, POA_Kidnapping & Abduction of Women to compel her for marriage, POA_Other Kidnapping, POA_Dacoity, POA_Dacoity with Murder, POA_Other Dacoity, POA_Robbery, POA_Arson, POA_Grievous Hurt, POA_Hurt, POA_Attempt to Acid Attack, POA_Riots, POA_Other IPC crimes, IPC_Murder, IPC_Attempt to commit Murder, IPC_Rape, IPC_Attempt to commit Rape, IPC_Assault on women with intent to outrage her Modesty, IPC_Sexual Harassment, IPC_Assault on women with intent to Disrobe","States/UTs, District, POA_Assault on women with intent to outrage her Modesty, IPC_Assault on women with intent to outrage her Modesty, Manual Scavengers and Construction of Dry Latrines (P) Act, 1993",Year,64,"Year, Protection of Civil Rights Act, 1955, POA_Murder, POA_Attempt to commit Murder, POA_Rape, POA_Attempt to commit Rape, POA_Assault on women with intent to outrage her Modesty, POA_Sexual Harassment, POA_Assault on women with intent to Disrobe, POA_Voyeurism, POA_Stalking, POA_Other Sexual Harassment, POA_Insult to the Modesty of women, POA_Kidnapping & Abduction_GrandTotal, POA_Kidnaping & Abduction_Total, POA_Kidnaping & Abduction in order to Murder, POA_Kidnapping for Ransom, POA_Kidnapping & Abduction of Women to compel her for marriage, POA_Other Kidnapping, POA_Dacoity, POA_Dacoity with Murder, POA_Other Dacoity, POA_Robbery, POA_Arson, POA_Grievous Hurt, POA_Hurt, POA_Acid attack, POA_Attempt to Acid Attack, POA_Riots, POA_Other IPC crimes",4,"POA_Assault on women with intent to outrage her Modesty, POA_Kidnapping & Abduction of Women to compel her for marriage, IPC_Assault on women with intent to outrage her Modesty, IPC_Kidnapping & Abduction of Women to compel her for marriage","States/UTs, District, Year, Protection of Civil Rights Act, 1955, POA_Murder, POA_Attempt to commit Murder, POA_Rape, POA_Attempt to commit Rape, POA_Assault on women with intent to outrage her Modesty, POA_Sexual Harassment, POA_Assault on women with intent to Disrobe, POA_Voyeurism, POA_Stalking, POA_Other Sexual Harassment, POA_Insult to the Modesty of women, POA_Kidnapping & Abduction_GrandTotal, POA_Kidnaping & Abduction_Total, POA_Kidnaping & Abduction in order to Murder, POA_Kidnapping for Ransom, POA_Kidnapping & Abduction of Women to compel her for marriage",71,B - Useful for Model 1,small but usable; district-level data; has time field; multiple crime categories; good numeric columns
02_District_wise_crimes_committed_against_ST_2014.csv,datasets\raw\02_District_wise_crimes_committed_against_ST_2014.csv,Sheet1,837,66,0.0,True,True,False,False,False,True,2014.0,2014.0,1,54,"POA_Murder, POA_Attempt to commit Murder, POA_Rape, POA_Attempt to commit Rape, POA_Assault on women with intent to outrage her Modesty, POA_Assault on women with intent to Disrobe, POA_Insult to the Modesty of women, POA_Kidnapping & Abduction_GrandTotal, POA_Kidnaping & Abduction_Total, POA_Kidnaping & Abduction in order to Murder, POA_Kidnapping for Ransom, POA_Kidnapping & Abduction of Women to compel her for marriage, POA_Other Kidnapping, POA_Dacoity, POA_Dacoity with Murder, POA_Other Dacoity, POA_Robbery, POA_Arson, POA_Grievous Hurt, POA_Hurt, POA_Attempt to Acid Attack, POA_Riots, POA_Other IPC crimes, IPC_Murder, IPC_Attempt to commit Murder, IPC_Rape, IPC_Attempt to commit Rape, IPC_Assault on women with intent to outrage her Modesty, IPC_Sexual Harassment, IPC_Assault on women with intent to Disrobe","States/UTs, District, POA_Assault on women with intent to outrage her Modesty, IPC_Assault on women with intent to outrage her Modesty, Manual Scavengers and Construction of Dry Latrines (P) Act, 1993",Year,64,"Year, Protection of Civil Rights Act, 1955, POA_Murder, POA_Attempt to commit Murder, POA_Rape, POA_Attempt to commit Rape, POA_Assault on women with intent to outrage her Modesty, POA_Sexual Harassment, POA_Assault on women with intent to Disrobe, POA_Voyeurism, POA_Stalking, POA_Other Sexual Harassment, POA_Insult to the Modesty of women, POA_Kidnapping & Abduction_GrandTotal, POA_Kidnaping & Abduction_Total, POA_Kidnaping & Abduction in order to Murder, POA_Kidnapping for Ransom, POA_Kidnapping & Abduction of Women to compel her for marriage, POA_Other Kidnapping, POA_Dacoity, POA_Dacoity with Murder, POA_Other Dacoity, POA_Robbery, POA_Arson, POA_Grievous Hurt, POA_Hurt, POA_Acid attack, POA_Attempt to Acid Attack, POA_Riots, POA_Other IPC crimes",4,"POA_Assault on women with intent to outrage her Modesty, POA_Kidnapping & Abduction of Women to compel her for marriage, IPC_Assault on women with intent to outrage her Modesty, IPC_Kidnapping & Abduction of Women to compel her for marriage","States/UTs, District, Year, Protection of Civil Rights Act, 1955, POA_Murder, POA_Attempt to commit Murder, POA_Rape, POA_Attempt to commit Rape, POA_Assault on women with intent to outrage her Modesty, POA_Sexual Harassment, POA_Assault on women with intent to Disrobe, POA_Voyeurism, POA_Stalking, POA_Other Sexual Harassment, POA_Insult to the Modesty of women, POA_Kidnapping & Abduction_GrandTotal, POA_Kidnaping & Abduction_Total, POA_Kidnaping & Abduction in order to Murder, POA_Kidnapping for Ransom, POA_Kidnapping & Abduction of Women to compel her for marriage",71,B - Useful for Model 1,small but usable; district-level data; has time field; multiple crime categories; good numeric columns
42_District_wise_crimes_committed_against_women_2014.csv,datasets\raw\42_District_wise_crimes_committed_against_women_2014.csv,Sheet1,837,62,0.0,True,True,False,False,False,True,2014.0,2014.0,1,42,"Rape, Custodial Rape, Custodial_Gang Rape, Custodial_Other Rape, Rape other than Custodial, Rape_Gang Rape, Rape_Others, Attempt to commit Rape, Kidnapping & Abduction_Total, Kidnaping & Abduction, Kidnaping & Abduction in order to Murder, Kidnapping for Ransom, Kidnapping & Abduction of Women to compel her for marriage, Kidnaping & Abduction_Others, Dowry Deaths, Assault on Women with intent to outrage her Modesty_Total, Assault on women with intent to Disrobe, Insult to the Modesty of Women_Total, Cruelty by Husband or his Relatives, Importation of Girls from Foreign Country, Murder, Attempt to commit Murder, Culpable Homicide not amounting to Murder, Attempt to commit Culpable Homicide, Grievous Hurt, Hurt, Attempt to Acid Attack, Deaths caused with intent to cause miscarriage, Causing miscarriage without consent of women, Dacoity_Total","States/UTs, District, Assault on Women with intent to outrage her Modesty_Total, In places related to work, Cruelty by Husband or his Relatives, Causing miscarriage without consent of women",Year,60,"Year, Rape, Custodial Rape, Custodial_Gang Rape, Custodial_Other Rape, Rape other than Custodial, Rape_Gang Rape, Rape_Others, Attempt to commit Rape, Kidnapping & Abduction_Total, Kidnaping & Abduction, Kidnaping & Abduction in order to Murder, Kidnapping for Ransom, Kidnapping & Abduction of Women to compel her for marriage, Kidnaping & Abduction_Others, Dowry Deaths, Assault on Women with intent to outrage her Modesty_Total, Sexual Harassment, Assault on women with intent to Disrobe, Voyeurism, Stalking, Others, Insult to the Modesty of Women_Total, At Office premises, In places related to work, In Public Transport system, In other Places, Cruelty by Husband or his Relatives, Importation of Girls from Foreign Country, Murder",4,"Kidnapping & Abduction of Women to compel her for marriage, Assault on Women with intent to outrage her Modesty_Total, Deaths caused with intent to cause miscarriage, Causing miscarriage without consent of women","States/UTs, District, Year, Rape, Custodial Rape, Custodial_Gang Rape, Custodial_Other Rape, Rape other than Custodial, Rape_Gang Rape, Rape_Others, Attempt to commit Rape, Kidnapping & Abduction_Total, Kidnaping & Abduction, Kidnaping & Abduction in order to Murder, Kidnapping for Ransom, Kidnapping & Abduction of Women to compel her for marriage, Kidnaping & Abduction_Others, Dowry Deaths, Assault on Women with intent to outrage her Modesty_Total, Sexual Harassment",71,B - Useful for Model 1,small but usable; district-level data; has time field; multiple crime categories; good numeric columns
01_District_wise_crimes_committed_IPC_2013.csv,datasets\raw\01_District_wise_crimes_committed_IPC_2013.csv,Sheet1,823,33,0.0,True,True,False,False,False,True,2013.0,2013.0,1,28,"MURDER, ATTEMPT TO MURDER, CULPABLE HOMICIDE NOT AMOUNTING TO MURDER, RAPE, CUSTODIAL RAPE, OTHER RAPE, KIDNAPPING & ABDUCTION, KIDNAPPING AND ABDUCTION OF WOMEN AND GIRLS, KIDNAPPING AND ABDUCTION OF OTHERS, DACOITY, PREPARATION AND ASSEMBLY FOR DACOITY, ROBBERY, BURGLARY, THEFT, AUTO THEFT, OTHER THEFT, RIOTS, CHEATING, ARSON, HURT/GREVIOUS HURT, DOWRY DEATHS, ASSAULT ON WOMEN WITH INTENT TO OUTRAGE HER MODESTY, INSULT TO MODESTY OF WOMEN, CRUELTY BY HUSBAND OR HIS RELATIVES, IMPORTATION OF GIRLS FROM FOREIGN COUNTRIES, CAUSING DEATH BY NEGLIGENCE, OTHER IPC CRIMES, TOTAL IPC CRIMES","STATE/UT, DISTRICT, AUTO THEFT, ASSAULT ON WOMEN WITH INTENT TO OUTRAGE HER MODESTY, CRUELTY BY HUSBAND OR HIS RELATIVES",YEAR,31,"YEAR, MURDER, ATTEMPT TO MURDER, CULPABLE HOMICIDE NOT AMOUNTING TO MURDER, RAPE, CUSTODIAL RAPE, OTHER RAPE, KIDNAPPING & ABDUCTION, KIDNAPPING AND ABDUCTION OF WOMEN AND GIRLS, KIDNAPPING AND ABDUCTION OF OTHERS, DACOITY, PREPARATION AND ASSEMBLY FOR DACOITY, ROBBERY, BURGLARY, THEFT, AUTO THEFT, OTHER THEFT, RIOTS, CRIMINAL BREACH OF TRUST, CHEATING, COUNTERFIETING, ARSON, HURT/GREVIOUS HURT, DOWRY DEATHS, ASSAULT ON WOMEN WITH INTENT TO OUTRAGE HER MODESTY, INSULT TO MODESTY OF WOMEN, CRUELTY BY HUSBAND OR HIS RELATIVES, IMPORTATION OF GIRLS FROM FOREIGN COUNTRIES, CAUSING DEATH BY NEGLIGENCE, OTHER IPC CRIMES",1,ASSAULT ON WOMEN WITH INTENT TO OUTRAGE HER MODESTY,"STATE/UT, DISTRICT, YEAR, MURDER, ATTEMPT TO MURDER, CULPABLE HOMICIDE NOT AMOUNTING TO MURDER, RAPE, CUSTODIAL RAPE, OTHER RAPE, KIDNAPPING & ABDUCTION, KIDNAPPING AND ABDUCTION OF WOMEN AND GIRLS, KIDNAPPING AND ABDUCTION OF OTHERS, DACOITY, PREPARATION AND ASSEMBLY FOR DACOITY, ROBBERY, BURGLARY, THEFT, AUTO THEFT, OTHER THEFT, RIOTS",71,B - Useful for Model 1,small but usable; district-level data; has time field; multiple crime categories; good numeric columns
02_01_District_wise_crimes_committed_against_SC_2013.csv,datasets\raw\02_01_District_wise_crimes_committed_against_SC_2013.csv,Sheet1,823,13,0.0,True,True,False,False,False,True,2013.0,2013.0,1,8,"Murder, Rape, Kidnapping and Abduction, Dacoity, Robbery, Arson, Hurt, Other Crimes Against SCs","STATE/UT, DISTRICT",Year,11,"Year, Murder, Rape, Kidnapping and Abduction, Dacoity, Robbery, Arson, Hurt, Protection of Civil Rights (PCR) Act, Prevention of atrocities (POA) Act, Other Crimes Against SCs",0,,"STATE/UT, DISTRICT, Year, Murder, Rape, Kidnapping and Abduction, Dacoity, Robbery, Arson, Hurt, Protection of Civil Rights (PCR) Act, Prevention of atrocities (POA) Act, Other Crimes Against SCs",71,B - Useful for Model 1,small but usable; district-level data; has time field; multiple crime categories; good numeric columns
02_District_wise_crimes_committed_against_ST_2013.csv,datasets\raw\02_District_wise_crimes_committed_against_ST_2013.csv,Sheet1,823,13,0.0,True,True,False,False,False,True,2013.0,2013.0,1,8,"Murder, Rape, Kidnapping Abduction, Dacoity, Robbery, Arson, Hurt, Other Crimes Against STs","STATE/UT, DISTRICT",Year,11,"Year, Murder, Rape, Kidnapping Abduction, Dacoity, Robbery, Arson, Hurt, Protection of Civil Rights (PCR) Act, Prevention of atrocities (POA) Act, Other Crimes Against STs",0,,"STATE/UT, DISTRICT, Year, Murder, Rape, Kidnapping Abduction, Dacoity, Robbery, Arson, Hurt, Protection of Civil Rights (PCR) Act, Prevention of atrocities (POA) Act, Other Crimes Against STs",71,B - Useful for Model 1,small but usable; district-level data; has time field; multiple crime categories; good numeric columns
42_District_wise_crimes_committed_against_women_2013.csv,datasets\raw\42_District_wise_crimes_committed_against_women_2013.csv,Sheet1,823,10,0.0,True,True,False,False,False,True,2013.0,2013.0,1,7,"Rape, Kidnapping and Abduction, Dowry Deaths, Assault on women with intent to outrage her modesty, Insult to modesty of Women, Cruelty by Husband or his Relatives, Importation of Girls","STATE/UT, DISTRICT, Assault on women with intent to outrage her modesty, Cruelty by Husband or his Relatives",Year,8,"Year, Rape, Kidnapping and Abduction, Dowry Deaths, Assault on women with intent to outrage her modesty, Insult to modesty of Women, Cruelty by Husband or his Relatives, Importation of Girls",1,Assault on women with intent to outrage her modesty,"STATE/UT, DISTRICT, Year, Rape, Kidnapping and Abduction, Dowry Deaths, Assault on women with intent to outrage her modesty, Insult to modesty of Women, Cruelty by Husband or his Relatives, Importation of Girls",71,B - Useful for Model 1,small but usable; district-level data; has time field; multiple crime categories; good numeric columns
07_01_Persons_arrested_by_sex_and_age_group_IPC_2014.csv,datasets\raw\07_01_Persons_arrested_by_sex_and_age_group_IPC_2014.csv,Sheet1,3432,18,0.0,True,False,False,False,False,True,1901.0,2099.0,79,1,Crime Head,States/UTs,"Year, 18 and above and below 30 years_Male, 18 and above and below 30 years_Female, 18 and above and below 30 years_Total, 30 and above and below 45 years_Male, 30 and above and below 45 years_Female, 30 and above and below 45 years_Total, 45 and above and below 60 years_Male, 45 and above and below 60 years_Female, 45 and above and below 60 years_Total, 60 years and above_Male, 60 years and above_Female, 60 years and above_Total",16,"Year, 18 and above and below 30 years_Male, 18 and above and below 30 years_Female, 18 and above and below 30 years_Total, 30 and above and below 45 years_Male, 30 and above and below 45 years_Female, 30 and above and below 45 years_Total, 45 and above and below 60 years_Male, 45 and above and below 60 years_Female, 45 and above and below 60 years_Total, 60 years and above_Male, 60 years and above_Female, 60 years and above_Total, Total Male, Total Female, Total Persons Arrested by age and Sex",1,Total Persons Arrested by age and Sex,"States/UTs, Crime Head, Year, 18 and above and below 30 years_Male, 18 and above and below 30 years_Female, 18 and above and below 30 years_Total, 30 and above and below 45 years_Male, 30 and above and below 45 years_Female, 30 and above and below 45 years_Total, 45 and above and below 60 years_Male, 45 and above and below 60 years_Female, 45 and above and below 60 years_Total, 60 years and above_Male, 60 years and above_Female, 60 years and above_Total, Total Male, Total Female, Total Persons Arrested by age and Sex",70,B - Useful for Model 1,medium row count; state-level data; multi-year data; only one crime category; good numeric columns
07_02_Persons_arrested_by_sex_and_age_group_SLL_2014.csv,datasets\raw\07_02_Persons_arrested_by_sex_and_age_group_SLL_2014.csv,Sheet1,2730,18,0.0,True,False,False,False,False,True,1900.0,2090.0,29,1,Crime Head,States/UTs,"Year, 18 and above and below 30 years_Male, 18 and above and below 30 years_Female, 18 and above and below 30 years_Total, 30 and above and below 45 years_Male, 30 and above and below 45 years_Female, 30 and above and below 45 years_Total, 45 and above and below 60 years_Male, 45 and above and below 60 years_Female, 45 and above and below 60 years_Total, 60 years and above_Male, 60 years and above_Female, 60 years and above_Total",16,"Year, 18 and above and below 30 years_Male, 18 and above and below 30 years_Female, 18 and above and below 30 years_Total, 30 and above and below 45 years_Male, 30 and above and below 45 years_Female, 30 and above and below 45 years_Total, 45 and above and below 60 years_Male, 45 and above and below 60 years_Female, 45 and above and below 60 years_Total, 60 years and above_Male, 60 years and above_Female, 60 years and above_Total, Total Male, Total Female, Total Persons Arrested by age and Sex",1,Total Persons Arrested by age and Sex,"States/UTs, Crime Head, Year, 18 and above and below 30 years_Male, 18 and above and below 30 years_Female, 18 and above and below 30 years_Total, 30 and above and below 45 years_Male, 30 and above and below 45 years_Female, 30 and above and below 45 years_Total, 45 and above and below 60 years_Male, 45 and above and below 60 years_Female, 45 and above and below 60 years_Total, 60 years and above_Male, 60 years and above_Female, 60 years and above_Total, Total Male, Total Female, Total Persons Arrested by age and Sex",70,B - Useful for Model 1,medium row count; state-level data; multi-year data; only one crime category; good numeric columns
13_Police_killed_or_injured_on_duty.csv,datasets\raw\13_Police_killed_or_injured_on_duty.csv,Sheet1,2450,18,0.0,False,False,False,False,False,True,2001.0,2010.0,10,6,"Police_Injured_By_Riotous_Mobs, Police_Injured_In_Accidents, Police_Injured_In_Dacoity_OperationsOther_raids, Police_Killed_By_Riotous_Mobs, Police_Killed_In_Accidents, Police_Killed_In_Dacoity_OperationsOther_raids","Area_Name, Police_Injured_On_Border_Duties, Police_Killed_On_Border_Duties",Year,15,"Year, Police_Injured_By_Criminals, Police_Injured_By_Riotous_Mobs, Police_Injured_In_Accidents, Police_Injured_In_Dacoity_OperationsOther_raids, Police_Injured_In_TerroristsExtremists_Operations, Police_Injured_On_Border_Duties, Police_Injured_Total_Policemen, Police_Killed_By_Criminals, Police_Killed_By_Riotous_Mobs, Police_Killed_In_Accidents, Police_Killed_In_Dacoity_OperationsOther_raids, Police_Killed_In_TerroristsExtremists_Operations, Police_Killed_On_Border_Duties, Police_Killed_Total_Policemen",0,,"Area_Name, Year, Group_Name, Sub_Group_Name, Police_Injured_By_Criminals, Police_Injured_By_Riotous_Mobs, Police_Injured_In_Accidents, Police_Injured_In_Dacoity_OperationsOther_raids, Police_Injured_In_TerroristsExtremists_Operations, Police_Injured_On_Border_Duties, Police_Injured_Total_Policemen, Police_Killed_By_Criminals, Police_Killed_By_Riotous_Mobs, Police_Killed_In_Accidents, Police_Killed_In_Dacoity_OperationsOther_raids, Police_Killed_In_TerroristsExtremists_Operations, Police_Killed_On_Border_Duties, Police_Killed_Total_Policemen",70,B - Useful for Model 1,medium row count; no strong location column; multi-year data; multiple crime categories; good numeric columns
07_01_Persons_arrested_by_sex_and_age_group_IPC_2012.csv,datasets\raw\07_01_Persons_arrested_by_sex_and_age_group_IPC_2012.csv,Sheet1,1140,15,0.0,True,False,False,False,False,True,1912.0,2100.0,29,1,CRIME HEAD,STATE/UT,"Male Below 18 Years, Female Below 18 Years, Male Between 18-30 Years, Female Between 18-30 Years, Male Between 30-45 Years, Female Between 30-45 Years, Male Between 45-60 Years, Female Between 45-60 Years, Male Above 60 Years, Female Above 60 Years",13,"Male Below 18 Years, Female Below 18 Years, Male Between 18-30 Years, Female Between 18-30 Years, Male Between 30-45 Years, Female Between 30-45 Years, Male Between 45-60 Years, Female Between 45-60 Years, Male Above 60 Years, Female Above 60 Years, Male Total, Female Total, Grand Total",0,,"STATE/UT, CRIME HEAD, Male Below 18 Years, Female Below 18 Years, Male Between 18-30 Years, Female Between 18-30 Years, Male Between 30-45 Years, Female Between 30-45 Years, Male Between 45-60 Years, Female Between 45-60 Years, Male Above 60 Years, Female Above 60 Years, Male Total, Female Total, Grand Total",70,B - Useful for Model 1,medium row count; state-level data; multi-year data; only one crime category; good numeric columns
07_01_Persons_arrested_by_sex_and_age_group_IPC_2013.csv,datasets\raw\07_01_Persons_arrested_by_sex_and_age_group_IPC_2013.csv,Sheet1,1140,15,0.0,True,False,False,False,False,True,1901.0,2090.0,41,1,CRIME HEAD,STATE/UT,"Male Below 18 Years, Female Below 18 Years, Male Between 18-30 Years, Female Between 18-30 Years, Male Between 30-45 Years, Female Between 30-45 Years, Male Between 45-60 Years, Female Between 45-60 Years, Male Above 60 Years, Female Above 60 Years",13,"Male Below 18 Years, Female Below 18 Years, Male Between 18-30 Years, Female Between 18-30 Years, Male Between 30-45 Years, Female Between 30-45 Years, Male Between 45-60 Years, Female Between 45-60 Years, Male Above 60 Years, Female Above 60 Years, Male Total, Female Total, Grand Total",0,,"STATE/UT, CRIME HEAD, Male Below 18 Years, Female Below 18 Years, Male Between 18-30 Years, Female Between 18-30 Years, Male Between 30-45 Years, Female Between 30-45 Years, Male Between 45-60 Years, Female Between 45-60 Years, Male Above 60 Years, Female Above 60 Years, Male Total, Female Total, Grand Total",70,B - Useful for Model 1,medium row count; state-level data; multi-year data; only one crime category; good numeric columns
07_02_Persons_arrested_by_sex_and_age_group_SLL_2012.csv,datasets\raw\07_02_Persons_arrested_by_sex_and_age_group_SLL_2012.csv,Sheet1,1026,15,0.0,True,False,False,False,False,True,1917.0,2077.0,16,1,CRIME HEAD,STATE/UT,"Male Below 18 Years, Female Below 18 Years, Male Between 18-30 Years, Female Between 18-30 Years, Male Between 30-45 Years, Female Between 30-45 Years, Male Between 45-60 Years, Female Between 45-60 Years, Male Above 60 Years, Female Above 60 Years",13,"Male Below 18 Years, Female Below 18 Years, Male Between 18-30 Years, Female Between 18-30 Years, Male Between 30-45 Years, Female Between 30-45 Years, Male Between 45-60 Years, Female Between 45-60 Years, Male Above 60 Years, Female Above 60 Years, Male Total, Female Total, Grand Total",0,,"STATE/UT, CRIME HEAD, Male Below 18 Years, Female Below 18 Years, Male Between 18-30 Years, Female Between 18-30 Years, Male Between 30-45 Years, Female Between 30-45 Years, Male Between 45-60 Years, Female Between 45-60 Years, Male Above 60 Years, Female Above 60 Years, Male Total, Female Total, Grand Total",70,B - Useful for Model 1,medium row count; state-level data; multi-year data; only one crime category; good numeric columns
07_02_Persons_arrested_by_sex_and_age_group_SLL_2013.csv,datasets\raw\07_02_Persons_arrested_by_sex_and_age_group_SLL_2013.csv,Sheet1,1026,15,0.0,True,False,False,False,False,True,1940.0,2092.0,11,1,CRIME HEAD,STATE/UT,"Male Below 18 Years, Female Below 18 Years, Male Between 18-30 Years, Female Between 18-30 Years, Male Between 30-45 Years, Female Between 30-45 Years, Male Between 45-60 Years, Female Between 45-60 Years, Male Above 60 Years, Female Above 60 Years",13,"Male Below 18 Years, Female Below 18 Years, Male Between 18-30 Years, Female Between 18-30 Years, Male Between 30-45 Years, Female Between 30-45 Years, Male Between 45-60 Years, Female Between 45-60 Years, Male Above 60 Years, Female Above 60 Years, Male Total, Female Total, Grand Total",0,,"STATE/UT, CRIME HEAD, Male Below 18 Years, Female Below 18 Years, Male Between 18-30 Years, Female Between 18-30 Years, Male Between 30-45 Years, Female Between 30-45 Years, Male Between 45-60 Years, Female Between 45-60 Years, Male Above 60 Years, Female Above 60 Years, Male Total, Female Total, Grand Total",70,B - Useful for Model 1,medium row count; state-level data; multi-year data; only one crime category; good numeric columns
03_District_wise_crimes_committed_against_children_2013.csv,datasets\raw\03_District_wise_crimes_committed_against_children_2013.csv,Sheet1,823,16,0.0,True,True,False,False,False,True,2013.0,2013.0,1,4,"Other murder, Rape, Kidnapping and Abduction, Other Crimes","STATE/UT, DISTRICT, Buying of girls for prostitution, Selling of girls for prostitution",Year,14,"Year, Infanticid, Other murder, Rape, Kidnapping and Abduction, Foeticide, Abetment of suicide, Exposure and abandonment, Procuration of minor girls, Buying of girls for prostitution, Selling of girls for prostitution, Prohibition of child marriage act, Other Crimes, Total",1,Prohibition of child marriage act,"STATE/UT, DISTRICT, Year, Infanticid, Other murder, Rape, Kidnapping and Abduction, Foeticide, Abetment of suicide, Exposure and abandonment, Procuration of minor girls, Buying of girls for prostitution, Selling of girls for prostitution, Prohibition of child marriage act, Other Crimes, Total",63,B - Useful for Model 1,small but usable; district-level data; has time field; some crime categories; good numeric columns
file3.csv,datasets\raw\file3.csv,Sheet1,734,32,0.0,True,True,False,False,False,False,,,0,27,"Murder, Attempt to Commit Murder, C.H. not Amounting to Murder, Rape - Total, Rape - Custodial, Rape - Other, Kidnapping & Abduction - Total, Kidnapping & Abduction of Women & Girls, Kidnapping & Abduction Others, Dacoity, Preparation & Assembly for Dacoity, Robbery, Burglary, Theft Total, Auto theft, Other theft, Riots, Cheating, Counterfeiting, Arson, Hurt, Dowry Death, Cruelty by Husband and Relatives, Importation of Girls, Causing Death by Negligence, Other IPC Crimes, Total Cog. Crimes Under IPC","States/UTs, District, Auto theft, Cruelty by Husband and Relatives",,30,"Murder, Attempt to Commit Murder, C.H. not Amounting to Murder, Rape - Total, Rape - Custodial, Rape - Other, Kidnapping & Abduction - Total, Kidnapping & Abduction of Women & Girls, Kidnapping & Abduction Others, Dacoity, Preparation & Assembly for Dacoity, Robbery, Burglary, Theft Total, Auto theft, Other theft, Riots, Criminal Breach of Trust, Cheating, Counterfeiting, Arson, Hurt, Dowry Death, Molestation, Sexual Harassment, Cruelty by Husband and Relatives, Importation of Girls, Causing Death by Negligence, Other IPC Crimes, Total Cog. Crimes Under IPC",0,,"States/UTs, District, Murder, Attempt to Commit Murder, C.H. not Amounting to Murder, Rape - Total, Rape - Custodial, Rape - Other, Kidnapping & Abduction - Total, Kidnapping & Abduction of Women & Girls, Kidnapping & Abduction Others, Dacoity, Preparation & Assembly for Dacoity, Robbery, Burglary, Theft Total, Auto theft, Other theft, Riots, Criminal Breach of Trust",63,B - Useful for Model 1,small but usable; district-level data; no year/date field; multiple crime categories; good numeric columns
NCRB_2005-Table_1.14.csv,datasets\raw\NCRB_2005-Table_1.14.csv,Sheet1,734,32,0.0,True,True,False,False,False,False,,,0,27,"Murder, Attempt to Commit Murder, C.H. not Amounting to Murder, Rape - Total, Rape - Custodial, Rape - Other, Kidnapping & Abduction - Total, Kidnapping & Abduction of Women & Girls, Kidnapping & Abduction Others, Dacoity, Preparation & Assembly for Dacoity, Robbery, Burglary, Theft Total, Auto theft, Other theft, Riots, Cheating, Counterfeiting, Arson, Hurt, Dowry Death, Cruelty by Husband and Relatives, Importation of Girls, Causing Death by Negligence, Other IPC Crimes, Total Cog. Crimes Under IPC","States/UTs, District, Auto theft, Cruelty by Husband and Relatives",,30,"Murder, Attempt to Commit Murder, C.H. not Amounting to Murder, Rape - Total, Rape - Custodial, Rape - Other, Kidnapping & Abduction - Total, Kidnapping & Abduction of Women & Girls, Kidnapping & Abduction Others, Dacoity, Preparation & Assembly for Dacoity, Robbery, Burglary, Theft Total, Auto theft, Other theft, Riots, Criminal Breach of Trust, Cheating, Counterfeiting, Arson, Hurt, Dowry Death, Molestation, Sexual Harassment, Cruelty by Husband and Relatives, Importation of Girls, Causing Death by Negligence, Other IPC Crimes, Total Cog. Crimes Under IPC",0,,"States/UTs, District, Murder, Attempt to Commit Murder, C.H. not Amounting to Murder, Rape - Total, Rape - Custodial, Rape - Other, Kidnapping & Abduction - Total, Kidnapping & Abduction of Women & Girls, Kidnapping & Abduction Others, Dacoity, Preparation & Assembly for Dacoity, Robbery, Burglary, Theft Total, Auto theft, Other theft, Riots, Criminal Breach of Trust",63,B - Useful for Model 1,small but usable; district-level data; no year/date field; multiple crime categories; good numeric columns
file4.csv,datasets\raw\file4.csv,Sheet1,729,32,0.0,True,True,False,False,False,False,,,0,27,"Murder, Attempt to Commit Murder, C.H. not Amounting to Murder, Rape - Total, Rape - Custodial, Rape - Other, Kidnapping & Abduction - Total, Kidnapping & Abduction - of Women & Girls, Kidnapping & Abduction - Others, Dacoity, Preparation & Assembly for Dacoity, Robbery, Burglary, Theft - Total, Theft - Auto theft, Theft - Other theft, Riots, Cheating, Counterfeiting, Arson, Hurt, Dowry Death, Cruelty by Husband and Relatives, Importation of Girls, Causing Death by Negligence, Other IPC Crimes, Total Cog. Crimes Under IPC","States/ UTs, District, Theft - Auto theft, Cruelty by Husband and Relatives",,30,"Murder, Attempt to Commit Murder, C.H. not Amounting to Murder, Rape - Total, Rape - Custodial, Rape - Other, Kidnapping & Abduction - Total, Kidnapping & Abduction - of Women & Girls, Kidnapping & Abduction - Others, Dacoity, Preparation & Assembly for Dacoity, Robbery, Burglary, Theft - Total, Theft - Auto theft, Theft - Other theft, Riots, Criminal Breach of Trust, Cheating, Counterfeiting, Arson, Hurt, Dowry Death, Molestation, Sexual Harassment, Cruelty by Husband and Relatives, Importation of Girls, Causing Death by Negligence, Other IPC Crimes, Total Cog. Crimes Under IPC",0,,"States/ UTs, District, Murder, Attempt to Commit Murder, C.H. not Amounting to Murder, Rape - Total, Rape - Custodial, Rape - Other, Kidnapping & Abduction - Total, Kidnapping & Abduction - of Women & Girls, Kidnapping & Abduction - Others, Dacoity, Preparation & Assembly for Dacoity, Robbery, Burglary, Theft - Total, Theft - Auto theft, Theft - Other theft, Riots, Criminal Breach of Trust",63,B - Useful for Model 1,small but usable; district-level data; no year/date field; multiple crime categories; good numeric columns
NCRB_2003_Table_1.14.csv,datasets\raw\NCRB_2003_Table_1.14.csv,Sheet1,729,32,0.0,True,True,False,False,False,False,,,0,27,"Murder, Attempt to Commit Murder, C.H. not Amounting to Murder, Rape - Total, Rape - Custodial, Rape - Other, Kidnapping & Abduction - Total, Kidnapping & Abduction - of Women & Girls, Kidnapping & Abduction - Others, Dacoity, Preparation & Assembly for Dacoity, Robbery, Burglary, Theft - Total, Theft - Auto theft, Theft - Other theft, Riots, Cheating, Counterfeiting, Arson, Hurt, Dowry Death, Cruelty by Husband and Relatives, Importation of Girls, Causing Death by Negligence, Other IPC Crimes, Total Cog. Crimes Under IPC","States/ UTs, District, Theft - Auto theft, Cruelty by Husband and Relatives",,30,"Murder, Attempt to Commit Murder, C.H. not Amounting to Murder, Rape - Total, Rape - Custodial, Rape - Other, Kidnapping & Abduction - Total, Kidnapping & Abduction - of Women & Girls, Kidnapping & Abduction - Others, Dacoity, Preparation & Assembly for Dacoity, Robbery, Burglary, Theft - Total, Theft - Auto theft, Theft - Other theft, Riots, Criminal Breach of Trust, Cheating, Counterfeiting, Arson, Hurt, Dowry Death, Molestation, Sexual Harassment, Cruelty by Husband and Relatives, Importation of Girls, Causing Death by Negligence, Other IPC Crimes, Total Cog. Crimes Under IPC",0,,"States/ UTs, District, Murder, Attempt to Commit Murder, C.H. not Amounting to Murder, Rape - Total, Rape - Custodial, Rape - Other, Kidnapping & Abduction - Total, Kidnapping & Abduction - of Women & Girls, Kidnapping & Abduction - Others, Dacoity, Preparation & Assembly for Dacoity, Robbery, Burglary, Theft - Total, Theft - Auto theft, Theft - Other theft, Riots, Criminal Breach of Trust",63,B - Useful for Model 1,small but usable; district-level data; no year/date field; multiple crime categories; good numeric columns
19_Motive_or_cause_of_murder_and_culpable_homicide_not_amounting_to_murder.csv,datasets\raw\19_Motive_or_cause_of_murder_and_culpable_homicide_not_amounting_to_murder.csv,Sheet1,350,30,0.0,False,False,False,False,False,True,2001.0,2010.0,10,28,"CHNAMurder_Cause_By_TerroristExtremist, CHNAMurder_Cause_Casteism, CHNAMurder_Cause_Class_Conflict, CHNAMurder_Cause_Communalism, CHNAMurder_Cause_Dowry, CHNAMurder_Cause_For_Political_reason, CHNAMurder_Cause_Gain, CHNAMurder_Cause_Love_AffairsSexual_Relations, CHNAMurder_Cause_Lunacy, CHNAMurder_Cause_Other_Causes_or_Motives, CHNAMurder_Cause_Personal_Vendetta_or_Enmity, CHNAMurder_Cause_Property_Dispute, CHNAMurder_Cause_Total, CHNAMurder_Cause_Witchcraft, Murder_Cause_By_TerroristExtremist, Murder_Cause_Casteism, Murder_Cause_Class_Conflict, Murder_Cause_Communalism, Murder_Cause_Dowry, Murder_Cause_For_Political_reason, Murder_Cause_Gain, Murder_Cause_Love_AffairsSexual_Relations, Murder_Cause_Lunacy, Murder_Cause_Other_Causes_or_Motives, Murder_Cause_Personal_Vendetta_or_Enmity, Murder_Cause_Property_Dispute, Murder_Cause_Total, Murder_Cause_Witchcraft","Area_Name, CHNAMurder_Cause_Love_AffairsSexual_Relations, CHNAMurder_Cause_Property_Dispute, Murder_Cause_Love_AffairsSexual_Relations, Murder_Cause_Property_Dispute",Year,29,"Year, CHNAMurder_Cause_By_TerroristExtremist, CHNAMurder_Cause_Casteism, CHNAMurder_Cause_Class_Conflict, CHNAMurder_Cause_Communalism, CHNAMurder_Cause_Dowry, CHNAMurder_Cause_For_Political_reason, CHNAMurder_Cause_Gain, CHNAMurder_Cause_Love_AffairsSexual_Relations, CHNAMurder_Cause_Lunacy, CHNAMurder_Cause_Other_Causes_or_Motives, CHNAMurder_Cause_Personal_Vendetta_or_Enmity, CHNAMurder_Cause_Property_Dispute, CHNAMurder_Cause_Total, CHNAMurder_Cause_Witchcraft, Murder_Cause_By_TerroristExtremist, Murder_Cause_Casteism, Murder_Cause_Class_Conflict, Murder_Cause_Communalism, Murder_Cause_Dowry, Murder_Cause_For_Political_reason, Murder_Cause_Gain, Murder_Cause_Love_AffairsSexual_Relations, Murder_Cause_Lunacy, Murder_Cause_Other_Causes_or_Motives, Murder_Cause_Personal_Vendetta_or_Enmity, Murder_Cause_Property_Dispute, Murder_Cause_Total, Murder_Cause_Witchcraft",2,"CHNAMurder_Cause_Other_Causes_or_Motives, Murder_Cause_Other_Causes_or_Motives","Area_Name, Year, CHNAMurder_Cause_By_TerroristExtremist, CHNAMurder_Cause_Casteism, CHNAMurder_Cause_Class_Conflict, CHNAMurder_Cause_Communalism, CHNAMurder_Cause_Dowry, CHNAMurder_Cause_For_Political_reason, CHNAMurder_Cause_Gain, CHNAMurder_Cause_Love_AffairsSexual_Relations, CHNAMurder_Cause_Lunacy, CHNAMurder_Cause_Other_Causes_or_Motives, CHNAMurder_Cause_Personal_Vendetta_or_Enmity, CHNAMurder_Cause_Property_Dispute, CHNAMurder_Cause_Total, CHNAMurder_Cause_Witchcraft, Murder_Cause_By_TerroristExtremist, Murder_Cause_Casteism, Murder_Cause_Class_Conflict, Murder_Cause_Communalism",63,B - Useful for Model 1,small but usable; no strong location column; multi-year data; multiple crime categories; good numeric columns
NCRB_Table_3B.2.csv,datasets\raw\NCRB_Table_3B.2.csv,Sheet1,20,164,0.0,False,False,True,False,False,False,1956.0,1986.0,3,153,"Murder with Rape/Gang - Rape - I - Col.(3), Murder with Rape/Gang - Rape - V - Col.(4), Murder with Rape/Gang - Rape - R - Col.(5), Dowry Deaths (Sec. 304B IPC) - I - Col.(6), Dowry Deaths (Sec. 304B IPC) - V - Col.(7), Dowry Deaths (Sec. 304B IPC) - R - Col.(8), Abetment to Suicide of Women (Sec. 305/306 IPC) - I - Col.(9), Abetment to Suicide of Women (Sec. 305/306 IPC) - V - Col.(10), Abetment to Suicide of Women (Sec. 305/306 IPC) - R - Col.(11), Miscarriage (Sec.313 and 314 IPC) - I - Col.(12), Miscarriage (Sec.313 and 314 IPC) - V - Col.(13), Miscarriage (Sec.313 and 314 IPC) - R - Col.(14), Acid Attack (Sec. 326A IPC) - I - Col.(15), Acid Attack (Sec. 326A IPC) - V - Col.(16), Acid Attack (Sec. 326A IPC) - R - Col.(17), Attempt to Acid Attack (Sec. 326B IPC) - I - Col.(18), Attempt to Acid Attack (Sec. 326B IPC) - V - Col.(19), Attempt to Acid Attack (Sec. 326B IPC) - R - Col.(20), Cruelty by Husband or his relatives (Sec.498 A IPC) - I - Col.(21), Cruelty by Husband or his relatives (Sec.498 A IPC) - V - Col.(22), Cruelty by Husband or his relatives (Sec.498 A IPC) - R - Col.(23), Kidnapping and Abduction of Women - Kidnapping and Abduction of Women (Total) - I - Col.(24), Kidnapping and Abduction of Women - Kidnapping and Abduction of Women (Total) - V - Col.(25), Kidnapping and Abduction of Women - Kidnapping and Abduction of Women (Total) - R - Col.(26), Kidnapping and Abduction of Women - Kidnapping and Abduction (Sec. 363 IPC) - I - Col.(27), Kidnapping and Abduction of Women - Kidnapping and Abduction (Sec. 363 IPC) - V - Col.(28), Kidnapping and Abduction of Women - Kidnapping and Abduction (Sec. 363 IPC) - R - Col.(29), Kidnapping and Abduction of Women - Kidnapping and Abduction in order to Murder (Sec.364 IPC) - I - Col.(30), Kidnapping and Abduction of Women - Kidnapping and Abduction in order to Murder (Sec.364 IPC) - V - Col.(31), Kidnapping and Abduction of Women - Kidnapping and Abduction in order to Murder (Sec.364 IPC) - R - Col.(32)","City, Cruelty by Husband or his relatives (Sec.498 A IPC) - I - Col.(21), Cruelty by Husband or his relatives (Sec.498 A IPC) - V - Col.(22), Cruelty by Husband or his relatives (Sec.498 A IPC) - R - Col.(23), Assault on Women with Intent to Outrage her Modesty (Sec. 354 IPC) - Assault on Women with Intent to Outrage her Modesty (Total) - I - Col.(81), Assault on Women with Intent to Outrage her Modesty (Sec. 354 IPC) - Assault on Women with Intent to Outrage her Modesty (Total) - V - Col.(82), Assault on Women with Intent to Outrage her Modesty (Sec. 354 IPC) - Assault on Women with Intent to Outrage her Modesty (Total) - R - Col.(83), Assault on Women with Intent to Outrage her Modesty (Sec. 354 IPC) - A) Women (18 Yrs. And above) - I - Col.(84), Assault on Women with Intent to Outrage her Modesty (Sec. 354 IPC) - A) Women (18 Yrs. And above) - V - Col.(85), Assault on Women with Intent to Outrage her Modesty (Sec. 354 IPC) - A) Women (18 Yrs. And above) - R - Col.(86), Assault on Women with Intent to Outrage her Modesty (Sec. 354 IPC) - B) Girls (Below 18 yrs) - I - Col.(87), Assault on Women with Intent to Outrage her Modesty (Sec. 354 IPC) - B) Girls (Below 18 yrs) - V - Col.(88), Assault on Women with Intent to Outrage her Modesty (Sec. 354 IPC) - B) Girls (Below 18 yrs) - R - Col.(89), Immoral Traffic (Prevention) Act 1956 (Women Victims cases only) - A) Procuring, inducing Children for the sake of prostitution (Section 5) - I - Col.(108), Immoral Traffic (Prevention) Act 1956 (Women Victims cases only) - A) Procuring, inducing Children for the sake of prostitution (Section 5) - V - Col.(109), Immoral Traffic (Prevention) Act 1956 (Women Victims cases only) - A) Procuring, inducing Children for the sake of prostitution (Section 5) - R - Col.(110), Immoral Traffic (Prevention) Act 1956 (Women Victims cases only) - B) Detaining a person in premises where prostitution is carried on (Sec. 6) - I - Col.(111), Immoral Traffic (Prevention) Act 1956 (Women Victims cases only) - B) Detaining a person in premises where prostitution is carried on (Sec. 6) - V - Col.(112), Immoral Traffic (Prevention) Act 1956 (Women Victims cases only) - B) Detaining a person in premises where prostitution is carried on (Sec. 6) - R - Col.(113), Immoral Traffic (Prevention) Act 1956 (Women Victims cases only) - C) Prostitution in or in the vicinity of public places (Section 7) - I - Col.(114)",,163,"Sl. No., Murder with Rape/Gang - Rape - I - Col.(3), Murder with Rape/Gang - Rape - V - Col.(4), Murder with Rape/Gang - Rape - R - Col.(5), Dowry Deaths (Sec. 304B IPC) - I - Col.(6), Dowry Deaths (Sec. 304B IPC) - V - Col.(7), Dowry Deaths (Sec. 304B IPC) - R - Col.(8), Abetment to Suicide of Women (Sec. 305/306 IPC) - I - Col.(9), Abetment to Suicide of Women (Sec. 305/306 IPC) - V - Col.(10), Abetment to Suicide of Women (Sec. 305/306 IPC) - R - Col.(11), Miscarriage (Sec.313 and 314 IPC) - I - Col.(12), Miscarriage (Sec.313 and 314 IPC) - V - Col.(13), Miscarriage (Sec.313 and 314 IPC) - R - Col.(14), Acid Attack (Sec. 326A IPC) - I - Col.(15), Acid Attack (Sec. 326A IPC) - V - Col.(16), Acid Attack (Sec. 326A IPC) - R - Col.(17), Attempt to Acid Attack (Sec. 326B IPC) - I - Col.(18), Attempt to Acid Attack (Sec. 326B IPC) - V - Col.(19), Attempt to Acid Attack (Sec. 326B IPC) - R - Col.(20), Cruelty by Husband or his relatives (Sec.498 A IPC) - I - Col.(21), Cruelty by Husband or his relatives (Sec.498 A IPC) - V - Col.(22), Cruelty by Husband or his relatives (Sec.498 A IPC) - R - Col.(23), Kidnapping and Abduction of Women - Kidnapping and Abduction of Women (Total) - I - Col.(24), Kidnapping and Abduction of Women - Kidnapping and Abduction of Women (Total) - V - Col.(25), Kidnapping and Abduction of Women - Kidnapping and Abduction of Women (Total) - R - Col.(26), Kidnapping and Abduction of Women - Kidnapping and Abduction (Sec. 363 IPC) - I - Col.(27), Kidnapping and Abduction of Women - Kidnapping and Abduction (Sec. 363 IPC) - V - Col.(28), Kidnapping and Abduction of Women - Kidnapping and Abduction (Sec. 363 IPC) - R - Col.(29), Kidnapping and Abduction of Women - Kidnapping and Abduction in order to Murder (Sec.364 IPC) - I - Col.(30), Kidnapping and Abduction of Women - Kidnapping and Abduction in order to Murder (Sec.364 IPC) - V - Col.(31)",58,"Miscarriage (Sec.313 and 314 IPC) - I - Col.(12), Miscarriage (Sec.313 and 314 IPC) - V - Col.(13), Miscarriage (Sec.313 and 314 IPC) - R - Col.(14), Kidnapping and Abduction of Women - Kidnapping and Abduction of Women to compel her for marriage (Sec. 366 IPC) - KandA of Women to compel her for marriage (Total) - I - Col.(36), Kidnapping and Abduction of Women - Kidnapping and Abduction of Women to compel her for marriage (Sec. 366 IPC) - KandA of Women to compel her for marriage (Total) - V - Col.(37), Kidnapping and Abduction of Women - Kidnapping and Abduction of Women to compel her for marriage (Sec. 366 IPC) - KandA of Women to compel her for marriage (Total) - R - Col.(38), Kidnapping and Abduction of Women - Kidnapping and Abduction of Women to compel her for marriage (Sec. 366 IPC) - a) Women (Above 18 yrs) - I - Col.(39), Kidnapping and Abduction of Women - Kidnapping and Abduction of Women to compel her for marriage (Sec. 366 IPC) - a) Women (Above 18 yrs) - V - Col.(40), Kidnapping and Abduction of Women - Kidnapping and Abduction of Women to compel her for marriage (Sec. 366 IPC) - a) Women (Above 18 yrs) - R - Col.(41), Kidnapping and Abduction of Women - Kidnapping and Abduction of Women to compel her for marriage (Sec. 366 IPC)b) Girls (Below 18 yrs) - I - Col.(42), Assault on Women with Intent to Outrage her Modesty (Sec. 354 IPC) - Assault on Women with Intent to Outrage her Modesty (Total) - I - Col.(81), Assault on Women with Intent to Outrage her Modesty (Sec. 354 IPC) - Assault on Women with Intent to Outrage her Modesty (Total) - V - Col.(82), Assault on Women with Intent to Outrage her Modesty (Sec. 354 IPC) - Assault on Women with Intent to Outrage her Modesty (Total) - R - Col.(83), Assault on Women with Intent to Outrage her Modesty (Sec. 354 IPC) - A) Women (18 Yrs. And above) - I - Col.(84), Assault on Women with Intent to Outrage her Modesty (Sec. 354 IPC) - A) Women (18 Yrs. And above) - V - Col.(85), Assault on Women with Intent to Outrage her Modesty (Sec. 354 IPC) - A) Women (18 Yrs. And above) - R - Col.(86), Assault on Women with Intent to Outrage her Modesty (Sec. 354 IPC) - B) Girls (Below 18 yrs) - I - Col.(87), Assault on Women with Intent to Outrage her Modesty (Sec. 354 IPC) - B) Girls (Below 18 yrs) - V - Col.(88), Assault on Women with Intent to Outrage her Modesty (Sec. 354 IPC) - B) Girls (Below 18 yrs) - R - Col.(89), Immoral Traffic (Prevention) Act 1956 (Women Victims cases only) - Immoral Traffic (Prevention) Act, 1956 (Total) - I - Col.(105)","Sl. No., City, Murder with Rape/Gang - Rape - I - Col.(3), Murder with Rape/Gang - Rape - V - Col.(4), Murder with Rape/Gang - Rape - R - Col.(5), Dowry Deaths (Sec. 304B IPC) - I - Col.(6), Dowry Deaths (Sec. 304B IPC) - V - Col.(7), Dowry Deaths (Sec. 304B IPC) - R - Col.(8), Abetment to Suicide of Women (Sec. 305/306 IPC) - I - Col.(9), Abetment to Suicide of Women (Sec. 305/306 IPC) - V - Col.(10), Abetment to Suicide of Women (Sec. 305/306 IPC) - R - Col.(11), Miscarriage (Sec.313 and 314 IPC) - I - Col.(12), Miscarriage (Sec.313 and 314 IPC) - V - Col.(13), Miscarriage (Sec.313 and 314 IPC) - R - Col.(14), Acid Attack (Sec. 326A IPC) - I - Col.(15), Acid Attack (Sec. 326A IPC) - V - Col.(16), Acid Attack (Sec. 326A IPC) - R - Col.(17), Attempt to Acid Attack (Sec. 326B IPC) - I - Col.(18), Attempt to Acid Attack (Sec. 326B IPC) - V - Col.(19), Attempt to Acid Attack (Sec. 326B IPC) - R - Col.(20)",63,B - Useful for Model 1,very small file; city-level data; some year trend; multiple crime categories; good numeric columns
17_Case_reported_and_value_of_property_taken_away_by_place_of_occurrence_2013.csv,datasets\raw\17_Case_reported_and_value_of_property_taken_away_by_place_of_occurrence_2013.csv,Sheet1,385,11,0.0,True,False,False,False,False,True,2013.0,2013.0,1,8,"Dacoity (Section 395-398 IPC) - Number of cases registered, Dacoity (Section 395-398 IPC) - Value Of Property Stolen (in rupees), Robbery(Section 392-394, 397, 398 IPC) - Number of cases registered, Robbery(Section 392-394, 397, 398 IPC) - Value Of Property Stolen (in rupees), Burglary(Section 449-452, 454, 455, 457-460 IPC) - Number of cases registered, Burglary(Section 449-452, 454, 455, 457-460 IPC) - Value Of Property Stolen (in rupees), Theft (Section 379-382 IPC) - Number of cases registered, Theft (Section 379-382 IPC) - Value Of Property Stolen (in rupees)",STATE/UT,YEAR,9,"YEAR, Dacoity (Section 395-398 IPC) - Number of cases registered, Dacoity (Section 395-398 IPC) - Value Of Property Stolen (in rupees), Robbery(Section 392-394, 397, 398 IPC) - Number of cases registered, Robbery(Section 392-394, 397, 398 IPC) - Value Of Property Stolen (in rupees), Burglary(Section 449-452, 454, 455, 457-460 IPC) - Number of cases registered, Burglary(Section 449-452, 454, 455, 457-460 IPC) - Value Of Property Stolen (in rupees), Theft (Section 379-382 IPC) - Number of cases registered, Theft (Section 379-382 IPC) - Value Of Property Stolen (in rupees)",0,,"STATE/UT, YEAR, Place Of Occurrence, Dacoity (Section 395-398 IPC) - Number of cases registered, Dacoity (Section 395-398 IPC) - Value Of Property Stolen (in rupees), Robbery(Section 392-394, 397, 398 IPC) - Number of cases registered, Robbery(Section 392-394, 397, 398 IPC) - Value Of Property Stolen (in rupees), Burglary(Section 449-452, 454, 455, 457-460 IPC) - Number of cases registered, Burglary(Section 449-452, 454, 455, 457-460 IPC) - Value Of Property Stolen (in rupees), Theft (Section 379-382 IPC) - Number of cases registered, Theft (Section 379-382 IPC) - Value Of Property Stolen (in rupees)",61,B - Useful for Model 1,small but usable; state-level data; has time field; multiple crime categories; good numeric columns
NCRB_Table_3A.2.csv,datasets\raw\NCRB_Table_3A.2.csv,Sheet1,39,164,0.0,True,False,False,False,False,False,1956.0,1986.0,3,145,"Murder with Rape/Gang Rape - I - Col.(3), Murder with Rape/Gang Rape - V - Col.(4), Murder with Rape/Gang Rape - R - Col.(5), Dowry Deaths (Sec. 304B IPC) - I - Col.(6), Dowry Deaths (Sec. 304B IPC) - V - Col.(7), Dowry Deaths (Sec. 304B IPC) - R - Col.(8), Abetment to Suicide of Women (Sec. 305/306 IPC) - I - Col.(9), Abetment to Suicide of Women (Sec. 305/306 IPC) - V - Col.(10), Abetment to Suicide of Women (Sec. 305/306 IPC) - R - Col.(11), Miscarriage (Sec. 313 and 314 IPC) - I - Col.(12), Miscarriage (Sec. 313 and 314 IPC) - V - Col.(13), Miscarriage (Sec. 313 and 314 IPC) - R - Col.(14), Acid Attack (Sec. 326A IPC) - I - Col.(15), Acid Attack (Sec. 326A IPC) - V - Col.(16), Acid Attack (Sec. 326A IPC) - R - Col.(17), Attempt to Acid Attack (Sec. 326B IPC) - I - Col.(18), Attempt to Acid Attack (Sec. 326B IPC) - V - Col.(19), Attempt to Acid Attack (Sec. 326B IPC) - R - Col.(20), Cruelty by Husband or his relatives (Sec. 498 A IPC) - I - Col.(21), Cruelty by Husband or his relatives (Sec. 498 A IPC) - V - Col.(22), Cruelty by Husband or his relatives (Sec. 498 A IPC) - R - Col.(23), Kidnapping and Abduction of Women - Kidnapping and Abduction of Women (Total) - I - Col.(24), Kidnapping and Abduction of Women - Kidnapping and Abduction of Women (Total) - V - Col.(25), Kidnapping and Abduction of Women - Kidnapping and Abduction of Women (Total) - R - Col.(26), Kidnapping and Abduction of Women - Kidnapping and Abduction (Sec. 363 IPC) - I - Col.(27), Kidnapping and Abduction of Women - Kidnapping and Abduction (Sec. 363 IPC) - V - Col.(28), Kidnapping and Abduction of Women - Kidnapping and Abduction (Sec. 363 IPC) - R - Col.(29), Kidnapping and Abduction of Women - Kidnapping and Abduction in order to Murder (Sec.364 IPC) - I - Col.(30), Kidnapping and Abduction of Women - Kidnapping and Abduction in order to Murder (Sec.364 IPC) - V - Col.(31), Kidnapping and Abduction of Women - Kidnapping and Abduction in order to Murder (Sec.364 IPC) - R - Col.(32)","State/UT, Cruelty by Husband or his relatives (Sec. 498 A IPC) - I - Col.(21), Cruelty by Husband or his relatives (Sec. 498 A IPC) - V - Col.(22), Cruelty by Husband or his relatives (Sec. 498 A IPC) - R - Col.(23), Assault on Women with Intent to Outrage her Modesty (Sec. 354 IPC) - Assault on Women with Intent to Outrage her Modesty (Total) - I - Col.(81), Assault on Women with Intent to Outrage her Modesty (Sec. 354 IPC) - Assault on Women with Intent to Outrage her Modesty (Total) - V - Col.(82), Assault on Women with Intent to Outrage her Modesty (Sec. 354 IPC) - Assault on Women with Intent to Outrage her Modesty (Total) - R - Col.(83), Assault on Women with Intent to Outrage her Modesty (Sec. 354 IPC) - A) Women (18 Yrs. And above)- I - Col.(84), Assault on Women with Intent to Outrage her Modesty (Sec. 354 IPC) - A) Women (18 Yrs. And above)- V - Col.(85), Assault on Women with Intent to Outrage her Modesty (Sec. 354 IPC) - A) Women (18 Yrs. And above)- R - Col.(86), Assault on Women with Intent to Outrage her Modesty (Sec. 354 IPC) - B) Girls (Below 18 yrs) - I - Col.(87), Assault on Women with Intent to Outrage her Modesty (Sec. 354 IPC) - B) Girls (Below 18 yrs) - V - Col.(88), Assault on Women with Intent to Outrage her Modesty (Sec. 354 IPC) - B) Girls (Below 18 yrs) - R - Col.(89), Immoral Traffic (Prevention) Act, 1956 (Women Victims cases only) - A) Procuring, inducing Children for the sake of prostitution (Sec. 5) - I - Col.(108), Immoral Traffic (Prevention) Act, 1956 (Women Victims cases only) - A) Procuring, inducing Children for the sake of prostitution (Sec. 5) - V - Col.(109), Immoral Traffic (Prevention) Act, 1956 (Women Victims cases only) - A) Procuring, inducing Children for the sake of prostitution (Sec. 5) - R - Col.(110), Immoral Traffic (Prevention) Act, 1956 (Women Victims cases only) - B) Detaining a person in premises where prostitution is carried on (Sec. 6) - I - Col.(111), Immoral Traffic (Prevention) Act, 1956 (Women Victims cases only) - B) Detaining a person in premises where prostitution is carried on (Sec. 6) - V - Col.(112), Immoral Traffic (Prevention) Act, 1956 (Women Victims cases only) - B) Detaining a person in premises where prostitution is carried on (Sec. 6) - R - Col.(113), Immoral Traffic (Prevention) Act, 1956 (Women Victims cases only)C) Prostitution in or in the vicinity of public places (Section 7) - I - Col.(114)",,163,"Sl. No., Murder with Rape/Gang Rape - I - Col.(3), Murder with Rape/Gang Rape - V - Col.(4), Murder with Rape/Gang Rape - R - Col.(5), Dowry Deaths (Sec. 304B IPC) - I - Col.(6), Dowry Deaths (Sec. 304B IPC) - V - Col.(7), Dowry Deaths (Sec. 304B IPC) - R - Col.(8), Abetment to Suicide of Women (Sec. 305/306 IPC) - I - Col.(9), Abetment to Suicide of Women (Sec. 305/306 IPC) - V - Col.(10), Abetment to Suicide of Women (Sec. 305/306 IPC) - R - Col.(11), Miscarriage (Sec. 313 and 314 IPC) - I - Col.(12), Miscarriage (Sec. 313 and 314 IPC) - V - Col.(13), Miscarriage (Sec. 313 and 314 IPC) - R - Col.(14), Acid Attack (Sec. 326A IPC) - I - Col.(15), Acid Attack (Sec. 326A IPC) - V - Col.(16), Acid Attack (Sec. 326A IPC) - R - Col.(17), Attempt to Acid Attack (Sec. 326B IPC) - I - Col.(18), Attempt to Acid Attack (Sec. 326B IPC) - V - Col.(19), Attempt to Acid Attack (Sec. 326B IPC) - R - Col.(20), Cruelty by Husband or his relatives (Sec. 498 A IPC) - I - Col.(21), Cruelty by Husband or his relatives (Sec. 498 A IPC) - V - Col.(22), Cruelty by Husband or his relatives (Sec. 498 A IPC) - R - Col.(23), Kidnapping and Abduction of Women - Kidnapping and Abduction of Women (Total) - I - Col.(24), Kidnapping and Abduction of Women - Kidnapping and Abduction of Women (Total) - V - Col.(25), Kidnapping and Abduction of Women - Kidnapping and Abduction of Women (Total) - R - Col.(26), Kidnapping and Abduction of Women - Kidnapping and Abduction (Sec. 363 IPC) - I - Col.(27), Kidnapping and Abduction of Women - Kidnapping and Abduction (Sec. 363 IPC) - V - Col.(28), Kidnapping and Abduction of Women - Kidnapping and Abduction (Sec. 363 IPC) - R - Col.(29), Kidnapping and Abduction of Women - Kidnapping and Abduction in order to Murder (Sec.364 IPC) - I - Col.(30), Kidnapping and Abduction of Women - Kidnapping and Abduction in order to Murder (Sec.364 IPC) - V - Col.(31)",47,"Miscarriage (Sec. 313 and 314 IPC) - I - Col.(12), Miscarriage (Sec. 313 and 314 IPC) - V - Col.(13), Miscarriage (Sec. 313 and 314 IPC) - R - Col.(14), Kidnapping and Abduction of Women - Kidnapping and Abduction of Women to compel her for marriage (Sec. 366 IPC) - KandA of Women to compel her for marriage (Total) - I - Col.(36), Kidnapping and Abduction of Women - Kidnapping and Abduction of Women to compel her for marriage (Sec. 366 IPC) - KandA of Women to compel her for marriage (Total) - V - Col.(37), Kidnapping and Abduction of Women - Kidnapping and Abduction of Women to compel her for marriage (Sec. 366 IPC) - KandA of Women to compel her for marriage (Total) - R - Col.(38), Kidnapping and Abduction of Women - Kidnapping and Abduction of Women to compel her for marriage (Sec. 366 IPC) - a) Women (Above 18 yrs) - I - Col.(39), Kidnapping and Abduction of Women - Kidnapping and Abduction of Women to compel her for marriage (Sec. 366 IPC) - a) Women (Above 18 yrs) - V - Col.(40), Kidnapping and Abduction of Women - Kidnapping and Abduction of Women to compel her for marriage (Sec. 366 IPC) - a) Women (Above 18 yrs) - R - Col.(41), Kidnapping and Abduction of Women - K and A of Women to compel her for marriage (Sec. 366 IPC) - b) Girls (Below 18 yrs) - I - Col.(42), Kidnapping and Abduction of Women - K and A of Women to compel her for marriage (Sec. 366 IPC) - b) Girls (Below 18 yrs) - V - Col.(43), Kidnapping and Abduction of Women - K and A of Women to compel her for marriage (Sec. 366 IPC) - b) Girls (Below 18 yrs) - R - Col.(44), Assault on Women with Intent to Outrage her Modesty (Sec. 354 IPC) - Assault on Women with Intent to Outrage her Modesty (Total) - I - Col.(81), Assault on Women with Intent to Outrage her Modesty (Sec. 354 IPC) - Assault on Women with Intent to Outrage her Modesty (Total) - V - Col.(82), Assault on Women with Intent to Outrage her Modesty (Sec. 354 IPC) - Assault on Women with Intent to Outrage her Modesty (Total) - R - Col.(83), Assault on Women with Intent to Outrage her Modesty (Sec. 354 IPC) - A) Women (18 Yrs. And above)- I - Col.(84), Assault on Women with Intent to Outrage her Modesty (Sec. 354 IPC) - A) Women (18 Yrs. And above)- V - Col.(85), Assault on Women with Intent to Outrage her Modesty (Sec. 354 IPC) - A) Women (18 Yrs. And above)- R - Col.(86), Assault on Women with Intent to Outrage her Modesty (Sec. 354 IPC) - B) Girls (Below 18 yrs) - I - Col.(87), Assault on Women with Intent to Outrage her Modesty (Sec. 354 IPC) - B) Girls (Below 18 yrs) - V - Col.(88)","Sl. No., State/UT, Murder with Rape/Gang Rape - I - Col.(3), Murder with Rape/Gang Rape - V - Col.(4), Murder with Rape/Gang Rape - R - Col.(5), Dowry Deaths (Sec. 304B IPC) - I - Col.(6), Dowry Deaths (Sec. 304B IPC) - V - Col.(7), Dowry Deaths (Sec. 304B IPC) - R - Col.(8), Abetment to Suicide of Women (Sec. 305/306 IPC) - I - Col.(9), Abetment to Suicide of Women (Sec. 305/306 IPC) - V - Col.(10), Abetment to Suicide of Women (Sec. 305/306 IPC) - R - Col.(11), Miscarriage (Sec. 313 and 314 IPC) - I - Col.(12), Miscarriage (Sec. 313 and 314 IPC) - V - Col.(13), Miscarriage (Sec. 313 and 314 IPC) - R - Col.(14), Acid Attack (Sec. 326A IPC) - I - Col.(15), Acid Attack (Sec. 326A IPC) - V - Col.(16), Acid Attack (Sec. 326A IPC) - R - Col.(17), Attempt to Acid Attack (Sec. 326B IPC) - I - Col.(18), Attempt to Acid Attack (Sec. 326B IPC) - V - Col.(19), Attempt to Acid Attack (Sec. 326B IPC) - R - Col.(20)",60,B - Useful for Model 1,very small file; state-level data; some year trend; multiple crime categories; good numeric columns
Table_5.3-2015.csv,datasets\raw\Table_5.3-2015.csv,Sheet1,39,33,0.0,True,False,False,False,False,True,1951.0,2018.0,3,28,"Incest Rape - Number of Cases Reported, Number of Victims under Incest Rape Cases - Below 6 Years, Number of Victims under Incest Rape Cases - 6 Years & Above - Below 12 Years, Number of Victims under Incest Rape Cases - 12 Years & Above  Below 16 Years, Number of Victims under Incest Rape Cases - 16 Years & Above  Below 18 Years, Number of Victims under Incest Rape Cases - 18 Years & Above  Below 30 Years, Number of Victims under Incest Rape Cases - 30 Years & Above  Below 45 Years, Number of Victims under Incest Rape Cases - 45 Years & Above  Below 60 Years, Number of Victims under Incest Rape Cases - 60 Years & Above, Number of Victims under Incest Rape Cases - Total Victims, Number of Victims under Other than Incest Rape Cases - Below 6 Years, Number of Victims under Other than Incest Rape Cases - 6 Years & Above - Below 12 Years, Number of Victims under Other than Incest Rape Cases - 12 Years & Above  Below 16 Years, Number of Victims under Other than Incest Rape Cases - 16 Years & Above  Below 18 Years, Number of Victims under Other than Incest Rape Cases - 18 Years & Above  Below 30 Years, Number of Victims under Other than Incest Rape Cases - 30 Years & Above  Below 45 Years, Number of Victims under Other than Incest Rape Cases - 45 Years & Above  Below 60 Years, Number of Victims under Other than Incest Rape Cases - 60 Years & Above, Number of Victims under Other than Incest Rape Cases - Total Victims, Number of Victims (Total Rape Cases) - Below 6 Years, Number of Victims (Total Rape Cases) - 6 Years & Above - Below 12 Years, Number of Victims (Total Rape Cases) - 12 Years & Above  Below 16 Years, Number of Victims (Total Rape Cases) - 16 Years & Above  Below 18 Years, Number of Victims (Total Rape Cases) - 18 Years & Above  Below 30 Years, Number of Victims (Total Rape Cases) - 30 Years & Above  Below 45 Years, Number of Victims (Total Rape Cases) - 45 Years & Above  Below 60 Years, Number of Victims (Total Rape Cases) - 60 Years & Above, Number of Victims (Total Rape Cases) - Total Victims",State/UT,"Number of Victims under Incest Rape Cases - Below 6 Years, Number of Victims under Incest Rape Cases - 6 Years & Above - Below 12 Years, Number of Victims under Incest Rape Cases - 12 Years & Above  Below 16 Years, Number of Victims under Incest Rape Cases - 16 Years & Above  Below 18 Years, Number of Victims under Incest Rape Cases - 18 Years & Above  Below 30 Years, Number of Victims under Incest Rape Cases - 30 Years & Above  Below 45 Years, Number of Victims under Incest Rape Cases - 45 Years & Above  Below 60 Years, Number of Victims under Incest Rape Cases - 60 Years & Above, Number of Victims under Other than Incest Rape Cases - Below 6 Years, Number of Victims under Other than Incest Rape Cases - 6 Years & Above - Below 12 Years, Number of Victims under Other than Incest Rape Cases - 12 Years & Above  Below 16 Years, Number of Victims under Other than Incest Rape Cases - 16 Years & Above  Below 18 Years, Number of Victims under Other than Incest Rape Cases - 18 Years & Above  Below 30 Years, Number of Victims under Other than Incest Rape Cases - 30 Years & Above  Below 45 Years, Number of Victims under Other than Incest Rape Cases - 45 Years & Above  Below 60 Years",31,"S.No., Incest Rape - Number of Cases Reported, Number of Victims under Incest Rape Cases - Below 6 Years, Number of Victims under Incest Rape Cases - 6 Years & Above - Below 12 Years, Number of Victims under Incest Rape Cases - 12 Years & Above  Below 16 Years, Number of Victims under Incest Rape Cases - 16 Years & Above  Below 18 Years, Number of Victims under Incest Rape Cases - 18 Years & Above  Below 30 Years, Number of Victims under Incest Rape Cases - 30 Years & Above  Below 45 Years, Number of Victims under Incest Rape Cases - 45 Years & Above  Below 60 Years, Number of Victims under Incest Rape Cases - 60 Years & Above, Number of Victims under Incest Rape Cases - Total Victims, Number of Cases Reported, Number of Victims under Other than Incest Rape Cases - Below 6 Years, Number of Victims under Other than Incest Rape Cases - 6 Years & Above - Below 12 Years, Number of Victims under Other than Incest Rape Cases - 12 Years & Above  Below 16 Years, Number of Victims under Other than Incest Rape Cases - 16 Years & Above  Below 18 Years, Number of Victims under Other than Incest Rape Cases - 18 Years & Above  Below 30 Years, Number of Victims under Other than Incest Rape Cases - 30 Years & Above  Below 45 Years, Number of Victims under Other than Incest Rape Cases - 45 Years & Above  Below 60 Years, Number of Victims under Other than Incest Rape Cases - 60 Years & Above, Number of Victims under Other than Incest Rape Cases - Total Victims, Number of Cases Reported.1, Number of Victims (Total Rape Cases) - Below 6 Years, Number of Victims (Total Rape Cases) - 6 Years & Above - Below 12 Years, Number of Victims (Total Rape Cases) - 12 Years & Above  Below 16 Years, Number of Victims (Total Rape Cases) - 16 Years & Above  Below 18 Years, Number of Victims (Total Rape Cases) - 18 Years & Above  Below 30 Years, Number of Victims (Total Rape Cases) - 30 Years & Above  Below 45 Years, Number of Victims (Total Rape Cases) - 45 Years & Above  Below 60 Years, Number of Victims (Total Rape Cases) - 60 Years & Above",27,"Number of Victims under Incest Rape Cases - Below 6 Years, Number of Victims under Incest Rape Cases - 6 Years & Above - Below 12 Years, Number of Victims under Incest Rape Cases - 12 Years & Above  Below 16 Years, Number of Victims under Incest Rape Cases - 16 Years & Above  Below 18 Years, Number of Victims under Incest Rape Cases - 18 Years & Above  Below 30 Years, Number of Victims under Incest Rape Cases - 30 Years & Above  Below 45 Years, Number of Victims under Incest Rape Cases - 45 Years & Above  Below 60 Years, Number of Victims under Incest Rape Cases - 60 Years & Above, Number of Victims under Incest Rape Cases - Total Victims, Number of Victims under Other than Incest Rape Cases - Below 6 Years, Number of Victims under Other than Incest Rape Cases - 6 Years & Above - Below 12 Years, Number of Victims under Other than Incest Rape Cases - 12 Years & Above  Below 16 Years, Number of Victims under Other than Incest Rape Cases - 16 Years & Above  Below 18 Years, Number of Victims under Other than Incest Rape Cases - 18 Years & Above  Below 30 Years, Number of Victims under Other than Incest Rape Cases - 30 Years & Above  Below 45 Years, Number of Victims under Other than Incest Rape Cases - 45 Years & Above  Below 60 Years, Number of Victims under Other than Incest Rape Cases - 60 Years & Above, Number of Victims under Other than Incest Rape Cases - Total Victims, Number of Victims (Total Rape Cases) - Below 6 Years, Number of Victims (Total Rape Cases) - 6 Years & Above - Below 12 Years","S.No., Category, State/UT, Incest Rape - Number of Cases Reported, Number of Victims under Incest Rape Cases - Below 6 Years, Number of Victims under Incest Rape Cases - 6 Years & Above - Below 12 Years, Number of Victims under Incest Rape Cases - 12 Years & Above  Below 16 Years, Number of Victims under Incest Rape Cases - 16 Years & Above  Below 18 Years, Number of Victims under Incest Rape Cases - 18 Years & Above  Below 30 Years, Number of Victims under Incest Rape Cases - 30 Years & Above  Below 45 Years, Number of Victims under Incest Rape Cases - 45 Years & Above  Below 60 Years, Number of Victims under Incest Rape Cases - 60 Years & Above, Number of Victims under Incest Rape Cases - Total Victims, Number of Cases Reported, Number of Victims under Other than Incest Rape Cases - Below 6 Years, Number of Victims under Other than Incest Rape Cases - 6 Years & Above - Below 12 Years, Number of Victims under Other than Incest Rape Cases - 12 Years & Above  Below 16 Years, Number of Victims under Other than Incest Rape Cases - 16 Years & Above  Below 18 Years, Number of Victims under Other than Incest Rape Cases - 18 Years & Above  Below 30 Years, Number of Victims under Other than Incest Rape Cases - 30 Years & Above  Below 45 Years",60,B - Useful for Model 1,very small file; state-level data; some year trend; multiple crime categories; good numeric columns
28_Trial_of_violent_crimes_by_courts.csv,datasets\raw\28_Trial_of_violent_crimes_by_courts.csv,Sheet1,4473,7,4.27,False,False,False,False,False,True,2001.0,2010.0,10,3,"Trial_of_Violent_Crimes_by_Courts_By_Confession, Trial_of_Violent_Crimes_by_Courts_By_trial, Trial_of_Violent_Crimes_by_Courts_Total",Area_Name,Year,4,"Year, Trial_of_Violent_Crimes_by_Courts_By_Confession, Trial_of_Violent_Crimes_by_Courts_By_trial, Trial_of_Violent_Crimes_by_Courts_Total",3,"Trial_of_Violent_Crimes_by_Courts_By_Confession, Trial_of_Violent_Crimes_by_Courts_By_trial, Trial_of_Violent_Crimes_by_Courts_Total","Area_Name, Year, Group_Name, Sub_Group_Name, Trial_of_Violent_Crimes_by_Courts_By_Confession, Trial_of_Violent_Crimes_by_Courts_By_trial, Trial_of_Violent_Crimes_by_Courts_Total",57,B - Useful for Model 1,medium row count; no strong location column; multi-year data; some crime categories; some numeric columns
30_Auto_theft.csv,datasets\raw\30_Auto_theft.csv,Sheet1,1865,7,2.86,False,False,False,False,False,True,2001.0,2010.0,10,3,"Auto_Theft_Coordinated/Traced, Auto_Theft_Recovered, Auto_Theft_Stolen","Area_Name, Auto_Theft_Coordinated/Traced, Auto_Theft_Recovered, Auto_Theft_Stolen",Year,4,"Year, Auto_Theft_Coordinated/Traced, Auto_Theft_Recovered, Auto_Theft_Stolen",0,,"Area_Name, Year, Group_Name, Sub_Group_Name, Auto_Theft_Coordinated/Traced, Auto_Theft_Recovered, Auto_Theft_Stolen",57,B - Useful for Model 1,medium row count; no strong location column; multi-year data; some crime categories; some numeric columns
04_02_Person_arrested_and_their_disposal_by_police_and_court_IPC_crime_2014.csv,datasets\raw\04_02_Person_arrested_and_their_disposal_by_police_and_court_IPC_crime_2014.csv,Sheet1,3432,57,0.0,True,False,False,False,False,True,1900.0,2100.0,170,1,Crime Head,States/UTs,"Year, Persons in custody during inv stage at beginning of Year_Male, Persons in custody during inv stage at beginning of Year_Female, Persons in custody during inv stage at beginning of Year_Total, Persons on bail during inv stage at beginning of Year_Male, Persons on bail during inv stage at beginning of Year_Female, Persons on bail during inv stage at beginning of Year_Total, Persons arrested during the year_Male, Persons arrested during the year_Female, Persons arrested during the year_Total, Persons in custody during inv stage at year end_Male, Persons in custody during inv stage at year end_Female, Persons in custody during inv stage at year end_Total, Persons on Bail during inv stage at year end_Male, Persons on Bail during inv stage at Year end_Female",55,"Year, Persons in custody during inv stage at beginning of Year_Male, Persons in custody during inv stage at beginning of Year_Female, Persons in custody during inv stage at beginning of Year_Total, Persons on bail during inv stage at beginning of Year_Male, Persons on bail during inv stage at beginning of Year_Female, Persons on bail during inv stage at beginning of Year_Total, Persons arrested during the year_Male, Persons arrested during the year_Female, Persons arrested during the year_Total, Persons released or freed before trial for want of evidence_Male, Persons released or freed before trial for want of evidence_Fem, Persons released or freed before trial for want of evidence_Tot, Persons in custody during inv stage at year end_Male, Persons in custody during inv stage at year end_Female, Persons in custody during inv stage at year end_Total, Persons on Bail during inv stage at year end_Male, Persons on Bail during inv stage at Year end_Female, Persons on Bail during inv stage at year end_Total, Persons charge sheeted_Male, Persons charge sheeted_Female, Persons charge sheeted_Total, Persons in custody during trial stage at begin of year_Male, Persons in custody during trial stage at begin of year_Female, Persons in custody during trial stage at begin of year_Total, Persons on Bail during trial stage at begin of year_Male, Persons on Bail during trial stage at begin of year_Female, Persons on Bail during trial stage at begin of year_Total, Total number of persons under Trial_Male, Total number of persons under Trial_Female",45,"Persons in custody during inv stage at beginning of Year_Male, Persons in custody during inv stage at beginning of Year_Female, Persons in custody during inv stage at beginning of Year_Total, Persons on bail during inv stage at beginning of Year_Male, Persons on bail during inv stage at beginning of Year_Female, Persons on bail during inv stage at beginning of Year_Total, Persons arrested during the year_Male, Persons arrested during the year_Female, Persons arrested during the year_Total, Persons released or freed before trial for want of evidence_Male, Persons released or freed before trial for want of evidence_Fem, Persons released or freed before trial for want of evidence_Tot, Persons in custody during inv stage at year end_Male, Persons in custody during inv stage at year end_Female, Persons in custody during inv stage at year end_Total, Persons on Bail during inv stage at year end_Male, Persons on Bail during inv stage at Year end_Female, Persons on Bail during inv stage at year end_Total, Persons charge sheeted_Male, Persons charge sheeted_Female","States/UTs, Crime Head, Year, Persons in custody during inv stage at beginning of Year_Male, Persons in custody during inv stage at beginning of Year_Female, Persons in custody during inv stage at beginning of Year_Total, Persons on bail during inv stage at beginning of Year_Male, Persons on bail during inv stage at beginning of Year_Female, Persons on bail during inv stage at beginning of Year_Total, Persons arrested during the year_Male, Persons arrested during the year_Female, Persons arrested during the year_Total, Persons released or freed before trial for want of evidence_Male, Persons released or freed before trial for want of evidence_Fem, Persons released or freed before trial for want of evidence_Tot, Persons in custody during inv stage at year end_Male, Persons in custody during inv stage at year end_Female, Persons in custody during inv stage at year end_Total, Persons on Bail during inv stage at year end_Male, Persons on Bail during inv stage at Year end_Female",55,B - Useful for Model 1,medium row count; state-level data; multi-year data; only one crime category; good numeric columns; mostly supporting/profile/legal-process data
04_01_Person_arrested_and_their_disposal_by_police_and_court_SLL_crime_2014.csv,datasets\raw\04_01_Person_arrested_and_their_disposal_by_police_and_court_SLL_crime_2014.csv,Sheet1,2730,57,0.0,True,False,False,False,False,True,1901.0,2094.0,67,1,Crime Head,States/UTs,"Year, Persons in custody during inv stage at beginning of Year_Male, Persons in custody during inv stage at beginning of Year_Female, Persons in custody during inv stage at beginning of Year_Total, Persons on bail during inv stage at beginning of Year_Male, Persons on bail during inv stage at beginning of Year_Female, Persons on bail during inv stage at beginning of Year_Total, Persons arrested during the year_Male, Persons arrested during the year_Female, Persons arrested during the year_Total, Persons in custody during inv stage at year end_Male, Persons in custody during inv stage at year end_Female, Persons in custody during inv stage at year end_Total, Persons on Bail during inv stage at year end_Male, Persons on Bail during inv stage at Year end_Female",55,"Year, Persons in custody during inv stage at beginning of Year_Male, Persons in custody during inv stage at beginning of Year_Female, Persons in custody during inv stage at beginning of Year_Total, Persons on bail during inv stage at beginning of Year_Male, Persons on bail during inv stage at beginning of Year_Female, Persons on bail during inv stage at beginning of Year_Total, Persons arrested during the year_Male, Persons arrested during the year_Female, Persons arrested during the year_Total, Persons released or freed before trial for want of evidence_Male, Persons released or freed before trial for want of evidence_Fem, Persons released or freed before trial for want of evidence_Tot, Persons in custody during inv stage at year end_Male, Persons in custody during inv stage at year end_Female, Persons in custody during inv stage at year end_Total, Persons on Bail during inv stage at year end_Male, Persons on Bail during inv stage at Year end_Female, Persons on Bail during inv stage at year end_Total, Persons charge sheeted_Male, Persons charge sheeted_Female, Persons charge sheeted_Total, Persons in custody during trial stage at begin of year_Male, Persons in custody during trial stage at begin of year_Female, Persons in custody during trial stage at begin of year_Total, Persons on Bail during trial stage at begin of year_Male, Persons on Bail during trial stage at begin of year_Female, Persons on Bail during trial stage at begin of year_Total, Total number of persons under Trial_Male, Total number of persons under Trial_Female",45,"Persons in custody during inv stage at beginning of Year_Male, Persons in custody during inv stage at beginning of Year_Female, Persons in custody during inv stage at beginning of Year_Total, Persons on bail during inv stage at beginning of Year_Male, Persons on bail during inv stage at beginning of Year_Female, Persons on bail during inv stage at beginning of Year_Total, Persons arrested during the year_Male, Persons arrested during the year_Female, Persons arrested during the year_Total, Persons released or freed before trial for want of evidence_Male, Persons released or freed before trial for want of evidence_Fem, Persons released or freed before trial for want of evidence_Tot, Persons in custody during inv stage at year end_Male, Persons in custody during inv stage at year end_Female, Persons in custody during inv stage at year end_Total, Persons on Bail during inv stage at year end_Male, Persons on Bail during inv stage at Year end_Female, Persons on Bail during inv stage at year end_Total, Persons charge sheeted_Male, Persons charge sheeted_Female","States/UTs, Crime Head, Year, Persons in custody during inv stage at beginning of Year_Male, Persons in custody during inv stage at beginning of Year_Female, Persons in custody during inv stage at beginning of Year_Total, Persons on bail during inv stage at beginning of Year_Male, Persons on bail during inv stage at beginning of Year_Female, Persons on bail during inv stage at beginning of Year_Total, Persons arrested during the year_Male, Persons arrested during the year_Female, Persons arrested during the year_Total, Persons released or freed before trial for want of evidence_Male, Persons released or freed before trial for want of evidence_Fem, Persons released or freed before trial for want of evidence_Tot, Persons in custody during inv stage at year end_Male, Persons in custody during inv stage at year end_Female, Persons in custody during inv stage at year end_Total, Persons on Bail during inv stage at year end_Male, Persons on Bail during inv stage at Year end_Female",55,B - Useful for Model 1,medium row count; state-level data; multi-year data; only one crime category; good numeric columns; mostly supporting/profile/legal-process data
03_Persons_arrested_and_their_disposal_by_police_and_court_under_crime_against_children_2014.csv,datasets\raw\03_Persons_arrested_and_their_disposal_by_police_and_court_under_crime_against_children_2014.csv,Sheet1,2028,57,0.0,True,False,False,False,False,True,1908.0,2100.0,37,1,Crime Head,States/UTs,"Year, Persons in custody during inv stage at beginning of Year_Male, Persons in custody during inv stage at beginning of Year_Female, Persons in custody during inv stage at beginning of Year_Total, Persons on bail during inv stage at beginning of Year_Male, Persons on bail during inv stage at beginning of Year_Female, Persons on bail during inv stage at beginning of Year_Total, Persons arrested during the year_Male, Persons arrested during the year_Female, Persons arrested during the year_Total, Persons in custody during inv stage at year end_Male, Persons in custody during inv stage at year end_Female, Persons in custody during inv stage at year end_Total, Persons on Bail during inv stage at year end_Male, Persons on Bail during inv stage at Year end_Female",55,"Year, Persons in custody during inv stage at beginning of Year_Male, Persons in custody during inv stage at beginning of Year_Female, Persons in custody during inv stage at beginning of Year_Total, Persons on bail during inv stage at beginning of Year_Male, Persons on bail during inv stage at beginning of Year_Female, Persons on bail during inv stage at beginning of Year_Total, Persons arrested during the year_Male, Persons arrested during the year_Female, Persons arrested during the year_Total, Persons released or freed before trial for want of evidence_Male, Persons released or freed before trial for want of evidence_Fem, Persons released or freed before trial for want of evidence_Tot, Persons in custody during inv stage at year end_Male, Persons in custody during inv stage at year end_Female, Persons in custody during inv stage at year end_Total, Persons on Bail during inv stage at year end_Male, Persons on Bail during inv stage at Year end_Female, Persons on Bail during inv stage at year end_Total, Persons charge sheeted_Male, Persons charge sheeted_Female, Persons charge sheeted_Total, Persons in custody during trial stage at begin of year_Male, Persons in custody during trial stage at begin of year_Female, Persons in custody during trial stage at begin of year_Total, Persons on Bail during trial stage at begin of year_Male, Persons on Bail during trial stage at begin of year_Female, Persons on Bail during trial stage at begin of year_Total, Total number of persons under Trial_Male, Total number of persons under Trial_Female",45,"Persons in custody during inv stage at beginning of Year_Male, Persons in custody during inv stage at beginning of Year_Female, Persons in custody during inv stage at beginning of Year_Total, Persons on bail during inv stage at beginning of Year_Male, Persons on bail during inv stage at beginning of Year_Female, Persons on bail during inv stage at beginning of Year_Total, Persons arrested during the year_Male, Persons arrested during the year_Female, Persons arrested during the year_Total, Persons released or freed before trial for want of evidence_Male, Persons released or freed before trial for want of evidence_Fem, Persons released or freed before trial for want of evidence_Tot, Persons in custody during inv stage at year end_Male, Persons in custody during inv stage at year end_Female, Persons in custody during inv stage at year end_Total, Persons on Bail during inv stage at year end_Male, Persons on Bail during inv stage at Year end_Female, Persons on Bail during inv stage at year end_Total, Persons charge sheeted_Male, Persons charge sheeted_Female","States/UTs, Crime Head, Year, Persons in custody during inv stage at beginning of Year_Male, Persons in custody during inv stage at beginning of Year_Female, Persons in custody during inv stage at beginning of Year_Total, Persons on bail during inv stage at beginning of Year_Male, Persons on bail during inv stage at beginning of Year_Female, Persons on bail during inv stage at beginning of Year_Total, Persons arrested during the year_Male, Persons arrested during the year_Female, Persons arrested during the year_Total, Persons released or freed before trial for want of evidence_Male, Persons released or freed before trial for want of evidence_Fem, Persons released or freed before trial for want of evidence_Tot, Persons in custody during inv stage at year end_Male, Persons in custody during inv stage at year end_Female, Persons in custody during inv stage at year end_Total, Persons on Bail during inv stage at year end_Male, Persons on Bail during inv stage at Year end_Female",55,B - Useful for Model 1,medium row count; state-level data; multi-year data; only one crime category; good numeric columns; mostly supporting/profile/legal-process data
04_02_Person_arrested_and_their_disposal_by_police_and_court_IPC_crime_2012.csv,datasets\raw\04_02_Person_arrested_and_their_disposal_by_police_and_court_IPC_crime_2012.csv,Sheet1,1140,14,0.0,True,False,False,False,False,True,1902.0,2097.0,82,1,CRIME HEAD,STATE/UT,"Persons in custody or on bail during the stage of investigation at the beginning of the year, Persons arrested during the year, Persons in custody or on bail during the stage of investigation at the end of the year, Persons in whose cases charge sheets were laid during the year, Persons under trial at the beginning of the year, Total number of persons under trial during the year, Persons in custody or on bail during the stage of trial at the end of the year, Persons in whose cases trials were completed during the year",12,"Persons in custody or on bail during the stage of investigation at the beginning of the year, Persons arrested during the year, Persons released or freed by Police or Magistrate before trial for want of evidence or any other reason, Persons in custody or on bail during the stage of investigation at the end of the year, Persons in whose cases charge sheets were laid during the year, Persons under trial at the beginning of the year, Total number of persons under trial during the year, Persons against whom cases were compounded or withdrawn, Persons in custody or on bail during the stage of trial at the end of the year, Persons in whose cases trials were completed during the year, Persons convicted, Persons acquitted",9,"Persons in custody or on bail during the stage of investigation at the beginning of the year, Persons arrested during the year, Persons released or freed by Police or Magistrate before trial for want of evidence or any other reason, Persons in custody or on bail during the stage of investigation at the end of the year, Persons in whose cases charge sheets were laid during the year, Persons under trial at the beginning of the year, Total number of persons under trial during the year, Persons in custody or on bail during the stage of trial at the end of the year, Persons in whose cases trials were completed during the year","STATE/UT, CRIME HEAD, Persons in custody or on bail during the stage of investigation at the beginning of the year, Persons arrested during the year, Persons released or freed by Police or Magistrate before trial for want of evidence or any other reason, Persons in custody or on bail during the stage of investigation at the end of the year, Persons in whose cases charge sheets were laid during the year, Persons under trial at the beginning of the year, Total number of persons under trial during the year, Persons against whom cases were compounded or withdrawn, Persons in custody or on bail during the stage of trial at the end of the year, Persons in whose cases trials were completed during the year, Persons convicted, Persons acquitted",55,B - Useful for Model 1,medium row count; state-level data; multi-year data; only one crime category; good numeric columns; mostly supporting/profile/legal-process data
04_02_Person_arrested_and_their_disposal_by_police_and_court_IPC_crime_2013.csv,datasets\raw\04_02_Person_arrested_and_their_disposal_by_police_and_court_IPC_crime_2013.csv,Sheet1,1140,14,0.0,True,False,False,False,False,True,1902.0,2099.0,86,1,CRIME HEAD,STATE/UT,"Persons in custody or on bail during the stage of investigation at the beginning of the year, Persons arrested during the year, Persons in custody or on bail during the stage of investigation at the end of the year, Persons in whose cases charge sheets were laid during the year, Persons under trial at the beginning of the year, Total number of persons under trial during the year, Persons in custody or on bail during the stage of trial at the end of the year, Persons in whose cases trials were completed during the year",12,"Persons in custody or on bail during the stage of investigation at the beginning of the year, Persons arrested during the year, Persons released or freed by Police or Magistrate before trial for want of evidence or any other reason, Persons in custody or on bail during the stage of investigation at the end of the year, Persons in whose cases charge sheets were laid during the year, Persons under trial at the beginning of the year, Total number of persons under trial during the year, Persons against whom cases were compounded or withdrawn, Persons in custody or on bail during the stage of trial at the end of the year, Persons in whose cases trials were completed during the year, Persons convicted, Persons acquitted",9,"Persons in custody or on bail during the stage of investigation at the beginning of the year, Persons arrested during the year, Persons released or freed by Police or Magistrate before trial for want of evidence or any other reason, Persons in custody or on bail during the stage of investigation at the end of the year, Persons in whose cases charge sheets were laid during the year, Persons under trial at the beginning of the year, Total number of persons under trial during the year, Persons in custody or on bail during the stage of trial at the end of the year, Persons in whose cases trials were completed during the year","STATE/UT, CRIME HEAD, Persons in custody or on bail during the stage of investigation at the beginning of the year, Persons arrested during the year, Persons released or freed by Police or Magistrate before trial for want of evidence or any other reason, Persons in custody or on bail during the stage of investigation at the end of the year, Persons in whose cases charge sheets were laid during the year, Persons under trial at the beginning of the year, Total number of persons under trial during the year, Persons against whom cases were compounded or withdrawn, Persons in custody or on bail during the stage of trial at the end of the year, Persons in whose cases trials were completed during the year, Persons convicted, Persons acquitted",55,B - Useful for Model 1,medium row count; state-level data; multi-year data; only one crime category; good numeric columns; mostly supporting/profile/legal-process data
04_01_Person_arrested_and_their_disposal_by_police_and_court_SLL_crime_2012.csv,datasets\raw\04_01_Person_arrested_and_their_disposal_by_police_and_court_SLL_crime_2012.csv,Sheet1,1026,14,0.01,True,False,False,False,False,True,1904.0,2094.0,39,1,CRIME HEAD,STATE/UT,"Persons in custody or on bail during the stage of investigation at the beginning of the year, Persons arrested during the year, Persons in custody or on bail during the stage of investigation at the end of the year, Persons in whose cases charge sheets were laid during the year, Persons under trial at the beginning of the year, Total number of persons under trial during the year, Persons in custody or on bail during the stage of trial at the end of the year, Persons in whose cases trials were completed during the year",12,"Persons in custody or on bail during the stage of investigation at the beginning of the year, Persons arrested during the year, Persons released or freed by Police or Magistrate before trial for want of evidence or any other reason, Persons in custody or on bail during the stage of investigation at the end of the year, Persons in whose cases charge sheets were laid during the year, Persons under trial at the beginning of the year, Total number of persons under trial during the year, Persons against whom cases were compounded or withdrawn, Persons in custody or on bail during the stage of trial at the end of the year, Persons in whose cases trials were completed during the year, Persons convicted, Persons acquitted",9,"Persons in custody or on bail during the stage of investigation at the beginning of the year, Persons arrested during the year, Persons released or freed by Police or Magistrate before trial for want of evidence or any other reason, Persons in custody or on bail during the stage of investigation at the end of the year, Persons in whose cases charge sheets were laid during the year, Persons under trial at the beginning of the year, Total number of persons under trial during the year, Persons in custody or on bail during the stage of trial at the end of the year, Persons in whose cases trials were completed during the year","STATE/UT, CRIME HEAD, Persons in custody or on bail during the stage of investigation at the beginning of the year, Persons arrested during the year, Persons released or freed by Police or Magistrate before trial for want of evidence or any other reason, Persons in custody or on bail during the stage of investigation at the end of the year, Persons in whose cases charge sheets were laid during the year, Persons under trial at the beginning of the year, Total number of persons under trial during the year, Persons against whom cases were compounded or withdrawn, Persons in custody or on bail during the stage of trial at the end of the year, Persons in whose cases trials were completed during the year, Persons convicted, Persons acquitted",55,B - Useful for Model 1,medium row count; state-level data; multi-year data; only one crime category; good numeric columns; mostly supporting/profile/legal-process data
40_05_Custodial_death_others.csv,datasets\raw\40_05_Custodial_death_others.csv,Sheet1,233,10,9.18,False,False,False,False,False,True,2001.0,2010.0,10,3,"CD_Accidents, CD_By_Mob_AttackRiots, CD_IllnessNatural_Death",Area_Name,Year,7,"Year, CD_Accidents, CD_By_Mob_AttackRiots, CD_By_other_Criminals, CD_By_Suicide, CD_IllnessNatural_Death, CD_While_Escaping_from_Custody",0,,"Area_Name, Year, Group_Name, Sub_Group_Name, CD_Accidents, CD_By_Mob_AttackRiots, CD_By_other_Criminals, CD_By_Suicide, CD_IllnessNatural_Death, CD_While_Escaping_from_Custody",55,B - Useful for Model 1,small but usable; no strong location column; multi-year data; some crime categories; good numeric columns
40_02_Custodial_death_person_not_remanded.csv,datasets\raw\40_02_Custodial_death_person_not_remanded.csv,Sheet1,228,11,5.26,False,False,False,False,False,True,2001.0,2010.0,10,2,"CD_Deaths_Reported, CD_No_of_Cases_registered_in_connection_with_deaths","Area_Name, CD_No_of_Autopsy_conducted",Year,8,"Year, CD_Deaths_Reported, CD_No_of_Autopsy_conducted, CD_No_of_Cases_registered_in_connection_with_deaths, CD_No_of_Judicial_enquiry_orderedconducted, CD_No_of_Magisterial_enquiry_orderedconducted, CD_No_of_Policemen_Charge_sheeted, CD_No_of_Policemen_Convicted",1,CD_No_of_Policemen_Charge_sheeted,"Area_Name, Year, Group_Name, Sub_Group_Name, CD_Deaths_Reported, CD_No_of_Autopsy_conducted, CD_No_of_Cases_registered_in_connection_with_deaths, CD_No_of_Judicial_enquiry_orderedconducted, CD_No_of_Magisterial_enquiry_orderedconducted, CD_No_of_Policemen_Charge_sheeted, CD_No_of_Policemen_Convicted",55,B - Useful for Model 1,small but usable; no strong location column; multi-year data; some crime categories; good numeric columns
40_01_Custodial_death_person_remanded.csv,datasets\raw\40_01_Custodial_death_person_remanded.csv,Sheet1,211,11,4.83,False,False,False,False,False,True,2001.0,2010.0,10,2,"CD_Deaths_Reported, CD_No_of_Cases_registered_in_connection_with_deaths","Area_Name, CD_No_of_Autopsy_conducted",Year,8,"Year, CD_Deaths_Reported, CD_No_of_Autopsy_conducted, CD_No_of_Cases_registered_in_connection_with_deaths, CD_No_of_Judicial_enquiry_orderedconducted, CD_No_of_Magisterial_enquiry_orderedconducted, CD_No_of_Policemen_Charge_sheeted, CD_No_of_Policemen_Convicted",1,CD_No_of_Policemen_Charge_sheeted,"Area_Name, Year, Group_Name, Sub_Group_Name, CD_Deaths_Reported, CD_No_of_Autopsy_conducted, CD_No_of_Cases_registered_in_connection_with_deaths, CD_No_of_Judicial_enquiry_orderedconducted, CD_No_of_Magisterial_enquiry_orderedconducted, CD_No_of_Policemen_Charge_sheeted, CD_No_of_Policemen_Convicted",55,B - Useful for Model 1,small but usable; no strong location column; multi-year data; some crime categories; good numeric columns
40_03_Custodial_death_during_production.csv,datasets\raw\40_03_Custodial_death_during_production.csv,Sheet1,204,11,3.52,False,False,False,False,False,True,2001.0,2010.0,10,2,"CD_Deaths_Reported, CD_No_of_Cases_registered_in_connection_with_deaths","Area_Name, CD_No_of_Autopsy_conducted",Year,8,"Year, CD_Deaths_Reported, CD_No_of_Autopsy_conducted, CD_No_of_Cases_registered_in_connection_with_deaths, CD_No_of_Judicial_enquiry_orderedconducted, CD_No_of_Magisterial_enquiry_orderedconducted, CD_No_of_Policemen_Charge_sheeted, CD_No_of_Policemen_Convicted",1,CD_No_of_Policemen_Charge_sheeted,"Area_Name, Year, Group_Name, Sub_Group_Name, CD_Deaths_Reported, CD_No_of_Autopsy_conducted, CD_No_of_Cases_registered_in_connection_with_deaths, CD_No_of_Judicial_enquiry_orderedconducted, CD_No_of_Magisterial_enquiry_orderedconducted, CD_No_of_Policemen_Charge_sheeted, CD_No_of_Policemen_Convicted",55,B - Useful for Model 1,small but usable; no strong location column; multi-year data; some crime categories; good numeric columns
NCRB_Table_3A.3 (1).csv,datasets\raw\NCRB_Table_3A.3 (1).csv,Sheet1,40,14,0.18,True,False,False,False,False,True,1970.0,1970.0,1,10,"Child Victims of Rape (Below 18 Yrs) - Below 6 Years - Col.(4), Child Victims of Rape (Below 18 Yrs) - 6 Years and Above - Below 12 Years - Col.(5), Child Victims of Rape (Below 18 Yrs) - 12 Years and Above - Below 16 Years - Col.(6), Child Victims of Rape (Below 18 Yrs) - 16 Years and Above - Below 18 Years - Col.(7), Child Victims of Rape (Below 18 Yrs) - Total Girl / Child Victims - Col.(8), Women Victims of Rape (Above 18 Years) - 18 Years and Above - Below 30 Years - Col.(9), Women Victims of Rape (Above 18 Years) - 30 Years and Above - Below 45 Years - Col.(10), Women Victims of Rape (Above 18 Years) - 45 Years and Above - Below 60 Years - Col.(11), Women Victims of Rape (Above 18 Years) - 60 Years and Above - Col.(12), Women Victims of Rape (Above 18 Years) - Total Women / Adult Victims - Col.(13)",State/UT,"Child Victims of Rape (Below 18 Yrs) - Below 6 Years - Col.(4), Child Victims of Rape (Below 18 Yrs) - 6 Years and Above - Below 12 Years - Col.(5), Child Victims of Rape (Below 18 Yrs) - 12 Years and Above - Below 16 Years - Col.(6), Child Victims of Rape (Below 18 Yrs) - 16 Years and Above - Below 18 Years - Col.(7), Women Victims of Rape (Above 18 Years) - 18 Years and Above - Below 30 Years - Col.(9), Women Victims of Rape (Above 18 Years) - 30 Years and Above - Below 45 Years - Col.(10), Women Victims of Rape (Above 18 Years) - 45 Years and Above - Below 60 Years - Col.(11), Women Victims of Rape (Above 18 Years) - 60 Years and Above - Col.(12), Women Victims of Rape (Above 18 Years) - Total Women / Adult Victims - Col.(13)",13,"Sl. No., Cases Reported - Col.(3), Child Victims of Rape (Below 18 Yrs) - Below 6 Years - Col.(4), Child Victims of Rape (Below 18 Yrs) - 6 Years and Above - Below 12 Years - Col.(5), Child Victims of Rape (Below 18 Yrs) - 12 Years and Above - Below 16 Years - Col.(6), Child Victims of Rape (Below 18 Yrs) - 16 Years and Above - Below 18 Years - Col.(7), Child Victims of Rape (Below 18 Yrs) - Total Girl / Child Victims - Col.(8), Women Victims of Rape (Above 18 Years) - 18 Years and Above - Below 30 Years - Col.(9), Women Victims of Rape (Above 18 Years) - 30 Years and Above - Below 45 Years - Col.(10), Women Victims of Rape (Above 18 Years) - 45 Years and Above - Below 60 Years - Col.(11), Women Victims of Rape (Above 18 Years) - 60 Years and Above - Col.(12), Women Victims of Rape (Above 18 Years) - Total Women / Adult Victims - Col.(13), Total Victims (Col.8+Col.13) - Col.(14)",11,"Child Victims of Rape (Below 18 Yrs) - Below 6 Years - Col.(4), Child Victims of Rape (Below 18 Yrs) - 6 Years and Above - Below 12 Years - Col.(5), Child Victims of Rape (Below 18 Yrs) - 12 Years and Above - Below 16 Years - Col.(6), Child Victims of Rape (Below 18 Yrs) - 16 Years and Above - Below 18 Years - Col.(7), Child Victims of Rape (Below 18 Yrs) - Total Girl / Child Victims - Col.(8), Women Victims of Rape (Above 18 Years) - 18 Years and Above - Below 30 Years - Col.(9), Women Victims of Rape (Above 18 Years) - 30 Years and Above - Below 45 Years - Col.(10), Women Victims of Rape (Above 18 Years) - 45 Years and Above - Below 60 Years - Col.(11), Women Victims of Rape (Above 18 Years) - 60 Years and Above - Col.(12), Women Victims of Rape (Above 18 Years) - Total Women / Adult Victims - Col.(13), Total Victims (Col.8+Col.13) - Col.(14)","Sl. No., State/UT, Cases Reported - Col.(3), Child Victims of Rape (Below 18 Yrs) - Below 6 Years - Col.(4), Child Victims of Rape (Below 18 Yrs) - 6 Years and Above - Below 12 Years - Col.(5), Child Victims of Rape (Below 18 Yrs) - 12 Years and Above - Below 16 Years - Col.(6), Child Victims of Rape (Below 18 Yrs) - 16 Years and Above - Below 18 Years - Col.(7), Child Victims of Rape (Below 18 Yrs) - Total Girl / Child Victims - Col.(8), Women Victims of Rape (Above 18 Years) - 18 Years and Above - Below 30 Years - Col.(9), Women Victims of Rape (Above 18 Years) - 30 Years and Above - Below 45 Years - Col.(10), Women Victims of Rape (Above 18 Years) - 45 Years and Above - Below 60 Years - Col.(11), Women Victims of Rape (Above 18 Years) - 60 Years and Above - Col.(12), Women Victims of Rape (Above 18 Years) - Total Women / Adult Victims - Col.(13), Total Victims (Col.8+Col.13) - Col.(14)",53,C - Supporting / dashboard only,very small file; state-level data; has time field; multiple crime categories; good numeric columns
17_Crime_by_place_of_occurrence_2014.csv,datasets\raw\17_Crime_by_place_of_occurrence_2014.csv,Sheet1,39,82,0.0,True,False,False,False,False,True,2014.0,2014.0,1,80,"Residence_Dacoity_Cases reported, Residence_Dacoity_Value of property stolen, Residence_Robbery_Cases reported, Residence_Robbery_Value of property stolen, Residence_Burglary_Cases reported, Residence_Burglary_Value of property stolen, Residence_Theft_Cases reported, Residence_Theft_Value of property stolen, Highways_Dacoity_Cases reported, Highways_Dacoity_Value of property stolen, Highways_Robbery_Cases reported, Highways_Robbery_Value of property stolen, Highways_Burglary_Cases reported, Highways_Burglary_Value of property stolen, Highways_Theft_Cases reported, Highways_Theft_Value of property stolen, RiverOrSea_Dacoity_Cases reported, RiverOrSea_Dacoity_Value of property stolen, RiverOrSea_Robbery_Cases reported, RiverOrSea_Robbery_Value of property stolen, RiverOrSea_Burglary_Cases reported, RiverOrSea_Burglary_Value of property stolen, RiverOrSea_Theft_Cases reported, RiverOrSea_Theft_Value of property stolen, Railways_Dacoity_Cases reported, Railways_Dacoity_Value of property stolen, Railways_Robbery_Cases reported, Railways_Robbery_Value of property stolen, Railways_Burglary_Cases reported, Railways_Burglary_Value of property stolen",States/UTs,Year,81,"Year, Residence_Dacoity_Cases reported, Residence_Dacoity_Value of property stolen, Residence_Robbery_Cases reported, Residence_Robbery_Value of property stolen, Residence_Burglary_Cases reported, Residence_Burglary_Value of property stolen, Residence_Theft_Cases reported, Residence_Theft_Value of property stolen, Highways_Dacoity_Cases reported, Highways_Dacoity_Value of property stolen, Highways_Robbery_Cases reported, Highways_Robbery_Value of property stolen, Highways_Burglary_Cases reported, Highways_Burglary_Value of property stolen, Highways_Theft_Cases reported, Highways_Theft_Value of property stolen, RiverOrSea_Dacoity_Cases reported, RiverOrSea_Dacoity_Value of property stolen, RiverOrSea_Robbery_Cases reported, RiverOrSea_Robbery_Value of property stolen, RiverOrSea_Burglary_Cases reported, RiverOrSea_Burglary_Value of property stolen, RiverOrSea_Theft_Cases reported, RiverOrSea_Theft_Value of property stolen, Railways_Dacoity_Cases reported, Railways_Dacoity_Value of property stolen, Railways_Robbery_Cases reported, Railways_Robbery_Value of property stolen, Railways_Burglary_Cases reported",0,,"States/UTs, Year, Residence_Dacoity_Cases reported, Residence_Dacoity_Value of property stolen, Residence_Robbery_Cases reported, Residence_Robbery_Value of property stolen, Residence_Burglary_Cases reported, Residence_Burglary_Value of property stolen, Residence_Theft_Cases reported, Residence_Theft_Value of property stolen, Highways_Dacoity_Cases reported, Highways_Dacoity_Value of property stolen, Highways_Robbery_Cases reported, Highways_Robbery_Value of property stolen, Highways_Burglary_Cases reported, Highways_Burglary_Value of property stolen, Highways_Theft_Cases reported, Highways_Theft_Value of property stolen, RiverOrSea_Dacoity_Cases reported, RiverOrSea_Dacoity_Value of property stolen",53,C - Supporting / dashboard only,very small file; state-level data; has time field; multiple crime categories; good numeric columns
NCRB_Table_3A.11.csv,datasets\raw\NCRB_Table_3A.11.csv,Sheet1,39,29,0.0,True,False,False,False,False,True,,,0,24,"Punishment for Rape - Sec.376 and 376 (I), Rape in Custody - Section 376 (2) - Rape in Custody (Total), Rape in Custody - Section 376 (2) - By Police Personnel - Sec.376 (2) (a), Rape in Custody - Section 376 (2) - By Public Servant - Sec.376(2) (b), Rape in Custody - Section 376 (2) - By Member of Armed Forces - Sec.376(2) (c), Rape in Custody - Section 376 (2) - By Management/Staff of Jail/Remand Home/Place of Custody - Sec.376 (2) (d) -, Rape in Custody - Section 376 (2) - By Management/ Staff of Hospital - Sec.376 (2) (e), Rape in Custody - Section 376 (2) - Rape Other than Custodial (Total), Rape in Custody - Section 376 (2) - By Relative/ Guardian / Teacher/ Person in position of trust - Sec.376 (2) (f), Rape in Custody - Section 376 (2) - On Pregnant Women - Sec.376 (2) (h), Rape in Custody - Section 376 (2) - On Women Below 16 years of age - Sec.376(2) (i), Rape in Custody - Section 376 (2) - On Women Incapable of giving Consent - Sec.376 (2) (j), Rape in Custody - Section 376 (2) - By Persons in Control or Dominance over women - Sec.376 (2) (k), Other Than Custodial Rape - Section 376 (2) - On Women with Mental or Physical disability - Sec.376 (2) (l), Other Than Custodial Rape - Section 376 (2) - Endanger life of Women after Rape - Sec.376 (2) (m), Other Than Custodial Rape - Section 376 (2) - Repeated Rape on same women - Sec.376 (2) (n), Other Than Custodial Rape - Section 376 (2) - Other Custodial Rapes, Punishment upto 20 years extended to life for Rape (Below 16 Yrs) - Sec.376 (3), Punishment for causing Death - Sec.376 (A), Rape of Girl Below 12 Yrs (Imprisonment for life till death) - Sec.376(AB), Gang Rape - Sec.376 (D), Rape/Gang Rape of Girl Below 16 Yrs (Imprisonment for life till death) - Sec.376 (DA), Rape/Gang Rape of Girl Below 12 Yrs (Imprisonment for life till death) - Sec.376 (DB), Rape (Total) - Sec.376 IPC","State/UT, Rape in Custody - Section 376 (2) - By Relative/ Guardian / Teacher/ Person in position of trust - Sec.376 (2) (f), By Person in Authority - Sec.376 (C)","Rape in Custody - Section 376 (2) - On Women Below 16 years of age - Sec.376(2) (i), Punishment upto 20 years extended to life for Rape (Below 16 Yrs) - Sec.376 (3)",28,"Sl. No., Punishment for Rape - Sec.376 and 376 (I), Rape in Custody - Section 376 (2) - Rape in Custody (Total), Rape in Custody - Section 376 (2) - By Police Personnel - Sec.376 (2) (a), Rape in Custody - Section 376 (2) - By Public Servant - Sec.376(2) (b), Rape in Custody - Section 376 (2) - By Member of Armed Forces - Sec.376(2) (c), Rape in Custody - Section 376 (2) - By Management/Staff of Jail/Remand Home/Place of Custody - Sec.376 (2) (d) -, Rape in Custody - Section 376 (2) - By Management/ Staff of Hospital - Sec.376 (2) (e), Rape in Custody - Section 376 (2) - Rape Other than Custodial (Total), Rape in Custody - Section 376 (2) - By Relative/ Guardian / Teacher/ Person in position of trust - Sec.376 (2) (f), Rape in Custody - Section 376 (2) - On Pregnant Women - Sec.376 (2) (h), Rape in Custody - Section 376 (2) - On Women Below 16 years of age - Sec.376(2) (i), Rape in Custody - Section 376 (2) - On Women Incapable of giving Consent - Sec.376 (2) (j), Rape in Custody - Section 376 (2) - By Persons in Control or Dominance over women - Sec.376 (2) (k), Other Than Custodial Rape - Section 376 (2) - On Women with Mental or Physical disability - Sec.376 (2) (l), Other Than Custodial Rape - Section 376 (2) - Endanger life of Women after Rape - Sec.376 (2) (m), Other Than Custodial Rape - Section 376 (2) - Repeated Rape on same women - Sec.376 (2) (n), Other Than Custodial Rape - Section 376 (2) - Other Custodial Rapes, Punishment upto 20 years extended to life for Rape (Below 16 Yrs) - Sec.376 (3), Punishment for causing Death - Sec.376 (A), By Separated husband - Sec.376 (B), Rape of Girl Below 12 Yrs (Imprisonment for life till death) - Sec.376(AB), By Person in Authority - Sec.376 (C), Gang Rape - Sec.376 (D), Rape/Gang Rape of Girl Below 16 Yrs (Imprisonment for life till death) - Sec.376 (DA), Rape/Gang Rape of Girl Below 12 Yrs (Imprisonment for life till death) - Sec.376 (DB), Punishment for Repeat offenders - Sec.376 (E), Rape (Total) - Sec.376 IPC",4,"Rape in Custody - Section 376 (2) - By Police Personnel - Sec.376 (2) (a), Rape in Custody - Section 376 (2) - By Management/Staff of Jail/Remand Home/Place of Custody - Sec.376 (2) (d) -, Rape in Custody - Section 376 (2) - By Management/ Staff of Hospital - Sec.376 (2) (e), Rape in Custody - Section 376 (2) - On Women Below 16 years of age - Sec.376(2) (i)","Sl. No., State/UT, Punishment for Rape - Sec.376 and 376 (I), Rape in Custody - Section 376 (2) - Rape in Custody (Total), Rape in Custody - Section 376 (2) - By Police Personnel - Sec.376 (2) (a), Rape in Custody - Section 376 (2) - By Public Servant - Sec.376(2) (b), Rape in Custody - Section 376 (2) - By Member of Armed Forces - Sec.376(2) (c), Rape in Custody - Section 376 (2) - By Management/Staff of Jail/Remand Home/Place of Custody - Sec.376 (2) (d) -, Rape in Custody - Section 376 (2) - By Management/ Staff of Hospital - Sec.376 (2) (e), Rape in Custody - Section 376 (2) - Rape Other than Custodial (Total), Rape in Custody - Section 376 (2) - By Relative/ Guardian / Teacher/ Person in position of trust - Sec.376 (2) (f), Rape in Custody - Section 376 (2) - On Pregnant Women - Sec.376 (2) (h), Rape in Custody - Section 376 (2) - On Women Below 16 years of age - Sec.376(2) (i), Rape in Custody - Section 376 (2) - On Women Incapable of giving Consent - Sec.376 (2) (j), Rape in Custody - Section 376 (2) - By Persons in Control or Dominance over women - Sec.376 (2) (k), Other Than Custodial Rape - Section 376 (2) - On Women with Mental or Physical disability - Sec.376 (2) (l), Other Than Custodial Rape - Section 376 (2) - Endanger life of Women after Rape - Sec.376 (2) (m), Other Than Custodial Rape - Section 376 (2) - Repeated Rape on same women - Sec.376 (2) (n), Other Than Custodial Rape - Section 376 (2) - Other Custodial Rapes, Punishment upto 20 years extended to life for Rape (Below 16 Yrs) - Sec.376 (3)",53,C - Supporting / dashboard only,very small file; state-level data; has time field; multiple crime categories; good numeric columns
17_Crime_by_place_of_occurrence_2013.csv,datasets\raw\17_Crime_by_place_of_occurrence_2013.csv,Sheet1,38,34,0.0,True,False,False,False,False,True,2013.0,2013.0,1,32,"RESIDENTIAL PREMISES - Dacoity, RESIDENTIAL PREMISES - Robbery, RESIDENTIAL PREMISES - Burglary, RESIDENTIAL PREMISES - Theft, HIGHWAYS - Dacoity, HIGHWAYS - Robbery, HIGHWAYS - Burglary, HIGHWAYS - Theft, RIVER and SEA - Dacoity, RIVER and SEA - Robbery, RIVER and SEA - Burglary, RIVER and SEA - Theft, RAILWAYS - Dacoity, RAILWAYS - Robbery, RAILWAYS - Burglary, RAILWAYS - Theft, BANKS - Dacoity, BANKS - Robbery, BANKS - Burglary, BANKS - Theft, COMMERCIAL ESTABLISHMENTS - Dacoity, COMMERCIAL ESTABLISHMENTS - Robbery, COMMERCIAL ESTABLISHMENTS - Burglary, COMMERCIAL ESTABLISHMENTS - Theft, OTHER PLACES - Dacoity, OTHER PLACES - Robbery, OTHER PLACES - Burglary, OTHER PLACES - Theft, TOTAL - Dacoity, TOTAL - Robbery",STATE/UT,YEAR,33,"YEAR, RESIDENTIAL PREMISES - Dacoity, RESIDENTIAL PREMISES - Robbery, RESIDENTIAL PREMISES - Burglary, RESIDENTIAL PREMISES - Theft, HIGHWAYS - Dacoity, HIGHWAYS - Robbery, HIGHWAYS - Burglary, HIGHWAYS - Theft, RIVER and SEA - Dacoity, RIVER and SEA - Robbery, RIVER and SEA - Burglary, RIVER and SEA - Theft, RAILWAYS - Dacoity, RAILWAYS - Robbery, RAILWAYS - Burglary, RAILWAYS - Theft, BANKS - Dacoity, BANKS - Robbery, BANKS - Burglary, BANKS - Theft, COMMERCIAL ESTABLISHMENTS - Dacoity, COMMERCIAL ESTABLISHMENTS - Robbery, COMMERCIAL ESTABLISHMENTS - Burglary, COMMERCIAL ESTABLISHMENTS - Theft, OTHER PLACES - Dacoity, OTHER PLACES - Robbery, OTHER PLACES - Burglary, OTHER PLACES - Theft, TOTAL - Dacoity",0,,"STATE/UT, YEAR, RESIDENTIAL PREMISES - Dacoity, RESIDENTIAL PREMISES - Robbery, RESIDENTIAL PREMISES - Burglary, RESIDENTIAL PREMISES - Theft, HIGHWAYS - Dacoity, HIGHWAYS - Robbery, HIGHWAYS - Burglary, HIGHWAYS - Theft, RIVER and SEA - Dacoity, RIVER and SEA - Robbery, RIVER and SEA - Burglary, RIVER and SEA - Theft, RAILWAYS - Dacoity, RAILWAYS - Robbery, RAILWAYS - Burglary, RAILWAYS - Theft, BANKS - Dacoity, BANKS - Robbery",53,C - Supporting / dashboard only,very small file; state-level data; has time field; multiple crime categories; good numeric columns
11_Property_stolen_and_recovered_nature_of_property.csv,datasets\raw\11_Property_stolen_and_recovered_nature_of_property.csv,Sheet1,4550,8,0.0,False,False,False,False,False,True,2001.0,2010.0,10,0,,Area_Name,Year,5,"Year, Cases_Property_Recovered, Cases_Property_Stolen, Value_of_Property_Recovered, Value_of_Property_Stolen",0,,"Area_Name, Year, Group_Name, Sub_Group_Name, Cases_Property_Recovered, Cases_Property_Stolen, Value_of_Property_Recovered, Value_of_Property_Stolen",50,C - Supporting / dashboard only,medium row count; no strong location column; multi-year data; no clear crime category columns; good numeric columns
12_Police_strength_actual_and_sanctioned.csv,datasets\raw\12_Police_strength_actual_and_sanctioned.csv,Sheet1,4188,16,0.0,False,False,False,False,False,True,2001.0,2010.0,10,0,,"Area_Name, Rank_SSPSPAddlSPCommandant",Year,13,"Year, Rank_All_Ranks_Total, Rank_ASI_Equivalent, Rank_ASPDySPAssttCommandant, Rank_Below_HC_and_Above_Constables, Rank_Constables, Rank_DGAddl_DG, Rank_DIG, Rank_Head_Constables, Rank_IGSplIG, Rank_Inspectors_Equivalent, Rank_SI_Equivalent, Rank_SSPSPAddlSPCommandant",0,,"Area_Name, Year, Group_Name, Sub_Group_Name, Rank_All_Ranks_Total, Rank_ASI_Equivalent, Rank_ASPDySPAssttCommandant, Rank_Below_HC_and_Above_Constables, Rank_Constables, Rank_DGAddl_DG, Rank_DIG, Rank_Head_Constables, Rank_IGSplIG, Rank_Inspectors_Equivalent, Rank_SI_Equivalent, Rank_SSPSPAddlSPCommandant",50,C - Supporting / dashboard only,medium row count; no strong location column; multi-year data; no clear crime category columns; good numeric columns
39_Specific_purpose_of_kidnapping_and_abduction.csv,datasets\raw\39_Specific_purpose_of_kidnapping_and_abduction.csv,Sheet1,3569,20,8.23,False,False,False,False,False,True,1997.0,2064.0,13,0,,Area_Name,"Year, K_A_Female_10_15_Years, K_A_Female_15_18_Years, K_A_Female_18_30_Years, K_A_Female_30_50_Years, K_A_Female_Above_50_Years, K_A_Female_Upto_10_Years, K_A_Male_10_15_Years, K_A_Male_15_18_Years, K_A_Male_18_30_Years, K_A_Male_30_50_Years, K_A_Male_Above_50_Years, K_A_Male_Upto_10_Years",17,"Year, K_A_Cases_Reported, K_A_Female_10_15_Years, K_A_Female_15_18_Years, K_A_Female_18_30_Years, K_A_Female_30_50_Years, K_A_Female_Above_50_Years, K_A_Female_Total, K_A_Female_Upto_10_Years, K_A_Grand_Total, K_A_Male_10_15_Years, K_A_Male_15_18_Years, K_A_Male_18_30_Years, K_A_Male_30_50_Years, K_A_Male_Above_50_Years, K_A_Male_Total, K_A_Male_Upto_10_Years",0,,"Area_Name, Year, Group_Name, Sub_Group_Name, K_A_Cases_Reported, K_A_Female_10_15_Years, K_A_Female_15_18_Years, K_A_Female_18_30_Years, K_A_Female_30_50_Years, K_A_Female_Above_50_Years, K_A_Female_Total, K_A_Female_Upto_10_Years, K_A_Grand_Total, K_A_Male_10_15_Years, K_A_Male_15_18_Years, K_A_Male_18_30_Years, K_A_Male_30_50_Years, K_A_Male_Above_50_Years, K_A_Male_Total, K_A_Male_Upto_10_Years",50,C - Supporting / dashboard only,medium row count; no strong location column; multi-year data; no clear crime category columns; good numeric columns
10_Property_stolen_and_recovered.csv,datasets\raw\10_Property_stolen_and_recovered.csv,Sheet1,2449,8,0.0,False,False,False,False,False,True,2001.0,2010.0,10,0,,Area_Name,Year,5,"Year, Cases_Property_Recovered, Cases_Property_Stolen, Value_of_Property_Recovered, Value_of_Property_Stolen",0,,"Area_Name, Year, Group_Name, Sub_Group_Name, Cases_Property_Recovered, Cases_Property_Stolen, Value_of_Property_Recovered, Value_of_Property_Stolen",50,C - Supporting / dashboard only,medium row count; no strong location column; multi-year data; no clear crime category columns; good numeric columns
29_Period_of_trials_by_courts.csv,datasets\raw\29_Period_of_trials_by_courts.csv,Sheet1,1786,11,2.09,False,False,False,False,False,True,1900.0,2100.0,81,0,,Area_Name,"Year, PT_1_3_Years, PT_3_5_Years, PT_5_10_Years, PT_6_12_Months, PT_Less_than_6_Months, PT_Over_10_Years",8,"Year, PT_1_3_Years, PT_3_5_Years, PT_5_10_Years, PT_6_12_Months, PT_Less_than_6_Months, PT_Over_10_Years, PT_Total",0,,"Area_Name, Year, Group_Name, Sub_Group_Name, PT_1_3_Years, PT_3_5_Years, PT_5_10_Years, PT_6_12_Months, PT_Less_than_6_Months, PT_Over_10_Years, PT_Total",50,C - Supporting / dashboard only,medium row count; no strong location column; multi-year data; no clear crime category columns; good numeric columns
16_Casualties_under_police_firing_and_lathi_charge.csv,datasets\raw\16_Casualties_under_police_firing_and_lathi_charge.csv,Sheet1,1749,8,0.0,False,False,False,False,False,True,2001.0,2010.0,10,0,,Area_Name,Year,6,"Year, Civilians_Injured, Civilians_Killed, No_of_Firings, Policemen_Injured, Policemen_Killed",0,,"Area_Name, Year, Group_Name, Civilians_Injured, Civilians_Killed, No_of_Firings, Policemen_Injured, Policemen_Killed",50,C - Supporting / dashboard only,medium row count; no strong location column; multi-year data; no clear crime category columns; good numeric columns
34_Use_of_fire_arms_in_murder_cases.csv,datasets\raw\34_Use_of_fire_arms_in_murder_cases.csv,Sheet1,284,5,1.34,False,False,False,False,False,True,2001.0,2010.0,10,3,"Victims_of_Murder_by_Fire_arms, Victims_of_Murder_by_Licensed_arms, Victims_of_Murder_by_Un_licensedImprovisedCrudeCountry_made_Arms_Etc",Area_Name,Year,4,"Year, Victims_of_Murder_by_Fire_arms, Victims_of_Murder_by_Licensed_arms, Victims_of_Murder_by_Un_licensedImprovisedCrudeCountry_made_Arms_Etc",3,"Victims_of_Murder_by_Fire_arms, Victims_of_Murder_by_Licensed_arms, Victims_of_Murder_by_Un_licensedImprovisedCrudeCountry_made_Arms_Etc","Area_Name, Year, Victims_of_Murder_by_Fire_arms, Victims_of_Murder_by_Licensed_arms, Victims_of_Murder_by_Un_licensedImprovisedCrudeCountry_made_Arms_Etc",50,C - Supporting / dashboard only,small but usable; no strong location column; multi-year data; some crime categories; some numeric columns
03_Persons_arrested_and_their_disposal_by_police_and_court_under_crime_against_children_2012.csv,datasets\raw\03_Persons_arrested_and_their_disposal_by_police_and_court_under_crime_against_children_2012.csv,Sheet1,494,14,0.0,True,False,False,False,False,True,1903.0,2066.0,13,1,CRIME HEAD,STATE/UT,"Persons in custody or on bail during the stage of investigation at the beginning of the year, Persons arrested during the year, Persons in custody or on bail during the stage of investigation at the end of the year, Persons in whose cases charge sheets were laid during the year, Persons under trial at the beginning of the year, Total number of persons under trial during the year, Persons in custody or on bail during the stage of trial at the end of the year, Persons in whose cases trials were completed during the year",12,"Persons in custody or on bail during the stage of investigation at the beginning of the year, Persons arrested during the year, Persons released or freed by Police or Magistrate before trial for want of evidence or any other reason, Persons in custody or on bail during the stage of investigation at the end of the year, Persons in whose cases charge sheets were laid during the year, Persons under trial at the beginning of the year, Total number of persons under trial during the year, Persons against whom cases were compounded or withdrawn, Persons in custody or on bail during the stage of trial at the end of the year, Persons in whose cases trials were completed during the year, Persons convicted, Persons acquitted",9,"Persons in custody or on bail during the stage of investigation at the beginning of the year, Persons arrested during the year, Persons released or freed by Police or Magistrate before trial for want of evidence or any other reason, Persons in custody or on bail during the stage of investigation at the end of the year, Persons in whose cases charge sheets were laid during the year, Persons under trial at the beginning of the year, Total number of persons under trial during the year, Persons in custody or on bail during the stage of trial at the end of the year, Persons in whose cases trials were completed during the year","STATE/UT, CRIME HEAD, Persons in custody or on bail during the stage of investigation at the beginning of the year, Persons arrested during the year, Persons released or freed by Police or Magistrate before trial for want of evidence or any other reason, Persons in custody or on bail during the stage of investigation at the end of the year, Persons in whose cases charge sheets were laid during the year, Persons under trial at the beginning of the year, Total number of persons under trial during the year, Persons against whom cases were compounded or withdrawn, Persons in custody or on bail during the stage of trial at the end of the year, Persons in whose cases trials were completed during the year, Persons convicted, Persons acquitted",48,C - Supporting / dashboard only,small but usable; state-level data; multi-year data; only one crime category; good numeric columns; mostly supporting/profile/legal-process data
03_Persons_arrested_and_their_disposal_by_police_and_court_under_crime_against_children_2013.csv,datasets\raw\03_Persons_arrested_and_their_disposal_by_police_and_court_under_crime_against_children_2013.csv,Sheet1,494,14,0.0,True,False,False,False,False,True,1926.0,2086.0,20,1,CRIME HEAD,STATE/UT,"Persons in custody or on bail during the stage of investigation at the beginning of the year, Persons arrested during the year, Persons in custody or on bail during the stage of investigation at the end of the year, Persons in whose cases charge sheets were laid during the year, Persons under trial at the beginning of the year, Total number of persons under trial during the year, Persons in custody or on bail during the stage of trial at the end of the year, Persons in whose cases trials were completed during the year",12,"Persons in custody or on bail during the stage of investigation at the beginning of the year, Persons arrested during the year, Persons released or freed by Police or Magistrate before trial for want of evidence or any other reason, Persons in custody or on bail during the stage of investigation at the end of the year, Persons in whose cases charge sheets were laid during the year, Persons under trial at the beginning of the year, Total number of persons under trial during the year, Persons against whom cases were compounded or withdrawn, Persons in custody or on bail during the stage of trial at the end of the year, Persons in whose cases trials were completed during the year, Persons convicted, Persons acquitted",9,"Persons in custody or on bail during the stage of investigation at the beginning of the year, Persons arrested during the year, Persons released or freed by Police or Magistrate before trial for want of evidence or any other reason, Persons in custody or on bail during the stage of investigation at the end of the year, Persons in whose cases charge sheets were laid during the year, Persons under trial at the beginning of the year, Total number of persons under trial during the year, Persons in custody or on bail during the stage of trial at the end of the year, Persons in whose cases trials were completed during the year","STATE/UT, CRIME HEAD, Persons in custody or on bail during the stage of investigation at the beginning of the year, Persons arrested during the year, Persons released or freed by Police or Magistrate before trial for want of evidence or any other reason, Persons in custody or on bail during the stage of investigation at the end of the year, Persons in whose cases charge sheets were laid during the year, Persons under trial at the beginning of the year, Total number of persons under trial during the year, Persons against whom cases were compounded or withdrawn, Persons in custody or on bail during the stage of trial at the end of the year, Persons in whose cases trials were completed during the year, Persons convicted, Persons acquitted",48,C - Supporting / dashboard only,small but usable; state-level data; multi-year data; only one crime category; good numeric columns; mostly supporting/profile/legal-process data
04_01_Person_arrested_and_their_disposal_by_police_and_court_SLL_crime_2013.csv,datasets\raw\04_01_Person_arrested_and_their_disposal_by_police_and_court_SLL_crime_2013.csv,Sheet1,418,14,0.0,True,False,False,False,False,True,1901.0,2093.0,12,1,CRIME HEAD,STATE/UT,"Persons in custody or on bail during the stage of investigation at the beginning of the year, Persons arrested during the year, Persons in custody or on bail during the stage of investigation at the end of the year, Persons in whose cases charge sheets were laid during the year, Persons under trial at the beginning of the year, Total number of persons under trial during the year, Persons in custody or on bail during the stage of trial at the end of the year, Persons in whose cases trials were completed during the year",12,"Persons in custody or on bail during the stage of investigation at the beginning of the year, Persons arrested during the year, Persons released or freed by Police or Magistrate before trial for want of evidence or any other reason, Persons in custody or on bail during the stage of investigation at the end of the year, Persons in whose cases charge sheets were laid during the year, Persons under trial at the beginning of the year, Total number of persons under trial during the year, Persons against whom cases were compounded or withdrawn, Persons in custody or on bail during the stage of trial at the end of the year, Persons in whose cases trials were completed during the year, Persons convicted, Persons acquitted",9,"Persons in custody or on bail during the stage of investigation at the beginning of the year, Persons arrested during the year, Persons released or freed by Police or Magistrate before trial for want of evidence or any other reason, Persons in custody or on bail during the stage of investigation at the end of the year, Persons in whose cases charge sheets were laid during the year, Persons under trial at the beginning of the year, Total number of persons under trial during the year, Persons in custody or on bail during the stage of trial at the end of the year, Persons in whose cases trials were completed during the year","STATE/UT, CRIME HEAD, Persons in custody or on bail during the stage of investigation at the beginning of the year, Persons arrested during the year, Persons released or freed by Police or Magistrate before trial for want of evidence or any other reason, Persons in custody or on bail during the stage of investigation at the end of the year, Persons in whose cases charge sheets were laid during the year, Persons under trial at the beginning of the year, Total number of persons under trial during the year, Persons against whom cases were compounded or withdrawn, Persons in custody or on bail during the stage of trial at the end of the year, Persons in whose cases trials were completed during the year, Persons convicted, Persons acquitted",48,C - Supporting / dashboard only,small but usable; state-level data; multi-year data; only one crime category; good numeric columns; mostly supporting/profile/legal-process data
file1.csv,datasets\raw\file1.csv,Sheet1,20,8,0.0,False,False,True,False,False,False,2011.0,2019.0,4,1,Rate of Cognizable Crime (IPC) (2019)+,"City, Percentage Share of City (2019), Actual Population (in Lakhs) (2011) ",,7,"S. No, 2017, 2018, 2019, Percentage Share of City (2019), Actual Population (in Lakhs) (2011) , Rate of Cognizable Crime (IPC) (2019)+",2,"Percentage Share of City (2019), Actual Population (in Lakhs) (2011) ","S. No, City, 2017, 2018, 2019, Percentage Share of City (2019), Actual Population (in Lakhs) (2011) , Rate of Cognizable Crime (IPC) (2019)+",48,C - Supporting / dashboard only,very small file; city-level data; some year trend; only one crime category; good numeric columns
NCRB_CII-2019_Table_1B.1.csv,datasets\raw\NCRB_CII-2019_Table_1B.1.csv,Sheet1,20,8,0.0,False,False,True,False,False,False,2011.0,2019.0,4,1,Rate of Cognizable Crime (IPC) (2019)+,"City, Percentage Share of City (2019), Actual Population (in Lakhs) (2011) ",,7,"S. No, 2017, 2018, 2019, Percentage Share of City (2019), Actual Population (in Lakhs) (2011) , Rate of Cognizable Crime (IPC) (2019)+",2,"Percentage Share of City (2019), Actual Population (in Lakhs) (2011) ","S. No, City, 2017, 2018, 2019, Percentage Share of City (2019), Actual Population (in Lakhs) (2011) , Rate of Cognizable Crime (IPC) (2019)+",48,C - Supporting / dashboard only,very small file; city-level data; some year trend; only one crime category; good numeric columns
NCRB_Table_2B.1.csv,datasets\raw\NCRB_Table_2B.1.csv,Sheet1,20,8,0.0,False,False,True,False,False,False,2011.0,2022.0,4,1,Rate of Murder (2022),"City, Actual Population (in Lakhs) (2011)",,7,"Sl. No., 2020, 2021, 2022, Actual Population (in Lakhs) (2011), Rate of Murder (2022), Chargesheeting Rate (2022)",2,"Actual Population (in Lakhs) (2011), Chargesheeting Rate (2022)","Sl. No., City, 2020, 2021, 2022, Actual Population (in Lakhs) (2011), Rate of Murder (2022), Chargesheeting Rate (2022)",48,C - Supporting / dashboard only,very small file; city-level data; some year trend; only one crime category; good numeric columns
NCRB_Table_2B.2.csv,datasets\raw\NCRB_Table_2B.2.csv,Sheet1,20,29,0.0,False,False,True,False,False,False,,,0,5,"Dowry - Col.(5), During Dacoity/ Robbery - Col.(16), Disputes - Due to Accidents on Roads - Col.(26), Blind Murder/No Clue/Motive Not Known - Col.(27), Total Motives of Murder - Col.(29)","City, Illicit Relationship - Col.(14), Psychopath/Serial Killers - Col.(18), Disputes - Disputes (Total) - Col.(20), Disputes - Property/ Land Dispute - Col.(21), Disputes - Family Dispute - Col.(22), Disputes - Petty Quarrel/ Dispute - Col.(23), Disputes - Money Dispute - Col.(24), Disputes - Water Dispute - Col.(25), Disputes - Due to Accidents on Roads - Col.(26)",,28,"Sl. No., Gain - Col.(3), Personal Vendetta or Enmity - Col.(4), Dowry - Col.(5), Witchcraft - Col.(6), Child/ Human Sacrifice - Col.(7), Communal/ Religious - Col.(8), Casteism - Col.(9), Class Conflict - Col.(10), For Political Reason - Col.(11), Honour Killing - Col.(12), Love Affairs - Col.(13), Illicit Relationship - Col.(14), Extremism/ Insurgency - Col.(15), During Dacoity/ Robbery - Col.(16), Gang Rivalry - Col.(17), Psychopath/Serial Killers - Col.(18), Sale of Body Parts - Col.(19), Disputes - Disputes (Total) - Col.(20), Disputes - Property/ Land Dispute - Col.(21), Disputes - Family Dispute - Col.(22), Disputes - Petty Quarrel/ Dispute - Col.(23), Disputes - Money Dispute - Col.(24), Disputes - Water Dispute - Col.(25), Disputes - Due to Accidents on Roads - Col.(26), Blind Murder/No Clue/Motive Not Known - Col.(27), Other Causes or Motive - Col.(28), Total Motives of Murder - Col.(29)",3,"Blind Murder/No Clue/Motive Not Known - Col.(27), Other Causes or Motive - Col.(28), Total Motives of Murder - Col.(29)","Sl. No., City, Gain - Col.(3), Personal Vendetta or Enmity - Col.(4), Dowry - Col.(5), Witchcraft - Col.(6), Child/ Human Sacrifice - Col.(7), Communal/ Religious - Col.(8), Casteism - Col.(9), Class Conflict - Col.(10), For Political Reason - Col.(11), Honour Killing - Col.(12), Love Affairs - Col.(13), Illicit Relationship - Col.(14), Extremism/ Insurgency - Col.(15), During Dacoity/ Robbery - Col.(16), Gang Rivalry - Col.(17), Psychopath/Serial Killers - Col.(18), Sale of Body Parts - Col.(19), Disputes - Disputes (Total) - Col.(20)",48,C - Supporting / dashboard only,very small file; city-level data; no year/date field; multiple crime categories; good numeric columns
20_Victims_of_rape.csv,datasets\raw\20_Victims_of_rape.csv,Sheet1,1050,11,0.0,False,False,False,False,False,True,2001.0,2010.0,10,2,"Rape_Cases_Reported, Victims_of_Rape_Total",Area_Name,Year,9,"Year, Rape_Cases_Reported, Victims_Above_50_Yrs, Victims_Between_10-14_Yrs, Victims_Between_14-18_Yrs, Victims_Between_18-30_Yrs, Victims_Between_30-50_Yrs, Victims_of_Rape_Total, Victims_Upto_10_Yrs",7,"Victims_Above_50_Yrs, Victims_Between_10-14_Yrs, Victims_Between_14-18_Yrs, Victims_Between_18-30_Yrs, Victims_Between_30-50_Yrs, Victims_of_Rape_Total, Victims_Upto_10_Yrs","Area_Name, Year, Subgroup, Rape_Cases_Reported, Victims_Above_50_Yrs, Victims_Between_10-14_Yrs, Victims_Between_14-18_Yrs, Victims_Between_18-30_Yrs, Victims_Between_30-50_Yrs, Victims_of_Rape_Total, Victims_Upto_10_Yrs",47,C - Supporting / dashboard only,medium row count; no strong location column; multi-year data; some crime categories; good numeric columns; mostly supporting/profile/legal-process data
35_Human_rights_violation_by_police.csv,datasets\raw\35_Human_rights_violation_by_police.csv,Sheet1,2267,7,1.01,False,False,False,False,False,True,2001.0,2010.0,10,0,,"Area_Name, Cases_Registered_under_Human_Rights_Violations",Year,4,"Year, Cases_Registered_under_Human_Rights_Violations, Policemen_Chargesheeted, Policemen_Convicted",1,Policemen_Chargesheeted,"Area_Name, Year, Group_Name, Sub_Group_Name, Cases_Registered_under_Human_Rights_Violations, Policemen_Chargesheeted, Policemen_Convicted",45,C - Supporting / dashboard only,medium row count; no strong location column; multi-year data; no clear crime category columns; some numeric columns
file2.csv,datasets\raw\file2.csv,Sheet1,39,217,0.0,True,False,False,False,False,False,,,0,197,"Offences affecting the Human Body - Murder (Sec 302 IPC) - I (Col.3), Offences affecting the Human Body - Murder (Sec 302 IPC) - V (Col.4), Offences affecting the Human Body - Murder (Sec 302 IPC) - R (Col.5), Offences affecting the Human Body - Culpable Homicide Not Amounting To Murder (Sec 304 IPC) - I (Col.6), Offences affecting the Human Body - Culpable Homicide Not Amounting To Murder (Sec 304 IPC) - V (Col.7), Offences affecting the Human Body - Culpable Homicide Not Amounting To Murder (Sec 304 IPC) - R (Col.8), Offences affecting the Human Body - Causing Death By Negligence - Causing Death By Negligence (Total) (Sec 304A IPC) - I (Col.9), Offences affecting the Human Body - Causing Death By Negligence - Causing Death By Negligence (Total) (Sec 304A IPC) - V (Col.10), Offences affecting the Human Body - Causing Death By Negligence - Causing Death By Negligence (Total) (Sec 304A IPC) - R (Col.11), Offences affecting the Human Body - Causing Death By Negligence - Deaths Due To Rash/ Negligent Driving - I (Col.9a), Offences affecting the Human Body - Causing Death By Negligence - Deaths Due To Rash/ Negligent Driving - V (Col.10a), Offences affecting the Human Body - Causing Death By Negligence - Deaths Due To Rash/ Negligent Driving - R (Col.11a), Offences affecting the Human Body - Causing Death By Negligence - Deaths Due To Other Negligence - I (Col.9b), Offences affecting the Human Body - Causing Death By Negligence - Deaths Due To Other Negligence - V (Col.10b), Offences affecting the Human Body - Causing Death By Negligence - Deaths Due To Other Negligence - R (Col.11b), Offences affecting the Human Body - Dowry Deaths* (Sec 304B IPC) - I (Col.12), Offences affecting the Human Body - Dowry Deaths* (Sec 304B IPC) - V (Col.13), Offences affecting the Human Body - Dowry Deaths* (Sec 304B IPC) - R (Col.14), Offences affecting the Human Body - Attempt to Commit Murder (Sec 307 IPC) - I (Col.15), Offences affecting the Human Body - Attempt to Commit Murder (Sec 307 IPC) - V (Col.16), Offences affecting the Human Body - Attempt to Commit Murder (Sec 307 IPC) - R (Col.17), Offences affecting the Human Body - Attempt to Commit Culpable Homicide (Sec 308 IPC) - I (Col.18), Offences affecting the Human Body - Attempt to Commit Culpable Homicide (Sec 308 IPC) - V (Col.19), Offences affecting the Human Body - Attempt to Commit Culpable Homicide (Sec 308 IPC) - R (Col.20), Offences affecting the Human Body - Grievous Hurt - Grievous Hurt (Total) - I (Col.21), Offences affecting the Human Body - Grievous Hurt - Grievous Hurt (Total) - V (Col.22), Offences affecting the Human Body - Grievous Hurt - Grievous Hurt (Total) - R (Col.23), Offences affecting the Human Body - Grievous Hurt - Grievous Hurt (Sec 325 & 326 IPC) - I (Col.21a), Offences affecting the Human Body - Grievous Hurt - Grievous Hurt (Sec 325 & 326 IPC) - V (Col.22a), Offences affecting the Human Body - Grievous Hurt - Grievous Hurt (Sec 325 & 326 IPC) - R (Col.23a)","State/UT (Col.2), Offences affecting the Human Body - Assault on Women With intent to Outrage her Modesty - Assault On Women With Intent To Outrage Her Modesty (Total) - I (Col.27), Offences affecting the Human Body - Assault on Women With intent to Outrage her Modesty - Assault On Women With Intent To Outrage Her Modesty (Total) - V (Col.28), Offences affecting the Human Body - Assault on Women With intent to Outrage her Modesty - Assault On Women With Intent To Outrage Her Modesty (Total) - R (Col.29), Offences affecting the Human Body - Assault on Women With intent to Outrage her Modesty - Assault On Women With Intent To Outrage Her Modesty (Sec 354 IPC) - I (Col.27a), Offences affecting the Human Body - Assault on Women With intent to Outrage her Modesty - Assault On Women With Intent To Outrage Her Modesty (Sec 354 IPC) - V (Col.28a), Offences affecting the Human Body - Assault on Women With intent to Outrage her Modesty - Assault On Women With Intent To Outrage Her Modesty (Sec 354 IPC) - R (Col.29a), Offences affecting the Human Body - Assault on Women With intent to Outrage her Modesty - Sexual Harassment (Sec 354A IPC) - I (Col.27b), Offences affecting the Human Body - Assault on Women With intent to Outrage her Modesty - Sexual Harassment (Sec 354A IPC) - V (Col.28b), Offences affecting the Human Body - Assault on Women With intent to Outrage her Modesty - Sexual Harassment (Sec 354A IPC) - R (Col.29b), Offences affecting the Human Body - Assault on Women With intent to Outrage her Modesty - Assault or use of criminal force with intent to Disrobe (Sec 354B IPC) - I (Col.27c), Offences affecting the Human Body - Assault on Women With intent to Outrage her Modesty - Assault or use of criminal force with intent to Disrobe (Sec 354B IPC) - V (Col.28c), Offences affecting the Human Body - Assault on Women With intent to Outrage her Modesty - Assault or use of criminal force with intent to Disrobe (Sec 354B IPC) - R (Col.29c), Offences affecting the Human Body - Assault on Women With intent to Outrage her Modesty - Voyeurism (Sec 354C IPC) - I (Col.27d), Offences affecting the Human Body - Assault on Women With intent to Outrage her Modesty - Voyeurism (Sec 354C IPC) - V (Col.28d), Offences affecting the Human Body - Assault on Women With intent to Outrage her Modesty - Voyeurism (Sec 354C IPC) - R (Col.29d), Offences affecting the Human Body - Assault on Women With intent to Outrage her Modesty - Stalking (Sec 354D IPC) - I (Col.27e), Offences affecting the Human Body - Assault on Women With intent to Outrage her Modesty - Stalking (Sec 354D IPC) - V (Col.28e), Offences affecting the Human Body - Assault on Women With intent to Outrage her Modesty - Stalking (Sec 354D IPC) - R (Col.29e), Offences against the State - Sedition (Sec 124A IPC) - I (Col.48)",,216,"S. No. (Col.1), Offences affecting the Human Body - Murder (Sec 302 IPC) - I (Col.3), Offences affecting the Human Body - Murder (Sec 302 IPC) - V (Col.4), Offences affecting the Human Body - Murder (Sec 302 IPC) - R (Col.5), Offences affecting the Human Body - Culpable Homicide Not Amounting To Murder (Sec 304 IPC) - I (Col.6), Offences affecting the Human Body - Culpable Homicide Not Amounting To Murder (Sec 304 IPC) - V (Col.7), Offences affecting the Human Body - Culpable Homicide Not Amounting To Murder (Sec 304 IPC) - R (Col.8), Offences affecting the Human Body - Causing Death By Negligence - Causing Death By Negligence (Total) (Sec 304A IPC) - I (Col.9), Offences affecting the Human Body - Causing Death By Negligence - Causing Death By Negligence (Total) (Sec 304A IPC) - V (Col.10), Offences affecting the Human Body - Causing Death By Negligence - Causing Death By Negligence (Total) (Sec 304A IPC) - R (Col.11), Offences affecting the Human Body - Causing Death By Negligence - Deaths Due To Rash/ Negligent Driving - I (Col.9a), Offences affecting the Human Body - Causing Death By Negligence - Deaths Due To Rash/ Negligent Driving - V (Col.10a), Offences affecting the Human Body - Causing Death By Negligence - Deaths Due To Rash/ Negligent Driving - R (Col.11a), Offences affecting the Human Body - Causing Death By Negligence - Deaths Due To Other Negligence - I (Col.9b), Offences affecting the Human Body - Causing Death By Negligence - Deaths Due To Other Negligence - V (Col.10b), Offences affecting the Human Body - Causing Death By Negligence - Deaths Due To Other Negligence - R (Col.11b), Offences affecting the Human Body - Dowry Deaths* (Sec 304B IPC) - I (Col.12), Offences affecting the Human Body - Dowry Deaths* (Sec 304B IPC) - V (Col.13), Offences affecting the Human Body - Dowry Deaths* (Sec 304B IPC) - R (Col.14), Offences affecting the Human Body - Attempt to Commit Murder (Sec 307 IPC) - I (Col.15), Offences affecting the Human Body - Attempt to Commit Murder (Sec 307 IPC) - V (Col.16), Offences affecting the Human Body - Attempt to Commit Murder (Sec 307 IPC) - R (Col.17), Offences affecting the Human Body - Attempt to Commit Culpable Homicide (Sec 308 IPC) - I (Col.18), Offences affecting the Human Body - Attempt to Commit Culpable Homicide (Sec 308 IPC) - V (Col.19), Offences affecting the Human Body - Attempt to Commit Culpable Homicide (Sec 308 IPC) - R (Col.20), Offences affecting the Human Body - Grievous Hurt - Grievous Hurt (Total) - I (Col.21), Offences affecting the Human Body - Grievous Hurt - Grievous Hurt (Total) - V (Col.22), Offences affecting the Human Body - Grievous Hurt - Grievous Hurt (Total) - R (Col.23), Offences affecting the Human Body - Grievous Hurt - Grievous Hurt (Sec 325 & 326 IPC) - I (Col.21a), Offences affecting the Human Body - Grievous Hurt - Grievous Hurt (Sec 325 & 326 IPC) - V (Col.22a)",24,"Offences affecting the Human Body - Assault on Women With intent to Outrage her Modesty - Assault On Women With Intent To Outrage Her Modesty (Total) - I (Col.27), Offences affecting the Human Body - Assault on Women With intent to Outrage her Modesty - Assault On Women With Intent To Outrage Her Modesty (Total) - V (Col.28), Offences affecting the Human Body - Assault on Women With intent to Outrage her Modesty - Assault On Women With Intent To Outrage Her Modesty (Total) - R (Col.29), Offences affecting the Human Body - Assault on Women With intent to Outrage her Modesty - Assault On Women With Intent To Outrage Her Modesty (Sec 354 IPC) - I (Col.27a), Offences affecting the Human Body - Assault on Women With intent to Outrage her Modesty - Assault On Women With Intent To Outrage Her Modesty (Sec 354 IPC) - V (Col.28a), Offences affecting the Human Body - Assault on Women With intent to Outrage her Modesty - Assault On Women With Intent To Outrage Her Modesty (Sec 354 IPC) - R (Col.29a), Offences affecting the Human Body - Assault on Women With intent to Outrage her Modesty - Sexual Harassment (Sec 354A IPC) - I (Col.27b), Offences affecting the Human Body - Assault on Women With intent to Outrage her Modesty - Sexual Harassment (Sec 354A IPC) - V (Col.28b), Offences affecting the Human Body - Assault on Women With intent to Outrage her Modesty - Sexual Harassment (Sec 354A IPC) - R (Col.29b), Offences affecting the Human Body - Assault on Women With intent to Outrage her Modesty - Assault or use of criminal force with intent to Disrobe (Sec 354B IPC) - I (Col.27c), Offences affecting the Human Body - Assault on Women With intent to Outrage her Modesty - Assault or use of criminal force with intent to Disrobe (Sec 354B IPC) - V (Col.28c), Offences affecting the Human Body - Assault on Women With intent to Outrage her Modesty - Assault or use of criminal force with intent to Disrobe (Sec 354B IPC) - R (Col.29c), Offences affecting the Human Body - Assault on Women With intent to Outrage her Modesty - Voyeurism (Sec 354C IPC) - I (Col.27d), Offences affecting the Human Body - Assault on Women With intent to Outrage her Modesty - Voyeurism (Sec 354C IPC) - V (Col.28d), Offences affecting the Human Body - Assault on Women With intent to Outrage her Modesty - Voyeurism (Sec 354C IPC) - R (Col.29d), Offences affecting the Human Body - Assault on Women With intent to Outrage her Modesty - Stalking (Sec 354D IPC) - I (Col.27e), Offences affecting the Human Body - Assault on Women With intent to Outrage her Modesty - Stalking (Sec 354D IPC) - V (Col.28e), Offences affecting the Human Body - Assault on Women With intent to Outrage her Modesty - Stalking (Sec 354D IPC) - R (Col.29e), Offences affecting the Human Body - Kidnapping & Abduction - K & A of Women to Compel her for Marriage etc (Sec 366 IPC) - I (Col.30d), Offences affecting the Human Body - Kidnapping & Abduction - K & A of Women to Compel her for Marriage etc (Sec 366 IPC) - V (Col.31d)","S. No. (Col.1), State/UT (Col.2), Offences affecting the Human Body - Murder (Sec 302 IPC) - I (Col.3), Offences affecting the Human Body - Murder (Sec 302 IPC) - V (Col.4), Offences affecting the Human Body - Murder (Sec 302 IPC) - R (Col.5), Offences affecting the Human Body - Culpable Homicide Not Amounting To Murder (Sec 304 IPC) - I (Col.6), Offences affecting the Human Body - Culpable Homicide Not Amounting To Murder (Sec 304 IPC) - V (Col.7), Offences affecting the Human Body - Culpable Homicide Not Amounting To Murder (Sec 304 IPC) - R (Col.8), Offences affecting the Human Body - Causing Death By Negligence - Causing Death By Negligence (Total) (Sec 304A IPC) - I (Col.9), Offences affecting the Human Body - Causing Death By Negligence - Causing Death By Negligence (Total) (Sec 304A IPC) - V (Col.10), Offences affecting the Human Body - Causing Death By Negligence - Causing Death By Negligence (Total) (Sec 304A IPC) - R (Col.11), Offences affecting the Human Body - Causing Death By Negligence - Deaths Due To Rash/ Negligent Driving - I (Col.9a), Offences affecting the Human Body - Causing Death By Negligence - Deaths Due To Rash/ Negligent Driving - V (Col.10a), Offences affecting the Human Body - Causing Death By Negligence - Deaths Due To Rash/ Negligent Driving - R (Col.11a), Offences affecting the Human Body - Causing Death By Negligence - Deaths Due To Other Negligence - I (Col.9b), Offences affecting the Human Body - Causing Death By Negligence - Deaths Due To Other Negligence - V (Col.10b), Offences affecting the Human Body - Causing Death By Negligence - Deaths Due To Other Negligence - R (Col.11b), Offences affecting the Human Body - Dowry Deaths* (Sec 304B IPC) - I (Col.12), Offences affecting the Human Body - Dowry Deaths* (Sec 304B IPC) - V (Col.13), Offences affecting the Human Body - Dowry Deaths* (Sec 304B IPC) - R (Col.14)",45,C - Supporting / dashboard only,very small file; state-level data; no year/date field; multiple crime categories; good numeric columns
NCRB_Table_1A.1 (1).csv,datasets\raw\NCRB_Table_1A.1 (1).csv,Sheet1,39,8,0.0,True,False,False,False,False,True,2020.0,2022.0,3,1,Rate of Cognizable Crimes (IPC) (2022),"State/UT, Mid-Year Projected Population (in Lakhs) (2022)",Mid-Year Projected Population (in Lakhs) (2022),7,"Sl. No., 2020, 2021, 2022, Mid-Year Projected Population (in Lakhs) (2022), Rate of Cognizable Crimes (IPC) (2022), Chargesheeting Rate (2022)",1,Chargesheeting Rate (2022),"Sl. No., State/UT, 2020, 2021, 2022, Mid-Year Projected Population (in Lakhs) (2022), Rate of Cognizable Crimes (IPC) (2022), Chargesheeting Rate (2022)",45,C - Supporting / dashboard only,very small file; state-level data; some year trend; only one crime category; good numeric columns
NCRB_Table_1A.2 (1).csv,datasets\raw\NCRB_Table_1A.2 (1).csv,Sheet1,39,8,0.0,True,False,False,False,False,True,2020.0,2022.0,3,1,Rate of Cognizable Crimes (SLL) (2022),"State/UT, Mid-Year Projected Population (in Lakhs) (2022)",Mid-Year Projected Population (in Lakhs) (2022),7,"Sl. No., 2020, 2021, 2022, Mid-Year Projected Population (in Lakhs) (2022), Rate of Cognizable Crimes (SLL) (2022), Chargesheeting Rate (2022)",1,Chargesheeting Rate (2022),"Sl. No., State/UT, 2020, 2021, 2022, Mid-Year Projected Population (in Lakhs) (2022), Rate of Cognizable Crimes (SLL) (2022), Chargesheeting Rate (2022)",45,C - Supporting / dashboard only,very small file; state-level data; some year trend; only one crime category; good numeric columns
NCRB_Table_1C.1.csv,datasets\raw\NCRB_Table_1C.1.csv,Sheet1,39,9,0.0,True,False,False,False,False,True,2020.0,2022.0,3,1,Rate of Violent Crimes (2022),"State/UT, Mid-Year Projected Population (in Lakhs) (2022)",Mid-Year Projected Population (in Lakhs) (2022),7,"Sl. No., 2020, 2021, 2022, Mid-Year Projected Population (in Lakhs) (2022), Rate of Violent Crimes (2022), Chargesheeting Rate (2022)",1,Chargesheeting Rate (2022),"Sl. No., Category, State/UT, 2020, 2021, 2022, Mid-Year Projected Population (in Lakhs) (2022), Rate of Violent Crimes (2022), Chargesheeting Rate (2022)",45,C - Supporting / dashboard only,very small file; state-level data; some year trend; only one crime category; good numeric columns
NCRB_Table_2A.1.csv,datasets\raw\NCRB_Table_2A.1.csv,Sheet1,39,8,0.32,True,False,False,False,False,True,2020.0,2022.0,3,1,Rate of Murder (2022),"State/UT, Mid-Year Projected Population (in Lakhs) (2022)",Mid-Year Projected Population (in Lakhs) (2022),7,"Sl. No., 2020, 2021, 2022, Mid-Year Projected Population (in Lakhs) (2022), Rate of Murder (2022), Chargesheeting Rate (2022)",1,Chargesheeting Rate (2022),"Sl. No., State/UT, 2020, 2021, 2022, Mid-Year Projected Population (in Lakhs) (2022), Rate of Murder (2022), Chargesheeting Rate (2022)",45,C - Supporting / dashboard only,very small file; state-level data; some year trend; only one crime category; good numeric columns
NCRB_Table_2A.2.csv,datasets\raw\NCRB_Table_2A.2.csv,Sheet1,39,29,0.0,True,False,False,False,False,False,,,0,5,"Dowry - Col.(5), During Dacoity/ Robbery - Col.(16), Disputes - Due to Accidents on Roads - Col.(26), Blind Murder/No Clue/Motive Not Known - Col.(27), Total Motives of Murder - Col.(29)","State/UT, Illicit Relationship - Col.(14), Psychopath/Serial Killers - Col.(18), Disputes - Disputes (Total) - Col.(20), Disputes - Property/ Land Dispute - Col.(21), Disputes - Family Dispute - Col.(22), Disputes - Petty Quarrel/ Dispute - Col.(23), Disputes - Money Dispute - Col.(24), Disputes - Water Dispute - Col.(25), Disputes - Due to Accidents on Roads - Col.(26)",,28,"Sl. No., Gain - Col.(3), Personal Vendetta or Enmity - Col.(4), Dowry - Col.(5), Witchcraft - Col.(6), Child/ Human Sacrifice - Col.(7), Communal/ Religious - Col.(8), Casteism - Col.(9), Class Conflict - Col.(10), For Political Reason - Col.(11), Honour Killing - Col.(12), Love Affairs - Col.(13), Illicit Relationship - Col.(14), Extremism/ Insurgency - Col.(15), During Dacoity/ Robbery - Col.(16), Gang Rivalry - Col.(17), Psychopath/Serial Killers - Col.(18), Sale of Body Parts - Col.(19), Disputes - Disputes (Total) - Col.(20), Disputes - Property/ Land Dispute - Col.(21), Disputes - Family Dispute - Col.(22), Disputes - Petty Quarrel/ Dispute - Col.(23), Disputes - Money Dispute - Col.(24), Disputes - Water Dispute - Col.(25), Disputes - Due to Accidents on Roads - Col.(26), Blind Murder/No Clue/Motive Not Known - Col.(27), Other Causes or Motive - Col.(28), Total Motives of Murder - Col.(29)",3,"Blind Murder/No Clue/Motive Not Known - Col.(27), Other Causes or Motive - Col.(28), Total Motives of Murder - Col.(29)","Sl. No., State/UT, Gain - Col.(3), Personal Vendetta or Enmity - Col.(4), Dowry - Col.(5), Witchcraft - Col.(6), Child/ Human Sacrifice - Col.(7), Communal/ Religious - Col.(8), Casteism - Col.(9), Class Conflict - Col.(10), For Political Reason - Col.(11), Honour Killing - Col.(12), Love Affairs - Col.(13), Illicit Relationship - Col.(14), Extremism/ Insurgency - Col.(15), During Dacoity/ Robbery - Col.(16), Gang Rivalry - Col.(17), Psychopath/Serial Killers - Col.(18), Sale of Body Parts - Col.(19), Disputes - Disputes (Total) - Col.(20)",45,C - Supporting / dashboard only,very small file; state-level data; no year/date field; multiple crime categories; good numeric columns
NCRB_Table_2C.1.csv,datasets\raw\NCRB_Table_2C.1.csv,Sheet1,39,8,0.32,True,False,False,False,False,True,2020.0,2022.0,3,1,Rate of Kidnapping and Abduction (2022),"State/UT, Mid-Year Projected Population (in Lakhs) (2022)",Mid-Year Projected Population (in Lakhs) (2022),7,"Sl. No., 2020, 2021, 2022, Mid-Year Projected Population (in Lakhs) (2022), Rate of Kidnapping and Abduction (2022), Chargesheeting Rate (2022)",1,Chargesheeting Rate (2022),"Sl. No., State/UT, 2020, 2021, 2022, Mid-Year Projected Population (in Lakhs) (2022), Rate of Kidnapping and Abduction (2022), Chargesheeting Rate (2022)",45,C - Supporting / dashboard only,very small file; state-level data; some year trend; only one crime category; good numeric columns
NCRB_Table_3A.1.csv,datasets\raw\NCRB_Table_3A.1.csv,Sheet1,39,8,0.0,True,False,False,False,False,True,2020.0,2022.0,3,1,Rate of Total Crime against Women (2022),"State/UT, Mid-Year Projected Population (in Lakhs) (2022)",Mid-Year Projected Population (in Lakhs) (2022),7,"Sl. No., 2020, 2021, 2022, Mid-Year Projected Population (in Lakhs) (2022), Rate of Total Crime against Women (2022), Chargesheeting Rate (2022)",1,Chargesheeting Rate (2022),"Sl. No., State/UT, 2020, 2021, 2022, Mid-Year Projected Population (in Lakhs) (2022), Rate of Total Crime against Women (2022), Chargesheeting Rate (2022)",45,C - Supporting / dashboard only,very small file; state-level data; some year trend; only one crime category; good numeric columns
NCRB_Table_4A.1.csv,datasets\raw\NCRB_Table_4A.1.csv,Sheet1,39,8,0.0,True,False,False,False,False,False,2011.0,2022.0,4,1,Rate of Total Crime against Children (2022),"State/UT, Actual Children Population (in Lakhs) (2011)",,7,"Sl. No., 2020, 2021, 2022, Actual Children Population (in Lakhs) (2011), Rate of Total Crime against Children (2022), Chargesheeting Rate (2022)",2,"Actual Children Population (in Lakhs) (2011), Chargesheeting Rate (2022)","Sl. No., State/UT, 2020, 2021, 2022, Actual Children Population (in Lakhs) (2011), Rate of Total Crime against Children (2022), Chargesheeting Rate (2022)",45,C - Supporting / dashboard only,very small file; state-level data; some year trend; only one crime category; good numeric columns
Table_1A.4_2016.csv,datasets\raw\Table_1A.4_2016.csv,Sheet1,39,217,0.0,True,False,False,False,False,False,,,0,197,"Offences affecting the Human Body - Murder (Sec 302 IPC) - I (Col.3), Offences affecting the Human Body - Murder (Sec 302 IPC) - V (Col.4), Offences affecting the Human Body - Murder (Sec 302 IPC) - R (Col.5), Offences affecting the Human Body - Culpable Homicide Not Amounting To Murder (Sec 304 IPC) - I (Col.6), Offences affecting the Human Body - Culpable Homicide Not Amounting To Murder (Sec 304 IPC) - V (Col.7), Offences affecting the Human Body - Culpable Homicide Not Amounting To Murder (Sec 304 IPC) - R (Col.8), Offences affecting the Human Body - Causing Death By Negligence - Causing Death By Negligence (Total) (Sec 304A IPC) - I (Col.9), Offences affecting the Human Body - Causing Death By Negligence - Causing Death By Negligence (Total) (Sec 304A IPC) - V (Col.10), Offences affecting the Human Body - Causing Death By Negligence - Causing Death By Negligence (Total) (Sec 304A IPC) - R (Col.11), Offences affecting the Human Body - Causing Death By Negligence - Deaths Due To Rash/ Negligent Driving - I (Col.9a), Offences affecting the Human Body - Causing Death By Negligence - Deaths Due To Rash/ Negligent Driving - V (Col.10a), Offences affecting the Human Body - Causing Death By Negligence - Deaths Due To Rash/ Negligent Driving - R (Col.11a), Offences affecting the Human Body - Causing Death By Negligence - Deaths Due To Other Negligence - I (Col.9b), Offences affecting the Human Body - Causing Death By Negligence - Deaths Due To Other Negligence - V (Col.10b), Offences affecting the Human Body - Causing Death By Negligence - Deaths Due To Other Negligence - R (Col.11b), Offences affecting the Human Body - Dowry Deaths* (Sec 304B IPC) - I (Col.12), Offences affecting the Human Body - Dowry Deaths* (Sec 304B IPC) - V (Col.13), Offences affecting the Human Body - Dowry Deaths* (Sec 304B IPC) - R (Col.14), Offences affecting the Human Body - Attempt to Commit Murder (Sec 307 IPC) - I (Col.15), Offences affecting the Human Body - Attempt to Commit Murder (Sec 307 IPC) - V (Col.16), Offences affecting the Human Body - Attempt to Commit Murder (Sec 307 IPC) - R (Col.17), Offences affecting the Human Body - Attempt to Commit Culpable Homicide (Sec 308 IPC) - I (Col.18), Offences affecting the Human Body - Attempt to Commit Culpable Homicide (Sec 308 IPC) - V (Col.19), Offences affecting the Human Body - Attempt to Commit Culpable Homicide (Sec 308 IPC) - R (Col.20), Offences affecting the Human Body - Grievous Hurt - Grievous Hurt (Total) - I (Col.21), Offences affecting the Human Body - Grievous Hurt - Grievous Hurt (Total) - V (Col.22), Offences affecting the Human Body - Grievous Hurt - Grievous Hurt (Total) - R (Col.23), Offences affecting the Human Body - Grievous Hurt - Grievous Hurt (Sec 325 & 326 IPC) - I (Col.21a), Offences affecting the Human Body - Grievous Hurt - Grievous Hurt (Sec 325 & 326 IPC) - V (Col.22a), Offences affecting the Human Body - Grievous Hurt - Grievous Hurt (Sec 325 & 326 IPC) - R (Col.23a)","State/UT (Col.2), Offences affecting the Human Body - Assault on Women With intent to Outrage her Modesty - Assault On Women With Intent To Outrage Her Modesty (Total) - I (Col.27), Offences affecting the Human Body - Assault on Women With intent to Outrage her Modesty - Assault On Women With Intent To Outrage Her Modesty (Total) - V (Col.28), Offences affecting the Human Body - Assault on Women With intent to Outrage her Modesty - Assault On Women With Intent To Outrage Her Modesty (Total) - R (Col.29), Offences affecting the Human Body - Assault on Women With intent to Outrage her Modesty - Assault On Women With Intent To Outrage Her Modesty (Sec 354 IPC) - I (Col.27a), Offences affecting the Human Body - Assault on Women With intent to Outrage her Modesty - Assault On Women With Intent To Outrage Her Modesty (Sec 354 IPC) - V (Col.28a), Offences affecting the Human Body - Assault on Women With intent to Outrage her Modesty - Assault On Women With Intent To Outrage Her Modesty (Sec 354 IPC) - R (Col.29a), Offences affecting the Human Body - Assault on Women With intent to Outrage her Modesty - Sexual Harassment (Sec 354A IPC) - I (Col.27b), Offences affecting the Human Body - Assault on Women With intent to Outrage her Modesty - Sexual Harassment (Sec 354A IPC) - V (Col.28b), Offences affecting the Human Body - Assault on Women With intent to Outrage her Modesty - Sexual Harassment (Sec 354A IPC) - R (Col.29b), Offences affecting the Human Body - Assault on Women With intent to Outrage her Modesty - Assault or use of criminal force with intent to Disrobe (Sec 354B IPC) - I (Col.27c), Offences affecting the Human Body - Assault on Women With intent to Outrage her Modesty - Assault or use of criminal force with intent to Disrobe (Sec 354B IPC) - V (Col.28c), Offences affecting the Human Body - Assault on Women With intent to Outrage her Modesty - Assault or use of criminal force with intent to Disrobe (Sec 354B IPC) - R (Col.29c), Offences affecting the Human Body - Assault on Women With intent to Outrage her Modesty - Voyeurism (Sec 354C IPC) - I (Col.27d), Offences affecting the Human Body - Assault on Women With intent to Outrage her Modesty - Voyeurism (Sec 354C IPC) - V (Col.28d), Offences affecting the Human Body - Assault on Women With intent to Outrage her Modesty - Voyeurism (Sec 354C IPC) - R (Col.29d), Offences affecting the Human Body - Assault on Women With intent to Outrage her Modesty - Stalking (Sec 354D IPC) - I (Col.27e), Offences affecting the Human Body - Assault on Women With intent to Outrage her Modesty - Stalking (Sec 354D IPC) - V (Col.28e), Offences affecting the Human Body - Assault on Women With intent to Outrage her Modesty - Stalking (Sec 354D IPC) - R (Col.29e), Offences against the State - Sedition (Sec 124A IPC) - I (Col.48)",,216,"S. No. (Col.1), Offences affecting the Human Body - Murder (Sec 302 IPC) - I (Col.3), Offences affecting the Human Body - Murder (Sec 302 IPC) - V (Col.4), Offences affecting the Human Body - Murder (Sec 302 IPC) - R (Col.5), Offences affecting the Human Body - Culpable Homicide Not Amounting To Murder (Sec 304 IPC) - I (Col.6), Offences affecting the Human Body - Culpable Homicide Not Amounting To Murder (Sec 304 IPC) - V (Col.7), Offences affecting the Human Body - Culpable Homicide Not Amounting To Murder (Sec 304 IPC) - R (Col.8), Offences affecting the Human Body - Causing Death By Negligence - Causing Death By Negligence (Total) (Sec 304A IPC) - I (Col.9), Offences affecting the Human Body - Causing Death By Negligence - Causing Death By Negligence (Total) (Sec 304A IPC) - V (Col.10), Offences affecting the Human Body - Causing Death By Negligence - Causing Death By Negligence (Total) (Sec 304A IPC) - R (Col.11), Offences affecting the Human Body - Causing Death By Negligence - Deaths Due To Rash/ Negligent Driving - I (Col.9a), Offences affecting the Human Body - Causing Death By Negligence - Deaths Due To Rash/ Negligent Driving - V (Col.10a), Offences affecting the Human Body - Causing Death By Negligence - Deaths Due To Rash/ Negligent Driving - R (Col.11a), Offences affecting the Human Body - Causing Death By Negligence - Deaths Due To Other Negligence - I (Col.9b), Offences affecting the Human Body - Causing Death By Negligence - Deaths Due To Other Negligence - V (Col.10b), Offences affecting the Human Body - Causing Death By Negligence - Deaths Due To Other Negligence - R (Col.11b), Offences affecting the Human Body - Dowry Deaths* (Sec 304B IPC) - I (Col.12), Offences affecting the Human Body - Dowry Deaths* (Sec 304B IPC) - V (Col.13), Offences affecting the Human Body - Dowry Deaths* (Sec 304B IPC) - R (Col.14), Offences affecting the Human Body - Attempt to Commit Murder (Sec 307 IPC) - I (Col.15), Offences affecting the Human Body - Attempt to Commit Murder (Sec 307 IPC) - V (Col.16), Offences affecting the Human Body - Attempt to Commit Murder (Sec 307 IPC) - R (Col.17), Offences affecting the Human Body - Attempt to Commit Culpable Homicide (Sec 308 IPC) - I (Col.18), Offences affecting the Human Body - Attempt to Commit Culpable Homicide (Sec 308 IPC) - V (Col.19), Offences affecting the Human Body - Attempt to Commit Culpable Homicide (Sec 308 IPC) - R (Col.20), Offences affecting the Human Body - Grievous Hurt - Grievous Hurt (Total) - I (Col.21), Offences affecting the Human Body - Grievous Hurt - Grievous Hurt (Total) - V (Col.22), Offences affecting the Human Body - Grievous Hurt - Grievous Hurt (Total) - R (Col.23), Offences affecting the Human Body - Grievous Hurt - Grievous Hurt (Sec 325 & 326 IPC) - I (Col.21a), Offences affecting the Human Body - Grievous Hurt - Grievous Hurt (Sec 325 & 326 IPC) - V (Col.22a)",24,"Offences affecting the Human Body - Assault on Women With intent to Outrage her Modesty - Assault On Women With Intent To Outrage Her Modesty (Total) - I (Col.27), Offences affecting the Human Body - Assault on Women With intent to Outrage her Modesty - Assault On Women With Intent To Outrage Her Modesty (Total) - V (Col.28), Offences affecting the Human Body - Assault on Women With intent to Outrage her Modesty - Assault On Women With Intent To Outrage Her Modesty (Total) - R (Col.29), Offences affecting the Human Body - Assault on Women With intent to Outrage her Modesty - Assault On Women With Intent To Outrage Her Modesty (Sec 354 IPC) - I (Col.27a), Offences affecting the Human Body - Assault on Women With intent to Outrage her Modesty - Assault On Women With Intent To Outrage Her Modesty (Sec 354 IPC) - V (Col.28a), Offences affecting the Human Body - Assault on Women With intent to Outrage her Modesty - Assault On Women With Intent To Outrage Her Modesty (Sec 354 IPC) - R (Col.29a), Offences affecting the Human Body - Assault on Women With intent to Outrage her Modesty - Sexual Harassment (Sec 354A IPC) - I (Col.27b), Offences affecting the Human Body - Assault on Women With intent to Outrage her Modesty - Sexual Harassment (Sec 354A IPC) - V (Col.28b), Offences affecting the Human Body - Assault on Women With intent to Outrage her Modesty - Sexual Harassment (Sec 354A IPC) - R (Col.29b), Offences affecting the Human Body - Assault on Women With intent to Outrage her Modesty - Assault or use of criminal force with intent to Disrobe (Sec 354B IPC) - I (Col.27c), Offences affecting the Human Body - Assault on Women With intent to Outrage her Modesty - Assault or use of criminal force with intent to Disrobe (Sec 354B IPC) - V (Col.28c), Offences affecting the Human Body - Assault on Women With intent to Outrage her Modesty - Assault or use of criminal force with intent to Disrobe (Sec 354B IPC) - R (Col.29c), Offences affecting the Human Body - Assault on Women With intent to Outrage her Modesty - Voyeurism (Sec 354C IPC) - I (Col.27d), Offences affecting the Human Body - Assault on Women With intent to Outrage her Modesty - Voyeurism (Sec 354C IPC) - V (Col.28d), Offences affecting the Human Body - Assault on Women With intent to Outrage her Modesty - Voyeurism (Sec 354C IPC) - R (Col.29d), Offences affecting the Human Body - Assault on Women With intent to Outrage her Modesty - Stalking (Sec 354D IPC) - I (Col.27e), Offences affecting the Human Body - Assault on Women With intent to Outrage her Modesty - Stalking (Sec 354D IPC) - V (Col.28e), Offences affecting the Human Body - Assault on Women With intent to Outrage her Modesty - Stalking (Sec 354D IPC) - R (Col.29e), Offences affecting the Human Body - Kidnapping & Abduction - K & A of Women to Compel her for Marriage etc (Sec 366 IPC) - I (Col.30d), Offences affecting the Human Body - Kidnapping & Abduction - K & A of Women to Compel her for Marriage etc (Sec 366 IPC) - V (Col.31d)","S. No. (Col.1), State/UT (Col.2), Offences affecting the Human Body - Murder (Sec 302 IPC) - I (Col.3), Offences affecting the Human Body - Murder (Sec 302 IPC) - V (Col.4), Offences affecting the Human Body - Murder (Sec 302 IPC) - R (Col.5), Offences affecting the Human Body - Culpable Homicide Not Amounting To Murder (Sec 304 IPC) - I (Col.6), Offences affecting the Human Body - Culpable Homicide Not Amounting To Murder (Sec 304 IPC) - V (Col.7), Offences affecting the Human Body - Culpable Homicide Not Amounting To Murder (Sec 304 IPC) - R (Col.8), Offences affecting the Human Body - Causing Death By Negligence - Causing Death By Negligence (Total) (Sec 304A IPC) - I (Col.9), Offences affecting the Human Body - Causing Death By Negligence - Causing Death By Negligence (Total) (Sec 304A IPC) - V (Col.10), Offences affecting the Human Body - Causing Death By Negligence - Causing Death By Negligence (Total) (Sec 304A IPC) - R (Col.11), Offences affecting the Human Body - Causing Death By Negligence - Deaths Due To Rash/ Negligent Driving - I (Col.9a), Offences affecting the Human Body - Causing Death By Negligence - Deaths Due To Rash/ Negligent Driving - V (Col.10a), Offences affecting the Human Body - Causing Death By Negligence - Deaths Due To Rash/ Negligent Driving - R (Col.11a), Offences affecting the Human Body - Causing Death By Negligence - Deaths Due To Other Negligence - I (Col.9b), Offences affecting the Human Body - Causing Death By Negligence - Deaths Due To Other Negligence - V (Col.10b), Offences affecting the Human Body - Causing Death By Negligence - Deaths Due To Other Negligence - R (Col.11b), Offences affecting the Human Body - Dowry Deaths* (Sec 304B IPC) - I (Col.12), Offences affecting the Human Body - Dowry Deaths* (Sec 304B IPC) - V (Col.13), Offences affecting the Human Body - Dowry Deaths* (Sec 304B IPC) - R (Col.14)",45,C - Supporting / dashboard only,very small file; state-level data; no year/date field; multiple crime categories; good numeric columns
Table_3.2-2015.csv,datasets\raw\Table_3.2-2015.csv,Sheet1,39,41,0.0,True,False,False,False,False,False,,,0,8,"Dowry, Rape, Gang Rape, Kidnapping & Abduction, Dowry.1, Rape.1, Gang Rape.1, Kidnapping & Abduction.1","State/UT, Property Dispute, Illicit Relationship, Property Dispute.1, Illicit Relationship.1",,39,"S.No., Gain, Property Dispute, Personal Vendetta or Enmity, Dowry, Lunacy, Witch- Craft, Child/ Human Sacrifice, Commu- nalism, Casteism, Class Conflict, Political Reasons, Honour Killing, Rape, Gang Rape, Love Affairs, Illicit Relationship, Kidnapping & Abduction, Other Causes, Total, Gain.1, Property Dispute.1, Personal Vendetta or Enmity.1, Dowry.1, Lunacy.1, Witch- Craft.1, Child/ Human Sacrifice.1, Commu- nalism.1, Casteism.1, Class Conflict.1",0,,"S.No., Category, State/UT, Gain, Property Dispute, Personal Vendetta or Enmity, Dowry, Lunacy, Witch- Craft, Child/ Human Sacrifice, Commu- nalism, Casteism, Class Conflict, Political Reasons, Honour Killing, Rape, Gang Rape, Love Affairs, Illicit Relationship, Kidnapping & Abduction",45,C - Supporting / dashboard only,very small file; state-level data; no year/date field; multiple crime categories; good numeric columns
Table_9.4-2015.csv,datasets\raw\Table_9.4-2015.csv,Sheet1,39,27,0.0,True,False,False,False,False,False,,,0,12,"No. of Reported Cases Where The Loss Of Property Under - Cheating Worth (in Rupees) - 1-10 Crore, No. of Reported Cases Where The Loss Of Property Under - Cheating Worth (in Rupees) - 10-25 Crore, No. of Reported Cases Where The Loss Of Property Under - Cheating Worth (in Rupees) - 25-50 Crore, No. of Reported Cases Where The Loss Of Property Under - Cheating Worth (in Rupees) - 50-100 Crore, No. of Reported Cases Where The Loss Of Property Under - Cheating Worth (in Rupees) - Above 100 Crore, No. of Reported Cases Where The Loss Of Property Under - Cheating Worth (in Rupees) - Total, No. of Reported Cases Where The Loss Of Property Under - Grand Total (CBT + Cheating + Fraud/Forgery) Worth (in Rupees) - 1-10 Crore, No. of Reported Cases Where The Loss Of Property Under - Grand Total (CBT + Cheating + Fraud/Forgery) Worth (in Rupees) - 10-25 Crore, No. of Reported Cases Where The Loss Of Property Under - Grand Total (CBT + Cheating + Fraud/Forgery) Worth (in Rupees) - 25-50 Crore, No. of Reported Cases Where The Loss Of Property Under - Grand Total (CBT + Cheating + Fraud/Forgery) Worth (in Rupees) - 50-100 Crore, No. of Reported Cases Where The Loss Of Property Under - Grand Total (CBT + Cheating + Fraud/Forgery) Worth (in Rupees) - Above 100 Crore, No. of Reported Cases Where The Loss Of Property Under - Grand Total (CBT + Cheating + Fraud/Forgery) Worth (in Rupees) - Total",State/UT,,25,"S. No., No. of Reported Cases Where The Loss Of Property Under - Criminal Breach of Trust Worth (in Rupees) - 1-10 Crore, No. of Reported Cases Where The Loss Of Property Under - Criminal Breach of Trust Worth (in Rupees) - 10-25 Crore, No. of Reported Cases Where The Loss Of Property Under - Criminal Breach of Trust Worth (in Rupees) - 25-50 Crore, No. of Reported Cases Where The Loss Of Property Under - Criminal Breach of Trust Worth (in Rupees) - 50-100 Crore, No. of Reported Cases Where The Loss Of Property Under - Criminal Breach of Trust Worth (in Rupees) - Above 100 Crore, No. of Reported Cases Where The Loss Of Property Under - Criminal Breach of Trust Worth (in Rupees) - Total, No. of Reported Cases Where The Loss Of Property Under - Cheating Worth (in Rupees) - 1-10 Crore, No. of Reported Cases Where The Loss Of Property Under - Cheating Worth (in Rupees) - 10-25 Crore, No. of Reported Cases Where The Loss Of Property Under - Cheating Worth (in Rupees) - 25-50 Crore, No. of Reported Cases Where The Loss Of Property Under - Cheating Worth (in Rupees) - 50-100 Crore, No. of Reported Cases Where The Loss Of Property Under - Cheating Worth (in Rupees) - Above 100 Crore, No. of Reported Cases Where The Loss Of Property Under - Cheating Worth (in Rupees) - Total, No. of Reported Cases Where The Loss Of Property Under - Fraud/Forgery Worth (in Rupees) - 1-10 Crore, No. of Reported Cases Where The Loss Of Property Under - Fraud/Forgery Worth (in Rupees) - 10-25 Crore, No. of Reported Cases Where The Loss Of Property Under - Fraud/Forgery Worth (in Rupees) - 25-50 Crore, No. of Reported Cases Where The Loss Of Property Under - Fraud/Forgery Worth (in Rupees) - 50-100 Crore, No. of Reported Cases Where The Loss Of Property Under - Fraud/Forgery Worth (in Rupees) - Above 100 Crore, No. of Reported Cases Where The Loss Of Property Under - Fraud/Forgery Worth (in Rupees) - Total, No. of Reported Cases Where The Loss Of Property Under - Grand Total (CBT + Cheating + Fraud/Forgery) Worth (in Rupees) - 1-10 Crore, No. of Reported Cases Where The Loss Of Property Under - Grand Total (CBT + Cheating + Fraud/Forgery) Worth (in Rupees) - 10-25 Crore, No. of Reported Cases Where The Loss Of Property Under - Grand Total (CBT + Cheating + Fraud/Forgery) Worth (in Rupees) - 25-50 Crore, No. of Reported Cases Where The Loss Of Property Under - Grand Total (CBT + Cheating + Fraud/Forgery) Worth (in Rupees) - 50-100 Crore, No. of Reported Cases Where The Loss Of Property Under - Grand Total (CBT + Cheating + Fraud/Forgery) Worth (in Rupees) - Above 100 Crore, No. of Reported Cases Where The Loss Of Property Under - Grand Total (CBT + Cheating + Fraud/Forgery) Worth (in Rupees) - Total",0,,"S. No., Category, State/UT, No. of Reported Cases Where The Loss Of Property Under - Criminal Breach of Trust Worth (in Rupees) - 1-10 Crore, No. of Reported Cases Where The Loss Of Property Under - Criminal Breach of Trust Worth (in Rupees) - 10-25 Crore, No. of Reported Cases Where The Loss Of Property Under - Criminal Breach of Trust Worth (in Rupees) - 25-50 Crore, No. of Reported Cases Where The Loss Of Property Under - Criminal Breach of Trust Worth (in Rupees) - 50-100 Crore, No. of Reported Cases Where The Loss Of Property Under - Criminal Breach of Trust Worth (in Rupees) - Above 100 Crore, No. of Reported Cases Where The Loss Of Property Under - Criminal Breach of Trust Worth (in Rupees) - Total, No. of Reported Cases Where The Loss Of Property Under - Cheating Worth (in Rupees) - 1-10 Crore, No. of Reported Cases Where The Loss Of Property Under - Cheating Worth (in Rupees) - 10-25 Crore, No. of Reported Cases Where The Loss Of Property Under - Cheating Worth (in Rupees) - 25-50 Crore, No. of Reported Cases Where The Loss Of Property Under - Cheating Worth (in Rupees) - 50-100 Crore, No. of Reported Cases Where The Loss Of Property Under - Cheating Worth (in Rupees) - Above 100 Crore, No. of Reported Cases Where The Loss Of Property Under - Cheating Worth (in Rupees) - Total, No. of Reported Cases Where The Loss Of Property Under - Fraud/Forgery Worth (in Rupees) - 1-10 Crore, No. of Reported Cases Where The Loss Of Property Under - Fraud/Forgery Worth (in Rupees) - 10-25 Crore, No. of Reported Cases Where The Loss Of Property Under - Fraud/Forgery Worth (in Rupees) - 25-50 Crore, No. of Reported Cases Where The Loss Of Property Under - Fraud/Forgery Worth (in Rupees) - 50-100 Crore, No. of Reported Cases Where The Loss Of Property Under - Fraud/Forgery Worth (in Rupees) - Above 100 Crore",45,C - Supporting / dashboard only,very small file; state-level data; no year/date field; multiple crime categories; good numeric columns
31_Serious_fraud.csv,datasets\raw\31_Serious_fraud.csv,Sheet1,448,9,6.75,False,False,False,False,False,True,2001.0,2010.0,10,0,,Area_Name,Year,6,"Year, Loss_of_Property_1_10_Crores, Loss_of_Property_10_25_Crores, Loss_of_Property_25_50_Crores, Loss_of_Property_50_100_Crores, Loss_of_Property_Above_100_Crores",0,,"Area_Name, Year, Group_Name, Sub_Group_Name, Loss_of_Property_1_10_Crores, Loss_of_Property_10_25_Crores, Loss_of_Property_25_50_Crores, Loss_of_Property_50_100_Crores, Loss_of_Property_Above_100_Crores",43,C - Supporting / dashboard only,small but usable; no strong location column; multi-year data; no clear crime category columns; good numeric columns
18_01_Juveniles_arrested_Education.csv,datasets\raw\18_01_Juveniles_arrested_Education.csv,Sheet1,350,8,0.0,False,False,False,False,False,True,2001.0,2010.0,10,0,,"Area_Name, Education_Above_Primary_but_below_Matric_or_Higher_Secondary",Year,6,"Year, Education_Above_Primary_but_below_Matric_or_Higher_Secondary, Education_Illiterate, Education_Matric_or_Higher_Secondary_&_above, Education_Total, Education_Upto_primary",0,,"Area_Name, Year, Sub_Group_Name, Education_Above_Primary_but_below_Matric_or_Higher_Secondary, Education_Illiterate, Education_Matric_or_Higher_Secondary_&_above, Education_Total, Education_Upto_primary",43,C - Supporting / dashboard only,small but usable; no strong location column; multi-year data; no clear crime category columns; good numeric columns
18_02_Juveniles_arrested_Economic_setup.csv,datasets\raw\18_02_Juveniles_arrested_Economic_setup.csv,Sheet1,350,10,0.0,False,False,False,False,False,True,2001.0,2010.0,10,0,,Area_Name,Year,8,"Year, Economic_Set_up_Annual_Income_250001_to_50000, Economic_Set_up_Annual_Income_upto_Rs_25000, Economic_Set_up_Middle_income_from_100001_to_200000, Economic_Set_up_Middle_income_from_50001_to_100000, Economic_Set_up_Total, Economic_Set_up_Upper_income_above_Rs_300000, Economic_Set_up_Upper_middle_income_from_200001_to_300000",0,,"Area_Name, Year, Sub_Group_Name, Economic_Set_up_Annual_Income_250001_to_50000, Economic_Set_up_Annual_Income_upto_Rs_25000, Economic_Set_up_Middle_income_from_100001_to_200000, Economic_Set_up_Middle_income_from_50001_to_100000, Economic_Set_up_Total, Economic_Set_up_Upper_income_above_Rs_300000, Economic_Set_up_Upper_middle_income_from_200001_to_300000",43,C - Supporting / dashboard only,small but usable; no strong location column; multi-year data; no clear crime category columns; good numeric columns
18_03_Juveniles_arrested_Family_background.csv,datasets\raw\18_03_Juveniles_arrested_Family_background.csv,Sheet1,350,7,0.0,False,False,False,False,False,True,2001.0,2010.0,10,0,,Area_Name,Year,5,"Year, Family_back_ground_Homeless, Family_back_ground_Living_with_guardian, Family_back_ground_Living_with_parents, Family_back_ground_Total",0,,"Area_Name, Year, Sub_Group_Name, Family_back_ground_Homeless, Family_back_ground_Living_with_guardian, Family_back_ground_Living_with_parents, Family_back_ground_Total",43,C - Supporting / dashboard only,small but usable; no strong location column; multi-year data; no clear crime category columns; good numeric columns
21_Offenders_known_to_the_victim.csv,datasets\raw\21_Offenders_known_to_the_victim.csv,Sheet1,350,7,0.0,False,False,False,False,False,True,2001.0,2010.0,10,0,,"Area_Name, No_of_Cases_in_which_offenders_were_Relatives",Year,6,"Year, No_of_Cases_in_which_offenders_were_known_to_the_Victims, No_of_Cases_in_which_offenders_were_Neighbours, No_of_Cases_in_which_offenders_were_Other_Known_persons, No_of_Cases_in_which_offenders_were_Parentsclose_family_members, No_of_Cases_in_which_offenders_were_Relatives",1,No_of_Cases_in_which_offenders_were_known_to_the_Victims,"Area_Name, Year, No_of_Cases_in_which_offenders_were_known_to_the_Victims, No_of_Cases_in_which_offenders_were_Neighbours, No_of_Cases_in_which_offenders_were_Other_Known_persons, No_of_Cases_in_which_offenders_were_Parentsclose_family_members, No_of_Cases_in_which_offenders_were_Relatives",43,C - Supporting / dashboard only,small but usable; no strong location column; multi-year data; no clear crime category columns; good numeric columns
09_Juveniles_arrested_and_their_disposal.csv,datasets\raw\09_Juveniles_arrested_and_their_disposal.csv,Sheet1,349,10,0.0,False,False,False,False,False,True,2001.0,2010.0,10,0,,"Area_Name, Juveniles_Released_on_Probation_and_placed_under_the_Care_of_Fit_Institutions",Year,9,"Year, Juveniles_Acquitted_or_Otherwise_Disposed_of, Juveniles_Arrested, Juveniles_Dealt_with_Fine, Juveniles_Released_on_Probation_and_placed_under_the_Care_of_Fit_Institutions, Juveniles_Released_on_Probation_and_placed_under_the_Care_of_Parent_Guardian, Juveniles_Sent_Home_after_Advice_or_Admonition, Juveniles_Sent_to_Special_Home, Juveniles_whose_Cases_Pending_Disposal",2,"Juveniles_Arrested, Juveniles_whose_Cases_Pending_Disposal","Area_Name, Year, Juveniles_Acquitted_or_Otherwise_Disposed_of, Juveniles_Arrested, Juveniles_Dealt_with_Fine, Juveniles_Released_on_Probation_and_placed_under_the_Care_of_Fit_Institutions, Juveniles_Released_on_Probation_and_placed_under_the_Care_of_Parent_Guardian, Juveniles_Sent_Home_after_Advice_or_Admonition, Juveniles_Sent_to_Special_Home, Juveniles_whose_Cases_Pending_Disposal",43,C - Supporting / dashboard only,small but usable; no strong location column; multi-year data; no clear crime category columns; good numeric columns
NCRB_Table_4B.1.csv,datasets\raw\NCRB_Table_4B.1.csv,Sheet1,20,6,0.0,False,False,True,False,False,False,2020.0,2022.0,3,0,,City,,5,"Sl. No., 2020, 2021, 2022, Chargesheeting Rate (2022)",1,Chargesheeting Rate (2022),"Sl. No., City, 2020, 2021, 2022, Chargesheeting Rate (2022)",43,C - Supporting / dashboard only,very small file; city-level data; some year trend; no clear crime category columns; good numeric columns
27_Nature_of_complaints_received_by_police.csv,datasets\raw\27_Nature_of_complaints_received_by_police.csv,Sheet1,349,10,2.29,False,False,False,False,False,True,2001.0,2010.0,10,2,"PC7_IPC_Cases_Registered, PC8_SLL_Cases_Registered",Area_Name,Year,9,"Year, PC1_Oral_Complaints, PC2_Written_Complaints, PC3_Distress_call_over_phoneNo_100_etc, PC4_Complaints_initiated_sue_motto_by_Police, PC5_Total_Complaints_Sum_of_1_4_Above, PC6_Total_Complaints_as_recorded_in_GD, PC7_IPC_Cases_Registered, PC8_SLL_Cases_Registered",5,"PC1_Oral_Complaints, PC2_Written_Complaints, PC4_Complaints_initiated_sue_motto_by_Police, PC5_Total_Complaints_Sum_of_1_4_Above, PC6_Total_Complaints_as_recorded_in_GD","Area_Name, Year, PC1_Oral_Complaints, PC2_Written_Complaints, PC3_Distress_call_over_phoneNo_100_etc, PC4_Complaints_initiated_sue_motto_by_Police, PC5_Total_Complaints_Sum_of_1_4_Above, PC6_Total_Complaints_as_recorded_in_GD, PC7_IPC_Cases_Registered, PC8_SLL_Cases_Registered",40,C - Supporting / dashboard only,small but usable; no strong location column; multi-year data; some crime categories; good numeric columns; mostly supporting/profile/legal-process data
Table_4.1-2015.csv,datasets\raw\Table_4.1-2015.csv,Sheet1,35,16,0.0,False,False,False,True,False,True,1970.0,2084.0,3,1,Crime Head (Col. 1),"Cases Transferred to other Police Station/ Magistrate (Col. 5), Cases in Which Chargesheets were not laid but Final Report as True submitted (Col. 12)","Cases Pending Investigation from Previous Year (Col. 2), Cases Reported During the Year (Col. 3), Cases in Ended as Final Report as Non Cognizable Submitted During the Year (Col. 10), Cases Pending Investigation at the End of the Year (Col. 14) = (col. 7  col. 13)",15,"Cases Pending Investigation from Previous Year (Col. 2), Cases Reported During the Year (Col. 3), No. of Cases Withdrawn by the Govt. During Investigation (Col. 4), Cases Transferred to other Police Station/ Magistrate (Col. 5), Cases Not Investigated U/S 157(1)(b) of Cr.PC (Col. 6), Total Cases for Investigation (Col. 7) = (Col. 2+3-4-5-6), Cases Ended as Final Report False (Col. 8), Cases Ended as Mistake of Fact or of Law (Col. 9), Cases in Ended as Final Report as Non Cognizable Submitted During the Year (Col. 10), Cases in Which Charge-sheets were Submitted (Col. 11), Cases in Which Chargesheets were not laid but Final Report as True submitted (Col. 12), Total Cases Disposed of by Police (Col. 13) = (Col. 8+9+10+ 11+12), Cases Pending Investigation at the End of the Year (Col. 14) = (col. 7  col. 13), Charge-Sheeting Rate (Col. 15) = {Col.11/(Col.11+Col.12)} x 100, Cases Pendency Percentage (Col. 16) = {Col.14/(Col.2+Col.3)} x 100",4,"Cases in Which Charge-sheets were Submitted (Col. 11), Cases in Which Chargesheets were not laid but Final Report as True submitted (Col. 12), Charge-Sheeting Rate (Col. 15) = {Col.11/(Col.11+Col.12)} x 100, Cases Pendency Percentage (Col. 16) = {Col.14/(Col.2+Col.3)} x 100","Crime Head (Col. 1), Cases Pending Investigation from Previous Year (Col. 2), Cases Reported During the Year (Col. 3), No. of Cases Withdrawn by the Govt. During Investigation (Col. 4), Cases Transferred to other Police Station/ Magistrate (Col. 5), Cases Not Investigated U/S 157(1)(b) of Cr.PC (Col. 6), Total Cases for Investigation (Col. 7) = (Col. 2+3-4-5-6), Cases Ended as Final Report False (Col. 8), Cases Ended as Mistake of Fact or of Law (Col. 9), Cases in Ended as Final Report as Non Cognizable Submitted During the Year (Col. 10), Cases in Which Charge-sheets were Submitted (Col. 11), Cases in Which Chargesheets were not laid but Final Report as True submitted (Col. 12), Total Cases Disposed of by Police (Col. 13) = (Col. 8+9+10+ 11+12), Cases Pending Investigation at the End of the Year (Col. 14) = (col. 7  col. 13), Charge-Sheeting Rate (Col. 15) = {Col.11/(Col.11+Col.12)} x 100, Cases Pendency Percentage (Col. 16) = {Col.14/(Col.2+Col.3)} x 100",40,C - Supporting / dashboard only,very small file; police-station-level data; some year trend; only one crime category; good numeric columns; mostly supporting/profile/legal-process data
18_04_Juveniles_arrested_Recidivism.csv,datasets\raw\18_04_Juveniles_arrested_Recidivism.csv,Sheet1,350,6,0.0,False,False,False,False,False,True,2001.0,2010.0,10,0,,Area_Name,Year,4,"Year, Recidivism_New_Delinquent, Recidivism_Old_Delinquent, Recidivism_Total",0,,"Area_Name, Year, Sub_Group_Name, Recidivism_New_Delinquent, Recidivism_Old_Delinquent, Recidivism_Total",38,C - Supporting / dashboard only,small but usable; no strong location column; multi-year data; no clear crime category columns; some numeric columns
38_Unidentified_dead_bodies_recovered_and_inquest_conducted.csv,datasets\raw\38_Unidentified_dead_bodies_recovered_and_inquest_conducted.csv,Sheet1,314,3,0.0,False,False,False,False,False,True,2001.0,2010.0,10,0,,Area_Name,Year,2,"Year, Unidentified_Dead_bodies_Recovered_Inquest_Conducted",0,,"Area_Name, Year, Unidentified_Dead_bodies_Recovered_Inquest_Conducted",38,C - Supporting / dashboard only,small but usable; no strong location column; multi-year data; no clear crime category columns; some numeric columns
40_04_Custodial_death_during_hospitalization_or_treatment.csv,datasets\raw\40_04_Custodial_death_during_hospitalization_or_treatment.csv,Sheet1,213,5,0.0,False,False,False,False,False,True,2001.0,2010.0,10,0,,Area_Name,Year,2,"Year, CD_Hospitalisation_Treatment",0,,"Area_Name, Year, Group_Name, Sub_Group_Name, CD_Hospitalisation_Treatment",38,C - Supporting / dashboard only,small but usable; no strong location column; multi-year data; no clear crime category columns; some numeric columns
IT_motives_2013.csv,datasets\raw\IT_motives_2013.csv,Sheet1,38,12,0.0,True,False,False,False,False,True,2013.0,2013.0,1,1,Crime Head,"State/UTs, Cause Disrepute",Year,10,"Year, Revenge /Settling scores, Greed/ Money, Extortion, Cause Disrepute, Prank/ Satisfaction of Gaining Control , Fraud/ Illegal Gain, Eve teasing/ Harassment, Others, Total",0,,"State/UTs, Crime Head, Year, Revenge /Settling scores, Greed/ Money, Extortion, Cause Disrepute, Prank/ Satisfaction of Gaining Control , Fraud/ Illegal Gain, Eve teasing/ Harassment, Others, Total",38,C - Supporting / dashboard only,very small file; state-level data; has time field; only one crime category; good numeric columns
32_Murder_victim_age_sex.csv,datasets\raw\32_Murder_victim_age_sex.csv,Sheet1,1018,11,4.16,False,False,False,False,False,True,2001.0,2010.0,10,0,,Area_Name,Year,8,"Year, Victims_Above_50_Yrs, Victims_Total, Victims_Upto_10_15_Yrs, Victims_Upto_10_Yrs, Victims_Upto_15_18_Yrs, Victims_Upto_18_30_Yrs, Victims_Upto_30_50_Yrs",7,"Victims_Above_50_Yrs, Victims_Total, Victims_Upto_10_15_Yrs, Victims_Upto_10_Yrs, Victims_Upto_15_18_Yrs, Victims_Upto_18_30_Yrs, Victims_Upto_30_50_Yrs","Area_Name, Year, Group_Name, Sub_Group_Name, Victims_Above_50_Yrs, Victims_Total, Victims_Upto_10_15_Yrs, Victims_Upto_10_Yrs, Victims_Upto_15_18_Yrs, Victims_Upto_18_30_Yrs, Victims_Upto_30_50_Yrs",35,C - Supporting / dashboard only,medium row count; no strong location column; multi-year data; no clear crime category columns; good numeric columns; mostly supporting/profile/legal-process data
NCRB_Table_2C.2.csv,datasets\raw\NCRB_Table_2C.2.csv,Sheet1,40,42,1.79,True,False,False,False,False,True,1903.0,2047.0,5,0,,State/UT,"Child Victims - Below 6 Years - M - Col.(3), Child Victims - Below 6 Years - F - Col.(4), Child Victims - Below 6 Years - Tr - Col.(5), Child Victims - Below 6 Years - T - Col.(6), Child Victims - 6 Years to 12 Years - M - Col.(7), Child Victims - 6 Years to 12 Years - F - Col.(8), Child Victims - 6 Years to 12 Years - Tr - Col.(9), Child Victims - 6 Years to 12 Years - T - Col.(10), Child Victims - 12 Years to 16 Years - M - Col.(11), Child Victims - 12 Years to 16 Years - F - Col.(12), Child Victims - 12 Years to 16 Years - Tr - Col.(13), Child Victims - 12 Years to 16 Years - T - Col.(14), Child Victims - 16 Years to 18 Years - M - Col.(15), Child Victims - 16 Years to 18 Years - F - Col.(16), Child Victims - 16 Years to 18 Years - Tr - Col.(17)",41,"Sl. No., Child Victims - Below 6 Years - M - Col.(3), Child Victims - Below 6 Years - F - Col.(4), Child Victims - Below 6 Years - Tr - Col.(5), Child Victims - Below 6 Years - T - Col.(6), Child Victims - 6 Years to 12 Years - M - Col.(7), Child Victims - 6 Years to 12 Years - F - Col.(8), Child Victims - 6 Years to 12 Years - Tr - Col.(9), Child Victims - 6 Years to 12 Years - T - Col.(10), Child Victims - 12 Years to 16 Years - M - Col.(11), Child Victims - 12 Years to 16 Years - F - Col.(12), Child Victims - 12 Years to 16 Years - Tr - Col.(13), Child Victims - 12 Years to 16 Years - T - Col.(14), Child Victims - 16 Years to 18 Years - M - Col.(15), Child Victims - 16 Years to 18 Years - F - Col.(16), Child Victims - 16 Years to 18 Years - Tr - Col.(17), Child Victims - 16 Years to 18 Years - T - Col.(18), Child Victims - Total Child Victims - M - Col.(19), Child Victims - Total Child Victims - F - Col.(20), Child Victims - Total Child Victims - Tr - Col.(21), Child Victims - Total Child Victims - T - Col.(22), Adult Victims - 18 Years to 30 Years - M - Col.(23), Adult Victims - 19 Years to 30 Years - F - Col.(24), Adult Victims - 20 Years to 30 Years - Tr - Col.(25), Adult Victims - 21 Years to 30 Years - T - Col.(26), Adult Victims - 30 Years to 60 Years - M - Col.(27), Adult Victims - 31 Years to 60 Years - F - Col.(28), Adult Victims - 32 Years to 60 Years - Tr - Col.(29), Adult Victims - 33 Years to 60 Years - T - Col.(30), Adult Victims - 60 Years and above - M - Col.(31)",40,"Child Victims - Below 6 Years - M - Col.(3), Child Victims - Below 6 Years - F - Col.(4), Child Victims - Below 6 Years - Tr - Col.(5), Child Victims - Below 6 Years - T - Col.(6), Child Victims - 6 Years to 12 Years - M - Col.(7), Child Victims - 6 Years to 12 Years - F - Col.(8), Child Victims - 6 Years to 12 Years - Tr - Col.(9), Child Victims - 6 Years to 12 Years - T - Col.(10), Child Victims - 12 Years to 16 Years - M - Col.(11), Child Victims - 12 Years to 16 Years - F - Col.(12), Child Victims - 12 Years to 16 Years - Tr - Col.(13), Child Victims - 12 Years to 16 Years - T - Col.(14), Child Victims - 16 Years to 18 Years - M - Col.(15), Child Victims - 16 Years to 18 Years - F - Col.(16), Child Victims - 16 Years to 18 Years - Tr - Col.(17), Child Victims - 16 Years to 18 Years - T - Col.(18), Child Victims - Total Child Victims - M - Col.(19), Child Victims - Total Child Victims - F - Col.(20), Child Victims - Total Child Victims - Tr - Col.(21), Child Victims - Total Child Victims - T - Col.(22)","Sl. No., State/UT, Child Victims - Below 6 Years - M - Col.(3), Child Victims - Below 6 Years - F - Col.(4), Child Victims - Below 6 Years - Tr - Col.(5), Child Victims - Below 6 Years - T - Col.(6), Child Victims - 6 Years to 12 Years - M - Col.(7), Child Victims - 6 Years to 12 Years - F - Col.(8), Child Victims - 6 Years to 12 Years - Tr - Col.(9), Child Victims - 6 Years to 12 Years - T - Col.(10), Child Victims - 12 Years to 16 Years - M - Col.(11), Child Victims - 12 Years to 16 Years - F - Col.(12), Child Victims - 12 Years to 16 Years - Tr - Col.(13), Child Victims - 12 Years to 16 Years - T - Col.(14), Child Victims - 16 Years to 18 Years - M - Col.(15), Child Victims - 16 Years to 18 Years - F - Col.(16), Child Victims - 16 Years to 18 Years - Tr - Col.(17), Child Victims - 16 Years to 18 Years - T - Col.(18), Child Victims - Total Child Victims - M - Col.(19), Child Victims - Total Child Victims - F - Col.(20)",35,C - Supporting / dashboard only,very small file; state-level data; multi-year data; no clear crime category columns; good numeric columns; mostly supporting/profile/legal-process data
23_Anti_corruprion_cases.csv,datasets\raw\23_Anti_corruprion_cases.csv,Sheet1,346,29,0.0,False,False,False,False,False,True,1901.0,2098.0,17,1,AC21_No_of_cases_withdrawn_or_other_wise_disposed_off_on_account_of_death_of_the_accused_during_the_year,"Area_Name, AC09_No_of_cases_pending_departmental_sanction_for_prosecution_during_the_year, AC13_No_of_cases_in_which_charge_sheets_were_not_laid_but_final_report_submitted_during_the_year","Year, AC01_No_of_cases_pending_investigation_from_previous_year, AC02_No_of_cases_registered_during_the_year, AC03_Total_No_of_cases_for_investigation_during_the_year, AC04_No_of_cases_investigated_during_the_year, AC05_No_of_cases_not_investigatedor_in_which_investigation_was_dropped_due_to_any_reason_during_the_year, AC06_No_of_cases_transferred_to_local_police_during_the_year, AC08_No_of_cases_in_which_charge_sheets_were_laid_during_the_year, AC09_No_of_cases_pending_departmental_sanction_for_prosecution_during_the_year, AC10_No_of_cases_sent_up_for_trial_and_also_reported_for_departmental_action_during_the_year, AC11_No_of_cases_reported_for_regular_departmental_action_during_the_year, AC12_No_of_cases_reported_for_suitable_action_during_the_year, AC13_No_of_cases_in_which_charge_sheets_were_not_laid_but_final_report_submitted_during_the_year, AC14_No_of_cases_pending_investigation_at_the_end_of_the_year, AC15_No_of_cases_resulted_in_recoveries_or_seizures_during_the_year",28,"Year, AC01_No_of_cases_pending_investigation_from_previous_year, AC02_No_of_cases_registered_during_the_year, AC03_Total_No_of_cases_for_investigation_during_the_year, AC04_No_of_cases_investigated_during_the_year, AC05_No_of_cases_not_investigatedor_in_which_investigation_was_dropped_due_to_any_reason_during_the_year, AC06_No_of_cases_transferred_to_local_police_during_the_year, AC07_No_of_cases_declared_false_mistake_of_fact_or_of_law_or_non_cognizable_or_civil_in_nature, AC08_No_of_cases_in_which_charge_sheets_were_laid_during_the_year, AC09_No_of_cases_pending_departmental_sanction_for_prosecution_during_the_year, AC10_No_of_cases_sent_up_for_trial_and_also_reported_for_departmental_action_during_the_year, AC11_No_of_cases_reported_for_regular_departmental_action_during_the_year, AC12_No_of_cases_reported_for_suitable_action_during_the_year, AC13_No_of_cases_in_which_charge_sheets_were_not_laid_but_final_report_submitted_during_the_year, AC14_No_of_cases_pending_investigation_at_the_end_of_the_year, AC15_No_of_cases_resulted_in_recoveries_or_seizures_during_the_year, AC16_Value_of_property_recoveredseized_during_the_year_in_Rs, AC17_Percentage_of_cases_charge_sheeted_to_total_cases_investigated, AC18_No_of_cases_pending_trial_from_the_previous_year, AC19_No_of_cases_sent_up_for_trial_during_the_year, AC20_Total_No_of_cases_for_trial_during_the_year, AC21_No_of_cases_withdrawn_or_other_wise_disposed_off_on_account_of_death_of_the_accused_during_the_year, AC22_No_of_cases_in_which_trials_were_completed_during_the_year, AC23_No_of_cases_convicted_during_the_year, AC24_No_of_cases_acquitted_or_discharged_during_the_year, AC25_No_of_cases_pending_trial_at_the_end_of_the_year, AC26_Percentage_of_cases_convicted_to_cases_in_which_trials_were_completed_during_the_year, AC27_Total_amount_of_fine_imposed_during_the_year_in_Rs",11,"AC08_No_of_cases_in_which_charge_sheets_were_laid_during_the_year, AC10_No_of_cases_sent_up_for_trial_and_also_reported_for_departmental_action_during_the_year, AC13_No_of_cases_in_which_charge_sheets_were_not_laid_but_final_report_submitted_during_the_year, AC17_Percentage_of_cases_charge_sheeted_to_total_cases_investigated, AC18_No_of_cases_pending_trial_from_the_previous_year, AC19_No_of_cases_sent_up_for_trial_during_the_year, AC20_Total_No_of_cases_for_trial_during_the_year, AC22_No_of_cases_in_which_trials_were_completed_during_the_year, AC24_No_of_cases_acquitted_or_discharged_during_the_year, AC25_No_of_cases_pending_trial_at_the_end_of_the_year, AC26_Percentage_of_cases_convicted_to_cases_in_which_trials_were_completed_during_the_year","Area_Name, Year, AC01_No_of_cases_pending_investigation_from_previous_year, AC02_No_of_cases_registered_during_the_year, AC03_Total_No_of_cases_for_investigation_during_the_year, AC04_No_of_cases_investigated_during_the_year, AC05_No_of_cases_not_investigatedor_in_which_investigation_was_dropped_due_to_any_reason_during_the_year, AC06_No_of_cases_transferred_to_local_police_during_the_year, AC07_No_of_cases_declared_false_mistake_of_fact_or_of_law_or_non_cognizable_or_civil_in_nature, AC08_No_of_cases_in_which_charge_sheets_were_laid_during_the_year, AC09_No_of_cases_pending_departmental_sanction_for_prosecution_during_the_year, AC10_No_of_cases_sent_up_for_trial_and_also_reported_for_departmental_action_during_the_year, AC11_No_of_cases_reported_for_regular_departmental_action_during_the_year, AC12_No_of_cases_reported_for_suitable_action_during_the_year, AC13_No_of_cases_in_which_charge_sheets_were_not_laid_but_final_report_submitted_during_the_year, AC14_No_of_cases_pending_investigation_at_the_end_of_the_year, AC15_No_of_cases_resulted_in_recoveries_or_seizures_during_the_year, AC16_Value_of_property_recoveredseized_during_the_year_in_Rs, AC17_Percentage_of_cases_charge_sheeted_to_total_cases_investigated, AC18_No_of_cases_pending_trial_from_the_previous_year",33,D - Not useful for Model 1,small but usable; no strong location column; multi-year data; only one crime category; good numeric columns; mostly supporting/profile/legal-process data
Table_12.1-2015.csv,datasets\raw\Table_12.1-2015.csv,Sheet1,88,5,0.0,False,False,False,False,False,False,2014.0,2015.0,2,2,"Crime Head, Percentage Share of Arrestees under Each Crime During 2015",,,4,"2014, 2015, Percentage Variation in 2015 Over 2014, Percentage Share of Arrestees under Each Crime During 2015",2,"Percentage Variation in 2015 Over 2014, Percentage Share of Arrestees under Each Crime During 2015","Crime Head, 2014, 2015, Percentage Variation in 2015 Over 2014, Percentage Share of Arrestees under Each Crime During 2015",32,D - Not useful for Model 1,very small file; no strong location column; some year trend; some crime categories; some numeric columns
Table_3.5-2015.csv,datasets\raw\Table_3.5-2015.csv,Sheet1,39,6,0.0,True,False,False,False,False,False,,,0,3,"No. of Victims Murdered - By Firearms, No. of Victims Murdered - By Licensed Fire Arms, No. of Victims Murdered - By Unlicensed/Improvised/ Crude/Country Made Fire Arms",State/UT,,4,"S.No., No. of Victims Murdered - By Firearms, No. of Victims Murdered - By Licensed Fire Arms, No. of Victims Murdered - By Unlicensed/Improvised/ Crude/Country Made Fire Arms",3,"No. of Victims Murdered - By Firearms, No. of Victims Murdered - By Licensed Fire Arms, No. of Victims Murdered - By Unlicensed/Improvised/ Crude/Country Made Fire Arms","S.No., Category, State/UT, No. of Victims Murdered - By Firearms, No. of Victims Murdered - By Licensed Fire Arms, No. of Victims Murdered - By Unlicensed/Improvised/ Crude/Country Made Fire Arms",32,D - Not useful for Model 1,very small file; state-level data; no year/date field; some crime categories; some numeric columns
2176f9d3-19ea-4280-9b82-e643cfb5255d.csv,datasets\raw\2176f9d3-19ea-4280-9b82-e643cfb5255d.csv,Sheet1,20,7,0.0,False,False,False,False,False,False,2011.0,2022.0,4,1,Rate of crime,Population (in lakhs 2011),,6,"2020, 2021, 2022, Population (in lakhs 2011), Rate of crime, Chargesheet rate (%)",1,Chargesheet rate (%),"Cities, 2020, 2021, 2022, Population (in lakhs 2011), Rate of crime, Chargesheet rate (%)",30,D - Not useful for Model 1,very small file; no strong location column; some year trend; only one crime category; good numeric columns
3ce372d7-27fd-407f-9ff4-d66378774975.csv,datasets\raw\3ce372d7-27fd-407f-9ff4-d66378774975.csv,Sheet1,20,7,0.0,False,False,False,False,False,False,2011.0,2022.0,4,1,Rate of crime,Population (in lakhs 2011),,6,"2020, 2021, 2022, Population (in lakhs 2011), Rate of crime, Chargesheet rate (%)",1,Chargesheet rate (%),"Cities, 2020, 2021, 2022, Population (in lakhs 2011), Rate of crime, Chargesheet rate (%)",30,D - Not useful for Model 1,very small file; no strong location column; some year trend; only one crime category; good numeric columns
Table_8.5-2015.csv,datasets\raw\Table_8.5-2015.csv,Sheet1,10,10,0.0,False,False,False,False,False,False,,,0,8,"Dacoity - (Section 395,396 & 398 IPC) - Number, Dacoity - (Section 395,396 & 398 IPC) - Value, Robbery - (Section 392-394, 397, 398 IPC) - Number, Robbery - (Section 392-394, 397, 398 IPC) - Value, Criminal Trespass/Burglary (Section 457 to 460 IPC) - Number, Criminal Trespass/Burglary (Section 457 to 460 IPC) - Value, Theft - (Section 379-382 IPC) - Number, Theft - (Section 379-382 IPC) - Value",,,9,"Sl. No., Dacoity - (Section 395,396 & 398 IPC) - Number, Dacoity - (Section 395,396 & 398 IPC) - Value, Robbery - (Section 392-394, 397, 398 IPC) - Number, Robbery - (Section 392-394, 397, 398 IPC) - Value, Criminal Trespass/Burglary (Section 457 to 460 IPC) - Number, Criminal Trespass/Burglary (Section 457 to 460 IPC) - Value, Theft - (Section 379-382 IPC) - Number, Theft - (Section 379-382 IPC) - Value",0,,"Sl. No., Place of Occurrence, Dacoity - (Section 395,396 & 398 IPC) - Number, Dacoity - (Section 395,396 & 398 IPC) - Value, Robbery - (Section 392-394, 397, 398 IPC) - Number, Robbery - (Section 392-394, 397, 398 IPC) - Value, Criminal Trespass/Burglary (Section 457 to 460 IPC) - Number, Criminal Trespass/Burglary (Section 457 to 460 IPC) - Value, Theft - (Section 379-382 IPC) - Number, Theft - (Section 379-382 IPC) - Value",30,D - Not useful for Model 1,very small file; no strong location column; no year/date field; multiple crime categories; good numeric columns
33_CH_not_murder_victim_age_sex.csv,datasets\raw\33_CH_not_murder_victim_age_sex.csv,Sheet1,936,10,7.37,False,False,False,False,False,True,2001.0,2010.0,10,0,,Area_Name,Year,8,"Year, Victims_Above_50_Yrs, Victims_Total, Victims_Upto_10_15_Yrs, Victims_Upto_10_Yrs, Victims_Upto_15_18_Yrs, Victims_Upto_18_30_Yrs, Victims_Upto_30_50_Yrs",7,"Victims_Above_50_Yrs, Victims_Total, Victims_Upto_10_15_Yrs, Victims_Upto_10_Yrs, Victims_Upto_15_18_Yrs, Victims_Upto_18_30_Yrs, Victims_Upto_30_50_Yrs","Area_Name, Year, Sub_Group_Name, Victims_Above_50_Yrs, Victims_Total, Victims_Upto_10_15_Yrs, Victims_Upto_10_Yrs, Victims_Upto_15_18_Yrs, Victims_Upto_18_30_Yrs, Victims_Upto_30_50_Yrs",28,D - Not useful for Model 1,small but usable; no strong location column; multi-year data; no clear crime category columns; good numeric columns; mostly supporting/profile/legal-process data
15_Police_natural_death_and_suicide.csv,datasets\raw\15_Police_natural_death_and_suicide.csv,Sheet1,700,9,0.0,False,False,False,False,False,True,2001.0,2010.0,10,0,,Area_Name,Year,7,"Year, Age_18_25_Yrs, Age_25_35_Yrs, Age_35_45_Yrs, Age_45_55_Yrs, Age_Above_55_Yrs, Age_Total",6,"Age_18_25_Yrs, Age_25_35_Yrs, Age_35_45_Yrs, Age_45_55_Yrs, Age_Above_55_Yrs, Age_Total","Area_Name, Year, Group_Name, Age_18_25_Yrs, Age_25_35_Yrs, Age_35_45_Yrs, Age_45_55_Yrs, Age_Above_55_Yrs, Age_Total",28,D - Not useful for Model 1,small but usable; no strong location column; multi-year data; no clear crime category columns; good numeric columns; mostly supporting/profile/legal-process data
14_Age_profile_of_police_personnel_killed_on_duty.csv,datasets\raw\14_Age_profile_of_police_personnel_killed_on_duty.csv,Sheet1,350,8,0.0,False,False,False,False,False,True,2001.0,2010.0,10,0,,Area_Name,Year,7,"Year, Age_18_25_Yrs, Age_25_35_Yrs, Age_35_45_Yrs, Age_45_55_Yrs, Age_Above_55_Yrs, Age_Total",6,"Age_18_25_Yrs, Age_25_35_Yrs, Age_35_45_Yrs, Age_45_55_Yrs, Age_Above_55_Yrs, Age_Total","Area_Name, Year, Age_18_25_Yrs, Age_25_35_Yrs, Age_35_45_Yrs, Age_45_55_Yrs, Age_Above_55_Yrs, Age_Total",28,D - Not useful for Model 1,small but usable; no strong location column; multi-year data; no clear crime category columns; good numeric columns; mostly supporting/profile/legal-process data
22_Persons_arrested_under_recidivism.csv,datasets\raw\22_Persons_arrested_under_recidivism.csv,Sheet1,350,7,0.0,False,False,False,False,False,True,2001.0,2010.0,10,0,,Area_Name,"Year, Offenders_Arrested_for_the_First_time, Offenders_Conviction_in_the_past_Three_times_or_More",6,"Year, Offenders_Arrested, Offenders_Arrested_for_the_First_time, Offenders_Conviction_in_the_past_Once, Offenders_Conviction_in_the_past_Three_times_or_More, Offenders_Conviction_in_the_past_Twice",5,"Offenders_Arrested, Offenders_Arrested_for_the_First_time, Offenders_Conviction_in_the_past_Once, Offenders_Conviction_in_the_past_Three_times_or_More, Offenders_Conviction_in_the_past_Twice","Area_Name, Year, Offenders_Arrested, Offenders_Arrested_for_the_First_time, Offenders_Conviction_in_the_past_Once, Offenders_Conviction_in_the_past_Three_times_or_More, Offenders_Conviction_in_the_past_Twice",28,D - Not useful for Model 1,small but usable; no strong location column; multi-year data; no clear crime category columns; good numeric columns; mostly supporting/profile/legal-process data
25_Complaints_against_police.csv,datasets\raw\25_Complaints_against_police.csv,Sheet1,350,22,0.0,False,False,False,False,False,True,2001.0,2010.0,10,0,,"Area_Name, CPC_-_Police_Personnel_Major_Punishment_awarded, CPC_-_Police_Personnel_Minor_Punishment_awarded",Year,20,"Year, CPA_-_Cases_Registered, CPA_-_Cases_Reported_for_Dept._Action, CPA_-_Complaints/Cases_Declared_False/Unsubstantiated, CPA_-_Complaints_Received/Alleged, CPA_-_No_of_Departmental_Enquiries, CPA_-_No_of_Magisterial_Enquiries, CPA-_Cases_Sent_for_Trials/Charge-sheeted, CPA-_No_of_Judicial_Enquiries, CPB_-_Police_Personnel_Acquitted, CPB_-_Police_Personnel_Convicted, CPB_-_Police_Personnel_sent_up_for_Trial, CPB_-_Police_Personnel_Trial_Completed, CPB-_Police_Personnel_Cases_Withdrawn_or_Otherwise_disposed_of, CPC_-_Police_personnel_Cases_Trial_Completed, CPC_-_Police_Personnel_Cases_Withdrawn_or_Otherwise_disposed_of, CPC_-_Police_Personnel_Disciplinary_Action_Initiated, CPC_-_Police_Personnel_Dismissal/Removal_from_Service, CPC_-_Police_Personnel_Major_Punishment_awarded, CPC_-_Police_Personnel_Minor_Punishment_awarded",6,"CPA_-_Complaints/Cases_Declared_False/Unsubstantiated, CPA_-_Complaints_Received/Alleged, CPA-_Cases_Sent_for_Trials/Charge-sheeted, CPB_-_Police_Personnel_sent_up_for_Trial, CPB_-_Police_Personnel_Trial_Completed, CPC_-_Police_personnel_Cases_Trial_Completed","Area_Name, Year, Sub_group, CPA_-_Cases_Registered, CPA_-_Cases_Reported_for_Dept._Action, CPA_-_Complaints/Cases_Declared_False/Unsubstantiated, CPA_-_Complaints_Received/Alleged, CPA_-_No_of_Departmental_Enquiries, CPA_-_No_of_Magisterial_Enquiries, CPA-_Cases_Sent_for_Trials/Charge-sheeted, CPA-_No_of_Judicial_Enquiries, CPB_-_Police_Personnel_Acquitted, CPB_-_Police_Personnel_Convicted, CPB_-_Police_Personnel_sent_up_for_Trial, CPB_-_Police_Personnel_Trial_Completed, CPB-_Police_Personnel_Cases_Withdrawn_or_Otherwise_disposed_of, CPC_-_Police_personnel_Cases_Trial_Completed, CPC_-_Police_Personnel_Cases_Withdrawn_or_Otherwise_disposed_of, CPC_-_Police_Personnel_Disciplinary_Action_Initiated, CPC_-_Police_Personnel_Dismissal/Removal_from_Service",28,D - Not useful for Model 1,small but usable; no strong location column; multi-year data; no clear crime category columns; good numeric columns; mostly supporting/profile/legal-process data
24_Anti_corruption_arrests.csv,datasets\raw\24_Anti_corruption_arrests.csv,Sheet1,347,24,0.04,False,False,False,False,False,True,1903.0,2086.0,21,0,,"Area_Name, ACA163_No_of_persons_awarded_other_major_punishments_during_the_year, ACA164_No_of_persons_awarded_minor_punishments_during_the_year, ACA171_No_of_Group_`A'_Officers_out_of_above, ACA172_No_of_Group_`B'_Officers_out_of_above","Year, ACA01_No_of_persons_in_custody_or_on_bail_during_the_stage_of_investigation_at_the_beginning_of_the_year, ACA02_No_of_persons_arrested_during_the_year, ACA04_No_of_persons_in_custody_or_on_bail_during_the_stage_of_investigation_at_the_end_of_the_year, ACA05_No_of_persons_in_whose_cases_charge_sheets_were_laid_during_the_year, ACA06_No_of_persons_under_trial_at_the_beginning_of_the_year, ACA07_Total_No_of_persons_under_trial_during_the_year, ACA08_No_of_persons_whose_cases_were_withdrawn_or_otherwise_disposed_off_during_the_year, ACA09_No_of_persons_in_custody_or_on_bail_during_the_stage_of_trial_at_the_end_of_the_year, ACA10_No_of_persons_in_whose_cases_trials_were_completed_during_the_year, ACA11_No_of_persons_convicted_during_the_year, ACA12_No_of_persons_acquitted_during_the_year, ACA13_Percentage_of_persons_convicted_to_total_persons_in_whose_cases_trials_were_completed_during_the_year, ACA14_No_of_persons_involved_in_the_cases_reported_for_Regular_Departmental_Action_during_the_year, ACA15_No_of_persons_involved_in_the_cases_reported_for_suitable_action_during_the_year",23,"Year, ACA01_No_of_persons_in_custody_or_on_bail_during_the_stage_of_investigation_at_the_beginning_of_the_year, ACA02_No_of_persons_arrested_during_the_year, ACA04_No_of_persons_in_custody_or_on_bail_during_the_stage_of_investigation_at_the_end_of_the_year, ACA05_No_of_persons_in_whose_cases_charge_sheets_were_laid_during_the_year, ACA06_No_of_persons_under_trial_at_the_beginning_of_the_year, ACA07_Total_No_of_persons_under_trial_during_the_year, ACA08_No_of_persons_whose_cases_were_withdrawn_or_otherwise_disposed_off_during_the_year, ACA09_No_of_persons_in_custody_or_on_bail_during_the_stage_of_trial_at_the_end_of_the_year, ACA10_No_of_persons_in_whose_cases_trials_were_completed_during_the_year, ACA11_No_of_persons_convicted_during_the_year, ACA12_No_of_persons_acquitted_during_the_year, ACA13_Percentage_of_persons_convicted_to_total_persons_in_whose_cases_trials_were_completed_during_the_year, ACA14_No_of_persons_involved_in_the_cases_reported_for_Regular_Departmental_Action_during_the_year, ACA15_No_of_persons_involved_in_the_cases_reported_for_suitable_action_during_the_year, ACA16_No_of_persons_punished_departmentally_during_the_year:, ACA161_No_of_persons_dismissed_from_Service_during_the_year, ACA162_No_of_persons_removed_from_service_during_the_year, ACA163_No_of_persons_awarded_other_major_punishments_during_the_year, ACA164_No_of_persons_awarded_minor_punishments_during_the_year, ACA171_No_of_Group_`A'_Officers_out_of_above, ACA172_No_of_Group_`B'_Officers_out_of_above, ACA19_No_of_private_persons_involved_during_the_year",9,"ACA01_No_of_persons_in_custody_or_on_bail_during_the_stage_of_investigation_at_the_beginning_of_the_year, ACA02_No_of_persons_arrested_during_the_year, ACA04_No_of_persons_in_custody_or_on_bail_during_the_stage_of_investigation_at_the_end_of_the_year, ACA05_No_of_persons_in_whose_cases_charge_sheets_were_laid_during_the_year, ACA06_No_of_persons_under_trial_at_the_beginning_of_the_year, ACA07_Total_No_of_persons_under_trial_during_the_year, ACA09_No_of_persons_in_custody_or_on_bail_during_the_stage_of_trial_at_the_end_of_the_year, ACA10_No_of_persons_in_whose_cases_trials_were_completed_during_the_year, ACA13_Percentage_of_persons_convicted_to_total_persons_in_whose_cases_trials_were_completed_during_the_year","Area_Name, Year, ACA01_No_of_persons_in_custody_or_on_bail_during_the_stage_of_investigation_at_the_beginning_of_the_year, ACA02_No_of_persons_arrested_during_the_year, ACA04_No_of_persons_in_custody_or_on_bail_during_the_stage_of_investigation_at_the_end_of_the_year, ACA05_No_of_persons_in_whose_cases_charge_sheets_were_laid_during_the_year, ACA06_No_of_persons_under_trial_at_the_beginning_of_the_year, ACA07_Total_No_of_persons_under_trial_during_the_year, ACA08_No_of_persons_whose_cases_were_withdrawn_or_otherwise_disposed_off_during_the_year, ACA09_No_of_persons_in_custody_or_on_bail_during_the_stage_of_trial_at_the_end_of_the_year, ACA10_No_of_persons_in_whose_cases_trials_were_completed_during_the_year, ACA11_No_of_persons_convicted_during_the_year, ACA12_No_of_persons_acquitted_during_the_year, ACA13_Percentage_of_persons_convicted_to_total_persons_in_whose_cases_trials_were_completed_during_the_year, ACA14_No_of_persons_involved_in_the_cases_reported_for_Regular_Departmental_Action_during_the_year, ACA15_No_of_persons_involved_in_the_cases_reported_for_suitable_action_during_the_year, ACA16_No_of_persons_punished_departmentally_during_the_year:, ACA161_No_of_persons_dismissed_from_Service_during_the_year, ACA162_No_of_persons_removed_from_service_during_the_year, ACA163_No_of_persons_awarded_other_major_punishments_during_the_year",28,D - Not useful for Model 1,small but usable; no strong location column; multi-year data; no clear crime category columns; good numeric columns; mostly supporting/profile/legal-process data
37_Home_guards_and_auxilliary_force.csv,datasets\raw\37_Home_guards_and_auxilliary_force.csv,Sheet1,333,8,2.85,False,False,False,False,False,True,2001.0,2010.0,10,0,,Area_Name,Year,7,"Year, HG_Lower_Subordinates_Actual_Strength, HG_Lower_Subordinates_Sanctioned_Strength, HG_Officers_Actual_Strength, HG_Officers_Sanctioned_Strength, HG_Upper_Subordinates_Actual_Strength, HG_Upper_Subordinates_Sanctioned_Strength",6,"HG_Lower_Subordinates_Actual_Strength, HG_Lower_Subordinates_Sanctioned_Strength, HG_Officers_Actual_Strength, HG_Officers_Sanctioned_Strength, HG_Upper_Subordinates_Actual_Strength, HG_Upper_Subordinates_Sanctioned_Strength","Area_Name, Year, HG_Lower_Subordinates_Actual_Strength, HG_Lower_Subordinates_Sanctioned_Strength, HG_Officers_Actual_Strength, HG_Officers_Sanctioned_Strength, HG_Upper_Subordinates_Actual_Strength, HG_Upper_Subordinates_Sanctioned_Strength",28,D - Not useful for Model 1,small but usable; no strong location column; multi-year data; no clear crime category columns; good numeric columns; mostly supporting/profile/legal-process data
41_Escapes_from_police_custody.csv,datasets\raw\41_Escapes_from_police_custody.csv,Sheet1,311,21,11.7,False,False,False,False,False,True,2001.0,2010.0,10,0,,"Area_Name, EPC_Persons_Awarded_more_than_3_Years_Imprisonment, EPC_Persons_Awarded_upto_3_Years_Imprisonment, EPC_Persons_Escaped_Outside_the_Lockup","Year, EPC_Persons_Awarded_more_than_3_Years_Imprisonment, EPC_Persons_Awarded_upto_3_Years_Imprisonment",20,"Year, EPC_Cases_Cases_Acquitted, EPC_Cases_Cases_Convicted, EPC_Cases_Cases_Pending_for_Trial, EPC_Cases_Registered, EPC_Cases_Trial_Completed, EPC_Escapees_Re_Arrested_from_Lockup, EPC_Escapees_Re_Arrested_from_Others, EPC_FR_Submitted, EPC_Persons_Awarded_more_than_3_Years_Imprisonment, EPC_Persons_Awarded_upto_3_Years_Imprisonment, EPC_Persons_Cases_Acquitted, EPC_Persons_Cases_Convicted, EPC_Persons_Cases_Pending_for_Trial, EPC_Persons_Chargesheeted_for_Escape, EPC_Persons_Escaped, EPC_Persons_Escaped_from_Lockup, EPC_Persons_Escaped_Outside_the_Lockup, EPC_Persons_Escaped_Total, EPC_Persons_Trial_Completed",7,"EPC_Cases_Cases_Pending_for_Trial, EPC_Cases_Trial_Completed, EPC_Escapees_Re_Arrested_from_Lockup, EPC_Escapees_Re_Arrested_from_Others, EPC_Persons_Cases_Pending_for_Trial, EPC_Persons_Chargesheeted_for_Escape, EPC_Persons_Trial_Completed","Area_Name, Year, EPC_Cases_Cases_Acquitted, EPC_Cases_Cases_Convicted, EPC_Cases_Cases_Pending_for_Trial, EPC_Cases_Registered, EPC_Cases_Trial_Completed, EPC_Escapees_Re_Arrested_from_Lockup, EPC_Escapees_Re_Arrested_from_Others, EPC_FR_Submitted, EPC_Persons_Awarded_more_than_3_Years_Imprisonment, EPC_Persons_Awarded_upto_3_Years_Imprisonment, EPC_Persons_Cases_Acquitted, EPC_Persons_Cases_Convicted, EPC_Persons_Cases_Pending_for_Trial, EPC_Persons_Chargesheeted_for_Escape, EPC_Persons_Escaped, EPC_Persons_Escaped_from_Lockup, EPC_Persons_Escaped_Outside_the_Lockup, EPC_Persons_Escaped_Total",28,D - Not useful for Model 1,small but usable; no strong location column; multi-year data; no clear crime category columns; good numeric columns; mostly supporting/profile/legal-process data
Table_4.2-2015.csv,datasets\raw\Table_4.2-2015.csv,Sheet1,39,18,0.0,True,False,False,True,False,True,2066.0,2066.0,1,0,,"State/UT (Col. 3), Cases Transferred to other Police Station/ Magistrate (Col. 7), Cases in Which Charge-sheets were not laid but Final Report as True submitted (Col. 14)","Cases Pending Investigation from Previous Year (Col. 4), Cases Reported During the Year (Col. 5), Cases in Ended as Final Report as Non Cognizable Submitted During the Year (Col. 12), Cases Pending Investigation at the End of the Year (Col. 16)",16,"S.No. (Col. 1), Cases Pending Investigation from Previous Year (Col. 4), Cases Reported During the Year (Col. 5), No. of Cases Withdrawn by the Govt. During Investigation (Col. 6), Cases Transferred to other Police Station/ Magistrate (Col. 7), Cases Not Investigated U/S 157(1)(b) of Cr.PC (Col. 8), Total Cases for Investigation (Col. 9) = (Col. 4+5-6-7-8), Cases Ended as Final Report False (Col. 10), Cases Ended as Mistake of Fact or of Law (Col. 11), Cases in Ended as Final Report as Non Cognizable Submitted During the Year (Col. 12), Cases in Which Charge-sheets were Submitted (Col. 13), Cases in Which Charge-sheets were not laid but Final Report as True submitted (Col. 14), Total Cases Disposed of by Police (Col. 15) = (Col. 10+11+12 +13+14), Cases Pending Investigation at the End of the Year (Col. 16), Charge-Sheeting Rate (Col. 17) = {Col.13/(Col.13+Col.14} x 100, Cases Pendency Percentage (Col. 18) = {Col.16/(Col.4+Col.5)} x 100",4,"Cases in Which Charge-sheets were Submitted (Col. 13), Cases in Which Charge-sheets were not laid but Final Report as True submitted (Col. 14), Charge-Sheeting Rate (Col. 17) = {Col.13/(Col.13+Col.14} x 100, Cases Pendency Percentage (Col. 18) = {Col.16/(Col.4+Col.5)} x 100","S.No. (Col. 1), Category (Col. 2), State/UT (Col. 3), Cases Pending Investigation from Previous Year (Col. 4), Cases Reported During the Year (Col. 5), No. of Cases Withdrawn by the Govt. During Investigation (Col. 6), Cases Transferred to other Police Station/ Magistrate (Col. 7), Cases Not Investigated U/S 157(1)(b) of Cr.PC (Col. 8), Total Cases for Investigation (Col. 9) = (Col. 4+5-6-7-8), Cases Ended as Final Report False (Col. 10), Cases Ended as Mistake of Fact or of Law (Col. 11), Cases in Ended as Final Report as Non Cognizable Submitted During the Year (Col. 12), Cases in Which Charge-sheets were Submitted (Col. 13), Cases in Which Charge-sheets were not laid but Final Report as True submitted (Col. 14), Total Cases Disposed of by Police (Col. 15) = (Col. 10+11+12 +13+14), Cases Pending Investigation at the End of the Year (Col. 16), Charge-Sheeting Rate (Col. 17) = {Col.13/(Col.13+Col.14} x 100, Cases Pendency Percentage (Col. 18) = {Col.16/(Col.4+Col.5)} x 100",28,D - Not useful for Model 1,very small file; police-station-level data; has time field; no clear crime category columns; good numeric columns; mostly supporting/profile/legal-process data
Table_12.6-2015.csv,datasets\raw\Table_12.6-2015.csv,Sheet1,70,23,0.0,False,False,False,False,False,True,1931.0,2075.0,6,1,Crime Head,,"Persons in Custody During the Stage of Trial at the Beginning of the year - Male, Persons in Custody During the Stage of Trial at the Beginning of the year - Female, Persons on Bail During the Stage of Trial at the Beginning of the year - Male, Persons on Bail During the Stage of Trial at the Beginning of the year - Female, Total Number of Persons under Trial During the Year - Male, Total Number of Persons under Trial During the Year - Female, Persons in whose Cases Trials were Completed During the Year - Male, Persons in whose Cases Trials were Completed During the Year - Female, Persons in Custody During the stage of Trial at the end of the year - Male, Persons in Custody During the stage of Trial at the end of the year - Female, Persons on Bail During the stage of Trial at the end of the year - Male, Persons on Bail During the stage of Trial at the end of the year - Female",22,"Persons in Custody During the Stage of Trial at the Beginning of the year - Male, Persons in Custody During the Stage of Trial at the Beginning of the year - Female, Persons on Bail During the Stage of Trial at the Beginning of the year - Male, Persons on Bail During the Stage of Trial at the Beginning of the year - Female, Total Number of Persons under Trial During the Year - Male, Total Number of Persons under Trial During the Year - Female, Persons Against whom Cases were Compounded by Courts - Male, Persons Against whom Cases were Compounded by Courts - Female, Persons Against whom Cases were Withdrawn - Male, Persons Against whom Cases were Withdrawn - Female, Persons in whose Cases Trials were Completed During the Year - Male, Persons in whose Cases Trials were Completed During the Year - Female, Persons Convicted - Male, Persons Convicted - Female, Persons Acquitted - Male, Persons Acquitted - Female, Persons Discharged by Court - Male, Persons Discharged by Court - Female, Persons in Custody During the stage of Trial at the end of the year - Male, Persons in Custody During the stage of Trial at the end of the year - Female, Persons on Bail During the stage of Trial at the end of the year - Male, Persons on Bail During the stage of Trial at the end of the year - Female",16,"Persons in Custody During the Stage of Trial at the Beginning of the year - Male, Persons in Custody During the Stage of Trial at the Beginning of the year - Female, Persons on Bail During the Stage of Trial at the Beginning of the year - Male, Persons on Bail During the Stage of Trial at the Beginning of the year - Female, Total Number of Persons under Trial During the Year - Male, Total Number of Persons under Trial During the Year - Female, Persons Against whom Cases were Compounded by Courts - Male, Persons Against whom Cases were Compounded by Courts - Female, Persons in whose Cases Trials were Completed During the Year - Male, Persons in whose Cases Trials were Completed During the Year - Female, Persons Discharged by Court - Male, Persons Discharged by Court - Female, Persons in Custody During the stage of Trial at the end of the year - Male, Persons in Custody During the stage of Trial at the end of the year - Female, Persons on Bail During the stage of Trial at the end of the year - Male, Persons on Bail During the stage of Trial at the end of the year - Female","Crime Head, Persons in Custody During the Stage of Trial at the Beginning of the year - Male, Persons in Custody During the Stage of Trial at the Beginning of the year - Female, Persons on Bail During the Stage of Trial at the Beginning of the year - Male, Persons on Bail During the Stage of Trial at the Beginning of the year - Female, Total Number of Persons under Trial During the Year - Male, Total Number of Persons under Trial During the Year - Female, Persons Against whom Cases were Compounded by Courts - Male, Persons Against whom Cases were Compounded by Courts - Female, Persons Against whom Cases were Withdrawn - Male, Persons Against whom Cases were Withdrawn - Female, Persons in whose Cases Trials were Completed During the Year - Male, Persons in whose Cases Trials were Completed During the Year - Female, Persons Convicted - Male, Persons Convicted - Female, Persons Acquitted - Male, Persons Acquitted - Female, Persons Discharged by Court - Male, Persons Discharged by Court - Female, Persons in Custody During the stage of Trial at the end of the year - Male",25,D - Not useful for Model 1,very small file; no strong location column; multi-year data; only one crime category; good numeric columns; mostly supporting/profile/legal-process data
NCRB_Table_4A.9.csv,datasets\raw\NCRB_Table_4A.9.csv,Sheet1,39,22,0.0,True,False,False,False,False,True,1990.0,2002.0,2,0,,State/UT,"Victims below 6 Years - Boys, Victims below 6 Years - Girls, Victims below 6 Years - Trans, Victims below 6 Years - Total, Victims 6 to 12 Years - Boys, Victims 6 to 12 Years - Girls, Victims 6 to 12 Years - Trans, Victims 6 to 12 Years - Total, Victims 12 to 16 Years - Boys, Victims 12 to 16 Years - Girls, Victims 12 to 16 Years - Trans, Victims 12 to 16 Years - Total, Victims 16 to 18 Years - Boys, Victims 16 to 18 Years - Girls, Victims 16 to 18 Years - Trans",21,"Sl. No., Victims below 6 Years - Boys, Victims below 6 Years - Girls, Victims below 6 Years - Trans, Victims below 6 Years - Total, Victims 6 to 12 Years - Boys, Victims 6 to 12 Years - Girls, Victims 6 to 12 Years - Trans, Victims 6 to 12 Years - Total, Victims 12 to 16 Years - Boys, Victims 12 to 16 Years - Girls, Victims 12 to 16 Years - Trans, Victims 12 to 16 Years - Total, Victims 16 to 18 Years - Boys, Victims 16 to 18 Years - Girls, Victims 16 to 18 Years - Trans, Victims 16 to 18 Years - Total, Total Child Victims - Boys, Total Child Victims - Girls, Total Child Victims - Trans, Total Child Victims - Total",20,"Victims below 6 Years - Boys, Victims below 6 Years - Girls, Victims below 6 Years - Trans, Victims below 6 Years - Total, Victims 6 to 12 Years - Boys, Victims 6 to 12 Years - Girls, Victims 6 to 12 Years - Trans, Victims 6 to 12 Years - Total, Victims 12 to 16 Years - Boys, Victims 12 to 16 Years - Girls, Victims 12 to 16 Years - Trans, Victims 12 to 16 Years - Total, Victims 16 to 18 Years - Boys, Victims 16 to 18 Years - Girls, Victims 16 to 18 Years - Trans, Victims 16 to 18 Years - Total, Total Child Victims - Boys, Total Child Victims - Girls, Total Child Victims - Trans, Total Child Victims - Total","Sl. No., State/UT, Victims below 6 Years - Boys, Victims below 6 Years - Girls, Victims below 6 Years - Trans, Victims below 6 Years - Total, Victims 6 to 12 Years - Boys, Victims 6 to 12 Years - Girls, Victims 6 to 12 Years - Trans, Victims 6 to 12 Years - Total, Victims 12 to 16 Years - Boys, Victims 12 to 16 Years - Girls, Victims 12 to 16 Years - Trans, Victims 12 to 16 Years - Total, Victims 16 to 18 Years - Boys, Victims 16 to 18 Years - Girls, Victims 16 to 18 Years - Trans, Victims 16 to 18 Years - Total, Total Child Victims - Boys, Total Child Victims - Girls",25,D - Not useful for Model 1,very small file; state-level data; some year trend; no clear crime category columns; good numeric columns; mostly supporting/profile/legal-process data
Table_2.1-2015.csv,datasets\raw\Table_2.1-2015.csv,Sheet1,54,6,0.0,False,False,False,False,False,False,,,0,2,"Incidence of Total Cognizable Crimes, Rate of Total Cognizable Crimes","Percentage Contribution to, Actual Population",,5,"S.No., Incidence of Total Cognizable Crimes, Percentage Contribution to, Actual Population, Rate of Total Cognizable Crimes",2,"Percentage Contribution to, Actual Population","S.No., Cities @, Incidence of Total Cognizable Crimes, Percentage Contribution to, Actual Population, Rate of Total Cognizable Crimes",22,D - Not useful for Model 1,very small file; no strong location column; no year/date field; some crime categories; good numeric columns
Table_5.4-2015.csv,datasets\raw\Table_5.4-2015.csv,Sheet1,39,15,0.17,True,False,False,False,False,False,,,0,2,"Total Rape Cases (Col.4), Percentage Share of Known Cases to Total Rape Cases (Col.15)","State/UT (Col.3), Cases in Which Offenders were known to the Victims - Relatives (other than cols. 6 & 7) (Col.8)",,13,"S. No. (Col.1), Total Rape Cases (Col.4), Cases in Which Offenders were known to the Victims - No. of Cases in Which Offenders were known to the Victims (Total) (Col.5), Cases in Which Offenders were known to the Victims - Grand Father/ Father/ Brother/ Son/etc (Col.6), Cases in Which Offenders were known to the Victims - Close Family Members (Other than Col.6) (Col.7), Cases in Which Offenders were known to the Victims - Relatives (other than cols. 6 & 7) (Col.8), Cases in Which Offenders were known to the Victims - Neighbours (Col.9), Cases in Which Offenders were known to the Victims - Employer/ Co-Workers (Col.10), Cases in Which Offenders were known to the Victims - Live In Partner/ Husband (Separated /Ex) (Col.11), Cases in Which Offenders were known to the Victims - Known Persons on Promise to Marry the Victim (Col.12), Cases in Which Offenders were known to the Victims - Other Known Persons (Col.13), Offenders Not Identified by Victims (Col.14), Percentage Share of Known Cases to Total Rape Cases (Col.15)",11,"Cases in Which Offenders were known to the Victims - No. of Cases in Which Offenders were known to the Victims (Total) (Col.5), Cases in Which Offenders were known to the Victims - Grand Father/ Father/ Brother/ Son/etc (Col.6), Cases in Which Offenders were known to the Victims - Close Family Members (Other than Col.6) (Col.7), Cases in Which Offenders were known to the Victims - Relatives (other than cols. 6 & 7) (Col.8), Cases in Which Offenders were known to the Victims - Neighbours (Col.9), Cases in Which Offenders were known to the Victims - Employer/ Co-Workers (Col.10), Cases in Which Offenders were known to the Victims - Live In Partner/ Husband (Separated /Ex) (Col.11), Cases in Which Offenders were known to the Victims - Known Persons on Promise to Marry the Victim (Col.12), Cases in Which Offenders were known to the Victims - Other Known Persons (Col.13), Offenders Not Identified by Victims (Col.14), Percentage Share of Known Cases to Total Rape Cases (Col.15)","S. No. (Col.1), Category(Col.2), State/UT (Col.3), Total Rape Cases (Col.4), Cases in Which Offenders were known to the Victims - No. of Cases in Which Offenders were known to the Victims (Total) (Col.5), Cases in Which Offenders were known to the Victims - Grand Father/ Father/ Brother/ Son/etc (Col.6), Cases in Which Offenders were known to the Victims - Close Family Members (Other than Col.6) (Col.7), Cases in Which Offenders were known to the Victims - Relatives (other than cols. 6 & 7) (Col.8), Cases in Which Offenders were known to the Victims - Neighbours (Col.9), Cases in Which Offenders were known to the Victims - Employer/ Co-Workers (Col.10), Cases in Which Offenders were known to the Victims - Live In Partner/ Husband (Separated /Ex) (Col.11), Cases in Which Offenders were known to the Victims - Known Persons on Promise to Marry the Victim (Col.12), Cases in Which Offenders were known to the Victims - Other Known Persons (Col.13), Offenders Not Identified by Victims (Col.14), Percentage Share of Known Cases to Total Rape Cases (Col.15)",22,D - Not useful for Model 1,very small file; state-level data; no year/date field; some crime categories; good numeric columns; mostly supporting/profile/legal-process data
NCRB_Table_2B.3.csv,datasets\raw\NCRB_Table_2B.3.csv,Sheet1,21,46,3.42,False,False,True,False,False,True,,,0,0,,City,"Child Victims - Below 6 Years - M - Col.(3), Child Victims - Below 6 Years - F - Col.(4), Child Victims - Below 6 Years - Trans - Col.(5), Child Victims - Below 6 Years - Total - Col.(6), Child Victims - 6 Years to 12 Years - M - Col.(7), Child Victims - 6 Years to 12 Years - F - Col.(8), Child Victims - 6 Years to 12 Years - Trans - Col.(9), Child Victims - 6 Years to 12 Years - Total - Col.(10), Child Victims - 12 Years to 16 Years - M - Col.(11), Child Victims - 12 Years to 16 Years - F - Col.(12), Child Victims - 12 Years to 16 Years - Trans - Col.(13), Child Victims - 12 Years to 16 Years - Total - Col.(14), Child Victims - 16 Years to 18 Years - M - Col.(15), Child Victims - 16 Years to 18 Years - F - Col.(16), Child Victims - 16 Years to 18 Years - Trans - Col.(17)",45,"Sl. No., Child Victims - Below 6 Years - M - Col.(3), Child Victims - Below 6 Years - F - Col.(4), Child Victims - Below 6 Years - Trans - Col.(5), Child Victims - Below 6 Years - Total - Col.(6), Child Victims - 6 Years to 12 Years - M - Col.(7), Child Victims - 6 Years to 12 Years - F - Col.(8), Child Victims - 6 Years to 12 Years - Trans - Col.(9), Child Victims - 6 Years to 12 Years - Total - Col.(10), Child Victims - 12 Years to 16 Years - M - Col.(11), Child Victims - 12 Years to 16 Years - F - Col.(12), Child Victims - 12 Years to 16 Years - Trans - Col.(13), Child Victims - 12 Years to 16 Years - Total - Col.(14), Child Victims - 16 Years to 18 Years - M - Col.(15), Child Victims - 16 Years to 18 Years - F - Col.(16), Child Victims - 16 Years to 18 Years - Trans - Col.(17), Child Victims - Total - Col.(18), Child Victims - Total Child Victims - M - Col.(19), Child Victims - Total Child Victims - F - Col.(20), Child Victims - Total Child Victims - Trans - Col.(21), Child Victims - Total Child Victims - Total - Col.(22), Adult Victims - 18 Years to 30 Years - M - Col.(23), Adult Victims - 18 Years to 30 Years - F - Col.(24), Adult Victims - 18 Years to 30 Years - Trans - Col.(25), Adult Victims - 18 Years to 30 Years - Total - Col.(26), Adult Victims - 30 Years to 45 Years - M - Col.(27), Adult Victims - 30 Years to 45 Years - F - Col.(28), Adult Victims - 30 Years to 45 Years - Trans - Col.(29), Adult Victims - 30 Years to 45 Years - Total - Col.(30), Adult Victims - 45 Years to 60 Years - M - Col.(31)",44,"Child Victims - Below 6 Years - M - Col.(3), Child Victims - Below 6 Years - F - Col.(4), Child Victims - Below 6 Years - Trans - Col.(5), Child Victims - Below 6 Years - Total - Col.(6), Child Victims - 6 Years to 12 Years - M - Col.(7), Child Victims - 6 Years to 12 Years - F - Col.(8), Child Victims - 6 Years to 12 Years - Trans - Col.(9), Child Victims - 6 Years to 12 Years - Total - Col.(10), Child Victims - 12 Years to 16 Years - M - Col.(11), Child Victims - 12 Years to 16 Years - F - Col.(12), Child Victims - 12 Years to 16 Years - Trans - Col.(13), Child Victims - 12 Years to 16 Years - Total - Col.(14), Child Victims - 16 Years to 18 Years - M - Col.(15), Child Victims - 16 Years to 18 Years - F - Col.(16), Child Victims - 16 Years to 18 Years - Trans - Col.(17), Child Victims - Total - Col.(18), Child Victims - Total Child Victims - M - Col.(19), Child Victims - Total Child Victims - F - Col.(20), Child Victims - Total Child Victims - Trans - Col.(21), Child Victims - Total Child Victims - Total - Col.(22)","Sl. No., City, Child Victims - Below 6 Years - M - Col.(3), Child Victims - Below 6 Years - F - Col.(4), Child Victims - Below 6 Years - Trans - Col.(5), Child Victims - Below 6 Years - Total - Col.(6), Child Victims - 6 Years to 12 Years - M - Col.(7), Child Victims - 6 Years to 12 Years - F - Col.(8), Child Victims - 6 Years to 12 Years - Trans - Col.(9), Child Victims - 6 Years to 12 Years - Total - Col.(10), Child Victims - 12 Years to 16 Years - M - Col.(11), Child Victims - 12 Years to 16 Years - F - Col.(12), Child Victims - 12 Years to 16 Years - Trans - Col.(13), Child Victims - 12 Years to 16 Years - Total - Col.(14), Child Victims - 16 Years to 18 Years - M - Col.(15), Child Victims - 16 Years to 18 Years - F - Col.(16), Child Victims - 16 Years to 18 Years - Trans - Col.(17), Child Victims - Total - Col.(18), Child Victims - Total Child Victims - M - Col.(19), Child Victims - Total Child Victims - F - Col.(20)",21,D - Not useful for Model 1,very small file; city-level data; has time field; no clear crime category columns; good numeric columns; mostly supporting/profile/legal-process data
Table_12.5-2015.csv,datasets\raw\Table_12.5-2015.csv,Sheet1,70,17,0.0,False,False,False,False,False,True,1921.0,2075.0,3,1,Crime Head(Col. 1),,"Persons in Custody During the Stage of Investigation at the Beginning of the Year - Male (Col. 2), Persons in Custody During the Stage of Investigation at the Beginning of the Year - Female (Col. 3), Persons on Bail During the Stage of Investigation at the Beginning of the Year - Male (Col. 4), Persons on Bail During the Stage of Investigation at the Beginning of the Year - Female (Col. 5), Persons Arrested During the Year - Male (Col. 8), Persons Arrested During the Year - Female (Col. 9), Number of Persons Charge Sheeted During the Year - Male (Col. 12), Number of Persons Charge Sheeted During the Year - Female (Col. 13), Persons in Custody during the Stage of Investigation at the End of the Year - Male (Col. 14), Persons in Custody during the Stage of Investigation at the End of the Year - Female (Col. 15), Persons on Bail during the Stage of Investigation at the End of the Year - Male (Col. 16), Persons on Bail during the Stage of Investigation at the End of the Year - Female (Col. 17)",16,"Persons in Custody During the Stage of Investigation at the Beginning of the Year - Male (Col. 2), Persons in Custody During the Stage of Investigation at the Beginning of the Year - Female (Col. 3), Persons on Bail During the Stage of Investigation at the Beginning of the Year - Male (Col. 4), Persons on Bail During the Stage of Investigation at the Beginning of the Year - Female (Col. 5), Total - Male (Col. 6) = (col. 2+4), Total - Female (Col. 7)= (Col. 3+5), Persons Arrested During the Year - Male (Col. 8), Persons Arrested During the Year - Female (Col. 9), Persons Released or Freed by Police or Magistrate before Trial for Want of Evidence or Any Other Reason - Male (Col. 10), Persons Released or Freed by Police or Magistrate before Trial for Want of Evidence or Any Other Reason - Female (Col. 11), Number of Persons Charge Sheeted During the Year - Male (Col. 12), Number of Persons Charge Sheeted During the Year - Female (Col. 13), Persons in Custody during the Stage of Investigation at the End of the Year - Male (Col. 14), Persons in Custody during the Stage of Investigation at the End of the Year - Female (Col. 15), Persons on Bail during the Stage of Investigation at the End of the Year - Male (Col. 16), Persons on Bail during the Stage of Investigation at the End of the Year - Female (Col. 17)",14,"Persons in Custody During the Stage of Investigation at the Beginning of the Year - Male (Col. 2), Persons in Custody During the Stage of Investigation at the Beginning of the Year - Female (Col. 3), Persons on Bail During the Stage of Investigation at the Beginning of the Year - Male (Col. 4), Persons on Bail During the Stage of Investigation at the Beginning of the Year - Female (Col. 5), Persons Arrested During the Year - Male (Col. 8), Persons Arrested During the Year - Female (Col. 9), Persons Released or Freed by Police or Magistrate before Trial for Want of Evidence or Any Other Reason - Male (Col. 10), Persons Released or Freed by Police or Magistrate before Trial for Want of Evidence or Any Other Reason - Female (Col. 11), Number of Persons Charge Sheeted During the Year - Male (Col. 12), Number of Persons Charge Sheeted During the Year - Female (Col. 13), Persons in Custody during the Stage of Investigation at the End of the Year - Male (Col. 14), Persons in Custody during the Stage of Investigation at the End of the Year - Female (Col. 15), Persons on Bail during the Stage of Investigation at the End of the Year - Male (Col. 16), Persons on Bail during the Stage of Investigation at the End of the Year - Female (Col. 17)","Crime Head(Col. 1), Persons in Custody During the Stage of Investigation at the Beginning of the Year - Male (Col. 2), Persons in Custody During the Stage of Investigation at the Beginning of the Year - Female (Col. 3), Persons on Bail During the Stage of Investigation at the Beginning of the Year - Male (Col. 4), Persons on Bail During the Stage of Investigation at the Beginning of the Year - Female (Col. 5), Total - Male (Col. 6) = (col. 2+4), Total - Female (Col. 7)= (Col. 3+5), Persons Arrested During the Year - Male (Col. 8), Persons Arrested During the Year - Female (Col. 9), Persons Released or Freed by Police or Magistrate before Trial for Want of Evidence or Any Other Reason - Male (Col. 10), Persons Released or Freed by Police or Magistrate before Trial for Want of Evidence or Any Other Reason - Female (Col. 11), Number of Persons Charge Sheeted During the Year - Male (Col. 12), Number of Persons Charge Sheeted During the Year - Female (Col. 13), Persons in Custody during the Stage of Investigation at the End of the Year - Male (Col. 14), Persons in Custody during the Stage of Investigation at the End of the Year - Female (Col. 15), Persons on Bail during the Stage of Investigation at the End of the Year - Male (Col. 16), Persons on Bail during the Stage of Investigation at the End of the Year - Female (Col. 17)",15,D - Not useful for Model 1,very small file; no strong location column; some year trend; only one crime category; good numeric columns; mostly supporting/profile/legal-process data
Table_7.5-2015.csv,datasets\raw\Table_7.5-2015.csv,Sheet1,63,17,0.0,False,False,False,False,False,True,2067.0,2075.0,3,1,Crime Head (Col.1),,"Persons in Custody During the Stage of Investigation at the Beginning of the Year - Male (Col.2), Persons in Custody During the Stage of Investigation at the Beginning of the Year - Female (Col.3), Persons on Bail During the Stage of Investigation at the Beginning of the Year - Male (Col.4), Persons on Bail During the Stage of Investigation at the Beginning of the Year - Female (Col.5), Persons Arrested During the Year - Male (Col.8), Persons Arrested During the Year - Female (Col.9), Number of Persons Charge Sheeted During the Year - Male (Col.12), Number of Persons Charge Sheeted During the Year - Female (Col.13), Persons in Custody during the Stage of Investigation at the End of the Year - Male (Col.14), Persons in Custody during the Stage of Investigation at the End of the Year - Female (Col.15), Persons on Bail during the Stage of Investigation at the End of the Year - Male (Col.16), Persons on Bail during the Stage of Investigation at the End of the Year - Female (Col.17)",16,"Persons in Custody During the Stage of Investigation at the Beginning of the Year - Male (Col.2), Persons in Custody During the Stage of Investigation at the Beginning of the Year - Female (Col.3), Persons on Bail During the Stage of Investigation at the Beginning of the Year - Male (Col.4), Persons on Bail During the Stage of Investigation at the Beginning of the Year - Female (Col.5), Total  - Male (Col.6) = (col. 2+4), Total  - Female (Col.7) = (Col. 3+5), Persons Arrested During the Year - Male (Col.8), Persons Arrested During the Year - Female (Col.9), Persons Released or Freed by Police or Magistrate before Trial for Want of Evidence or Any Other Reason - Male (Col.10), Persons Released or Freed by Police or Magistrate before Trial for Want of Evidence or Any Other Reason - Female (Col.11), Number of Persons Charge Sheeted During the Year - Male (Col.12), Number of Persons Charge Sheeted During the Year - Female (Col.13), Persons in Custody during the Stage of Investigation at the End of the Year - Male (Col.14), Persons in Custody during the Stage of Investigation at the End of the Year - Female (Col.15), Persons on Bail during the Stage of Investigation at the End of the Year - Male (Col.16), Persons on Bail during the Stage of Investigation at the End of the Year - Female (Col.17)",14,"Persons in Custody During the Stage of Investigation at the Beginning of the Year - Male (Col.2), Persons in Custody During the Stage of Investigation at the Beginning of the Year - Female (Col.3), Persons on Bail During the Stage of Investigation at the Beginning of the Year - Male (Col.4), Persons on Bail During the Stage of Investigation at the Beginning of the Year - Female (Col.5), Persons Arrested During the Year - Male (Col.8), Persons Arrested During the Year - Female (Col.9), Persons Released or Freed by Police or Magistrate before Trial for Want of Evidence or Any Other Reason - Male (Col.10), Persons Released or Freed by Police or Magistrate before Trial for Want of Evidence or Any Other Reason - Female (Col.11), Number of Persons Charge Sheeted During the Year - Male (Col.12), Number of Persons Charge Sheeted During the Year - Female (Col.13), Persons in Custody during the Stage of Investigation at the End of the Year - Male (Col.14), Persons in Custody during the Stage of Investigation at the End of the Year - Female (Col.15), Persons on Bail during the Stage of Investigation at the End of the Year - Male (Col.16), Persons on Bail during the Stage of Investigation at the End of the Year - Female (Col.17)","Crime Head (Col.1), Persons in Custody During the Stage of Investigation at the Beginning of the Year - Male (Col.2), Persons in Custody During the Stage of Investigation at the Beginning of the Year - Female (Col.3), Persons on Bail During the Stage of Investigation at the Beginning of the Year - Male (Col.4), Persons on Bail During the Stage of Investigation at the Beginning of the Year - Female (Col.5), Total  - Male (Col.6) = (col. 2+4), Total  - Female (Col.7) = (Col. 3+5), Persons Arrested During the Year - Male (Col.8), Persons Arrested During the Year - Female (Col.9), Persons Released or Freed by Police or Magistrate before Trial for Want of Evidence or Any Other Reason - Male (Col.10), Persons Released or Freed by Police or Magistrate before Trial for Want of Evidence or Any Other Reason - Female (Col.11), Number of Persons Charge Sheeted During the Year - Male (Col.12), Number of Persons Charge Sheeted During the Year - Female (Col.13), Persons in Custody during the Stage of Investigation at the End of the Year - Male (Col.14), Persons in Custody during the Stage of Investigation at the End of the Year - Female (Col.15), Persons on Bail during the Stage of Investigation at the End of the Year - Male (Col.16), Persons on Bail during the Stage of Investigation at the End of the Year - Female (Col.17)",15,D - Not useful for Model 1,very small file; no strong location column; some year trend; only one crime category; good numeric columns; mostly supporting/profile/legal-process data
Table_6A.4-2015.csv,datasets\raw\Table_6A.4-2015.csv,Sheet1,12,13,0.0,False,False,False,False,False,True,,,0,1,Crime Head (Col.1),,"Cases Pending Trial from the Previous Year (Col.2), Cases Sent for Trial During the Year (Col.3), Total no. of Cases for Trial During the Year (Col.6) = (Col.2+3 - Col.4 - Col. 5), Cases Pending Trial at the End of the Year (Col.11) = (Col.10 = Col.5 - (Col.6+7)",12,"Cases Pending Trial from the Previous Year (Col.2), Cases Sent for Trial During the Year (Col.3), No. of Cases Withdrawn by the Govt. (Col.4), No. of Cases Disposed by Plea Bargaining (Col.5), Total no. of Cases for Trial During the Year (Col.6) = (Col.2+3 - Col.4 - Col. 5), Cases Compounded or Withdrawn (Col.7), Cases in Which Trials were Completed (Col.8) = (Col. 9+10) , Cases Convicted (Col.9), Cases Acquitted or Discharged (Col.10), Cases Pending Trial at the End of the Year (Col.11) = (Col.10 = Col.5 - (Col.6+7), Conviction Rate (Col.12) = (Col.8/Col.7) * 100 , Pendency Percentage (Col.13) = (Col.11/(Col.2+Col.3)) * 100",8,"Cases Pending Trial from the Previous Year (Col.2), Cases Sent for Trial During the Year (Col.3), Total no. of Cases for Trial During the Year (Col.6) = (Col.2+3 - Col.4 - Col. 5), Cases in Which Trials were Completed (Col.8) = (Col. 9+10) , Cases Acquitted or Discharged (Col.10), Cases Pending Trial at the End of the Year (Col.11) = (Col.10 = Col.5 - (Col.6+7), Conviction Rate (Col.12) = (Col.8/Col.7) * 100 , Pendency Percentage (Col.13) = (Col.11/(Col.2+Col.3)) * 100","Crime Head (Col.1), Cases Pending Trial from the Previous Year (Col.2), Cases Sent for Trial During the Year (Col.3), No. of Cases Withdrawn by the Govt. (Col.4), No. of Cases Disposed by Plea Bargaining (Col.5), Total no. of Cases for Trial During the Year (Col.6) = (Col.2+3 - Col.4 - Col. 5), Cases Compounded or Withdrawn (Col.7), Cases in Which Trials were Completed (Col.8) = (Col. 9+10) , Cases Convicted (Col.9), Cases Acquitted or Discharged (Col.10), Cases Pending Trial at the End of the Year (Col.11) = (Col.10 = Col.5 - (Col.6+7), Conviction Rate (Col.12) = (Col.8/Col.7) * 100 , Pendency Percentage (Col.13) = (Col.11/(Col.2+Col.3)) * 100",8,D - Not useful for Model 1,very small file; no strong location column; has time field; only one crime category; good numeric columns; mostly supporting/profile/legal-process data
NCRB_Table_2C.3.csv,datasets\raw\NCRB_Table_2C.3.csv,Sheet1,28,15,0.0,False,False,False,False,False,False,,,0,0,,,,14,"Sl. No., Victims Recovered Alive - Child Victims - M, Victims Recovered Alive - Child Victims - F, Victims Recovered Alive - Child Victims - Tr, Victims Recovered Alive - Child Victims - T, Victims Recovered Alive - Adult Victims - M, Victims Recovered Alive - Adult Victims - F, Victims Recovered Alive - Adult Victims - Tr, Victims Recovered Alive - Adult Victims - T, Victims Recovered Alive - Total Victims - M, Victims Recovered Alive - Total Victims - F, Victims Recovered Alive - Total Victims - Tr, Victims Recovered Alive - Total Victims - T, Purpose wise % Share of Victims",14,"Purpose, Victims Recovered Alive - Child Victims - M, Victims Recovered Alive - Child Victims - F, Victims Recovered Alive - Child Victims - Tr, Victims Recovered Alive - Child Victims - T, Victims Recovered Alive - Adult Victims - M, Victims Recovered Alive - Adult Victims - F, Victims Recovered Alive - Adult Victims - Tr, Victims Recovered Alive - Adult Victims - T, Victims Recovered Alive - Total Victims - M, Victims Recovered Alive - Total Victims - F, Victims Recovered Alive - Total Victims - Tr, Victims Recovered Alive - Total Victims - T, Purpose wise % Share of Victims","Sl. No., Purpose, Victims Recovered Alive - Child Victims - M, Victims Recovered Alive - Child Victims - F, Victims Recovered Alive - Child Victims - Tr, Victims Recovered Alive - Child Victims - T, Victims Recovered Alive - Adult Victims - M, Victims Recovered Alive - Adult Victims - F, Victims Recovered Alive - Adult Victims - Tr, Victims Recovered Alive - Adult Victims - T, Victims Recovered Alive - Total Victims - M, Victims Recovered Alive - Total Victims - F, Victims Recovered Alive - Total Victims - Tr, Victims Recovered Alive - Total Victims - T, Purpose wise % Share of Victims",0,D - Not useful for Model 1,very small file; no strong location column; no year/date field; no clear crime category columns; good numeric columns; mostly supporting/profile/legal-process data
