state,district,year,prediction_year,predicted_crime_type,confidence_score,model_name,algorithm,created_at
UTTAR PRADESH,FATEHGARH,2012,2013,other_ipc_crimes,1.0,model2_india_crime_type,SingleClassBaseline,2026-05-02T22:49:00.728525
UTTAR PRADESH,FAIZABAD,2005,2006,other_ipc_crimes,1.0,model2_india_crime_type,SingleClassBaseline,2026-05-02T22:49:00.728525
HIMACHAL PRADESH,CID,2010,2011,other_ipc_crimes,1.0,model2_india_crime_type,SingleClassBaseline,2026-05-02T22:49:00.728525
BIHAR,JAMALPUR RLY.,2011,2012,other_ipc_crimes,1.0,model2_india_crime_type,SingleClassBaseline,2026-05-02T22:49:00.728525
ASSAM,R.P.O.,2007,2008,other_ipc_crimes,1.0,model2_india_crime_type,SingleClassBaseline,2026-05-02T22:49:00.728525
MADHYA PRADESH,PANNA,2011,2012,other_ipc_crimes,1.0,model2_india_crime_type,SingleClassBaseline,2026-05-02T22:49:00.728525
GUJARAT,PALANPUR,2006,2007,other_ipc_crimes,1.0,model2_india_crime_type,SingleClassBaseline,2026-05-02T22:49:00.728525
BIHAR,SHEOHAR,2012,2013,other_ipc_crimes,1.0,model2_india_crime_type,SingleClassBaseline,2026-05-02T22:49:00.728525
KARNATAKA,CHITRADURGA,2004,2005,other_ipc_crimes,1.0,model2_india_crime_type,SingleClassBaseline,2026-05-02T22:49:00.728525
TAMIL NADU,VIRUDHUNAGAR,2003,2004,other_ipc_crimes,1.0,model2_india_crime_type,SingleClassBaseline,2026-05-02T22:49:00.728525
MADHYA PRADESH,UJJAIN,2009,2010,other_ipc_crimes,1.0,model2_india_crime_type,SingleClassBaseline,2026-05-02T22:49:00.728525
CHHATTISGARH,RAJNANDGAON,2005,2006,other_ipc_crimes,1.0,model2_india_crime_type,SingleClassBaseline,2026-05-02T22:49:00.728525
MANIPUR,THOUBAL,2002,2003,other_ipc_crimes,1.0,model2_india_crime_type,SingleClassBaseline,2026-05-02T22:49:00.728525
CHHATTISGARH,MAHASAMUND,2005,2006,other_ipc_crimes,1.0,model2_india_crime_type,SingleClassBaseline,2026-05-02T22:49:00.728525
ODISHA,SAMBALPUR,2005,2006,other_ipc_crimes,1.0,model2_india_crime_type,SingleClassBaseline,2026-05-02T22:49:00.728525
HARYANA,REWARI,2010,2011,other_ipc_crimes,1.0,model2_india_crime_type,SingleClassBaseline,2026-05-02T22:49:00.728525
ANDHRA PRADESH,VISAKHA RURAL,2004,2005,other_ipc_crimes,1.0,model2_india_crime_type,SingleClassBaseline,2026-05-02T22:49:00.728525
KARNATAKA,HAVERI,2006,2007,other_ipc_crimes,1.0,model2_india_crime_type,SingleClassBaseline,2026-05-02T22:49:00.728525
RAJASTHAN,DUNGARPUR,2010,2011,other_ipc_crimes,1.0,model2_india_crime_type,SingleClassBaseline,2026-05-02T22:49:00.728525
UTTAR PRADESH,UNNAO,2003,2004,other_ipc_crimes,1.0,model2_india_crime_type,SingleClassBaseline,2026-05-02T22:49:00.728525
MADHYA PRADESH,SIDHI,2004,2005,other_ipc_crimes,1.0,model2_india_crime_type,SingleClassBaseline,2026-05-02T22:49:00.728525
MADHYA PRADESH,SEONI,2012,2013,other_ipc_crimes,1.0,model2_india_crime_type,SingleClassBaseline,2026-05-02T22:49:00.728525
GUJARAT,NARMADA,2010,2011,other_ipc_crimes,1.0,model2_india_crime_type,SingleClassBaseline,2026-05-02T22:49:00.728525
BIHAR,GAYA,2008,2009,other_ipc_crimes,1.0,model2_india_crime_type,SingleClassBaseline,2026-05-02T22:49:00.728525
ASSAM,SIBSAGAR,2007,2008,other_ipc_crimes,1.0,model2_india_crime_type,SingleClassBaseline,2026-05-02T22:49:00.728525
ASSAM,GOLAGHAT,2008,2009,other_ipc_crimes,1.0,model2_india_crime_type,SingleClassBaseline,2026-05-02T22:49:00.728525
JAMMU AND KASHMIR,HANDWARA,2010,2011,other_ipc_crimes,1.0,model2_india_crime_type,SingleClassBaseline,2026-05-02T22:49:00.728525
HIMACHAL PRADESH,SOLAN,2001,2002,other_ipc_crimes,1.0,model2_india_crime_type,SingleClassBaseline,2026-05-02T22:49:00.728525
MAHARASHTRA,AMRAVATI COMMR.,2002,2003,other_ipc_crimes,1.0,model2_india_crime_type,SingleClassBaseline,2026-05-02T22:49:00.728525
PUNJAB,HOSHIARPUR,2008,2009,other_ipc_crimes,1.0,model2_india_crime_type,SingleClassBaseline,2026-05-02T22:49:00.728525
TAMIL NADU,TRICHY URBAN,2001,2002,other_ipc_crimes,1.0,model2_india_crime_type,SingleClassBaseline,2026-05-02T22:49:00.728525
RAJASTHAN,BARMER,2009,2010,other_ipc_crimes,1.0,model2_india_crime_type,SingleClassBaseline,2026-05-02T22:49:00.728525
JAMMU AND KASHMIR,RAJOURI,2011,2012,other_ipc_crimes,1.0,model2_india_crime_type,SingleClassBaseline,2026-05-02T22:49:00.728525
MADHYA PRADESH,BALAGHAT,2006,2007,other_ipc_crimes,1.0,model2_india_crime_type,SingleClassBaseline,2026-05-02T22:49:00.728525
WEST BENGAL,SILIGURI G.R.P.,2002,2003,other_ipc_crimes,1.0,model2_india_crime_type,SingleClassBaseline,2026-05-02T22:49:00.728525
BIHAR,MADHUBANI,2002,2003,other_ipc_crimes,1.0,model2_india_crime_type,SingleClassBaseline,2026-05-02T22:49:00.728525
ASSAM,LAKHIMPUR,2005,2006,other_ipc_crimes,1.0,model2_india_crime_type,SingleClassBaseline,2026-05-02T22:49:00.728525
MADHYA PRADESH,ASHOK NAGAR,2007,2008,other_ipc_crimes,1.0,model2_india_crime_type,SingleClassBaseline,2026-05-02T22:49:00.728525
ODISHA,KEONJHAR,2010,2011,other_ipc_crimes,1.0,model2_india_crime_type,SingleClassBaseline,2026-05-02T22:49:00.728525
HIMACHAL PRADESH,BILASPUR,2003,2004,other_ipc_crimes,1.0,model2_india_crime_type,SingleClassBaseline,2026-05-02T22:49:00.728525
MAHARASHTRA,AKOLA,2010,2011,other_ipc_crimes,1.0,model2_india_crime_type,SingleClassBaseline,2026-05-02T22:49:00.728525
MADHYA PRADESH,HARDA,2006,2007,other_ipc_crimes,1.0,model2_india_crime_type,SingleClassBaseline,2026-05-02T22:49:00.728525
HARYANA,REWARI,2002,2003,other_ipc_crimes,1.0,model2_india_crime_type,SingleClassBaseline,2026-05-02T22:49:00.728525
ASSAM,KOKRAJHAR,2012,2013,other_ipc_crimes,1.0,model2_india_crime_type,SingleClassBaseline,2026-05-02T22:49:00.728525
ANDHRA PRADESH,NIZAMABAD,2011,2012,other_ipc_crimes,1.0,model2_india_crime_type,SingleClassBaseline,2026-05-02T22:49:00.728525
KERALA,RAILWAYS,2010,2011,other_ipc_crimes,1.0,model2_india_crime_type,SingleClassBaseline,2026-05-02T22:49:00.728525
ARUNACHAL PRADESH,KAMENG WEST,2005,2006,other_ipc_crimes,1.0,model2_india_crime_type,SingleClassBaseline,2026-05-02T22:49:00.728525
MADHYA PRADESH,RATLAM,2005,2006,other_ipc_crimes,1.0,model2_india_crime_type,SingleClassBaseline,2026-05-02T22:49:00.728525
MAHARASHTRA,AHMEDNAGAR,2002,2003,other_ipc_crimes,1.0,model2_india_crime_type,SingleClassBaseline,2026-05-02T22:49:00.728525
BIHAR,PATNA,2004,2005,other_ipc_crimes,1.0,model2_india_crime_type,SingleClassBaseline,2026-05-02T22:49:00.728525
GUJARAT,NAVSARI,2001,2002,other_ipc_crimes,1.0,model2_india_crime_type,SingleClassBaseline,2026-05-02T22:49:00.728525
MADHYA PRADESH,NEEMUCH,2002,2003,other_ipc_crimes,1.0,model2_india_crime_type,SingleClassBaseline,2026-05-02T22:49:00.728525
A AND N ISLANDS,NICOBAR,2010,2011,other_ipc_crimes,1.0,model2_india_crime_type,SingleClassBaseline,2026-05-02T22:49:00.728525
TAMIL NADU,COIMBATORE URBAN,2003,2004,other_ipc_crimes,1.0,model2_india_crime_type,SingleClassBaseline,2026-05-02T22:49:00.728525
UTTARAKHAND,UDHAMSINGH NAGAR,2011,2012,other_ipc_crimes,1.0,model2_india_crime_type,SingleClassBaseline,2026-05-02T22:49:00.728525
MADHYA PRADESH,INDORE,2008,2009,other_ipc_crimes,1.0,model2_india_crime_type,SingleClassBaseline,2026-05-02T22:49:00.728525
ARUNACHAL PRADESH,PAPUM PARE,2005,2006,other_ipc_crimes,1.0,model2_india_crime_type,SingleClassBaseline,2026-05-02T22:49:00.728525
HIMACHAL PRADESH,LAHAUL-SPITI,2012,2013,other_ipc_crimes,1.0,model2_india_crime_type,SingleClassBaseline,2026-05-02T22:49:00.728525
MADHYA PRADESH,JHABUA,2004,2005,other_ipc_crimes,1.0,model2_india_crime_type,SingleClassBaseline,2026-05-02T22:49:00.728525
MAHARASHTRA,AURANGABAD COMMR.,2004,2005,other_ipc_crimes,1.0,model2_india_crime_type,SingleClassBaseline,2026-05-02T22:49:00.728525
MADHYA PRADESH,BARWANI,2004,2005,other_ipc_crimes,1.0,model2_india_crime_type,SingleClassBaseline,2026-05-02T22:49:00.728525
TRIPURA,DHALAI,2004,2005,other_ipc_crimes,1.0,model2_india_crime_type,SingleClassBaseline,2026-05-02T22:49:00.728525
KARNATAKA,MYSORE COMMR.,2004,2005,other_ipc_crimes,1.0,model2_india_crime_type,SingleClassBaseline,2026-05-02T22:49:00.728525
ANDHRA PRADESH,PRAKASHAM,2005,2006,other_ipc_crimes,1.0,model2_india_crime_type,SingleClassBaseline,2026-05-02T22:49:00.728525
HARYANA,SONIPAT,2003,2004,other_ipc_crimes,1.0,model2_india_crime_type,SingleClassBaseline,2026-05-02T22:49:00.728525
WEST BENGAL,HOWRAH CITY,2003,2004,other_ipc_crimes,1.0,model2_india_crime_type,SingleClassBaseline,2026-05-02T22:49:00.728525
GUJARAT,AHMEDABAD COMMR.,2011,2012,other_ipc_crimes,1.0,model2_india_crime_type,SingleClassBaseline,2026-05-02T22:49:00.728525
JHARKHAND,PAKUR,2008,2009,other_ipc_crimes,1.0,model2_india_crime_type,SingleClassBaseline,2026-05-02T22:49:00.728525
JAMMU AND KASHMIR,UDHAMPUR,2008,2009,other_ipc_crimes,1.0,model2_india_crime_type,SingleClassBaseline,2026-05-02T22:49:00.728525
ANDHRA PRADESH,NELLORE,2002,2003,other_ipc_crimes,1.0,model2_india_crime_type,SingleClassBaseline,2026-05-02T22:49:00.728525
BIHAR,VAISHALI,2006,2007,other_ipc_crimes,1.0,model2_india_crime_type,SingleClassBaseline,2026-05-02T22:49:00.728525
NAGALAND,TUENSANG,2010,2011,other_ipc_crimes,1.0,model2_india_crime_type,SingleClassBaseline,2026-05-02T22:49:00.728525
RAJASTHAN,BANSWARA,2004,2005,other_ipc_crimes,1.0,model2_india_crime_type,SingleClassBaseline,2026-05-02T22:49:00.728525
MADHYA PRADESH,JABALPUR,2002,2003,other_ipc_crimes,1.0,model2_india_crime_type,SingleClassBaseline,2026-05-02T22:49:00.728525
MAHARASHTRA,DHULE,2004,2005,other_ipc_crimes,1.0,model2_india_crime_type,SingleClassBaseline,2026-05-02T22:49:00.728525
MADHYA PRADESH,SAGAR,2008,2009,other_ipc_crimes,1.0,model2_india_crime_type,SingleClassBaseline,2026-05-02T22:49:00.728525
BIHAR,PURNEA,2012,2013,other_ipc_crimes,1.0,model2_india_crime_type,SingleClassBaseline,2026-05-02T22:49:00.728525
ANDHRA PRADESH,ANANTAPUR,2004,2005,other_ipc_crimes,1.0,model2_india_crime_type,SingleClassBaseline,2026-05-02T22:49:00.728525
ODISHA,PURI,2004,2005,other_ipc_crimes,1.0,model2_india_crime_type,SingleClassBaseline,2026-05-02T22:49:00.728525
JAMMU AND KASHMIR,UDHAMPUR,2003,2004,other_ipc_crimes,1.0,model2_india_crime_type,SingleClassBaseline,2026-05-02T22:49:00.728525
KARNATAKA,CHITRADURGA,2006,2007,other_ipc_crimes,1.0,model2_india_crime_type,SingleClassBaseline,2026-05-02T22:49:00.728525
UTTAR PRADESH,MIRZAPUR,2005,2006,other_ipc_crimes,1.0,model2_india_crime_type,SingleClassBaseline,2026-05-02T22:49:00.728525
JHARKHAND,CHATRA,2010,2011,other_ipc_crimes,1.0,model2_india_crime_type,SingleClassBaseline,2026-05-02T22:49:00.728525
TAMIL NADU,TRICHY RLY.,2003,2004,other_ipc_crimes,1.0,model2_india_crime_type,SingleClassBaseline,2026-05-02T22:49:00.728525
GUJARAT,DAHOD,2002,2003,other_ipc_crimes,1.0,model2_india_crime_type,SingleClassBaseline,2026-05-02T22:49:00.728525
ANDHRA PRADESH,VISAKHA RURAL,2007,2008,other_ipc_crimes,1.0,model2_india_crime_type,SingleClassBaseline,2026-05-02T22:49:00.728525
BIHAR,SAHARSA,2003,2004,other_ipc_crimes,1.0,model2_india_crime_type,SingleClassBaseline,2026-05-02T22:49:00.728525
ANDHRA PRADESH,NELLORE,2011,2012,other_ipc_crimes,1.0,model2_india_crime_type,SingleClassBaseline,2026-05-02T22:49:00.728525
MAHARASHTRA,OSMANABAD,2007,2008,other_ipc_crimes,1.0,model2_india_crime_type,SingleClassBaseline,2026-05-02T22:49:00.728525
MEGHALAYA,GARO HILLS WEST,2003,2004,other_ipc_crimes,1.0,model2_india_crime_type,SingleClassBaseline,2026-05-02T22:49:00.728525
PUNJAB,FARIDKOT,2005,2006,other_ipc_crimes,1.0,model2_india_crime_type,SingleClassBaseline,2026-05-02T22:49:00.728525
DELHI UT,SOUTH-EAST,2009,2010,other_ipc_crimes,1.0,model2_india_crime_type,SingleClassBaseline,2026-05-02T22:49:00.728525
ODISHA,JAJPUR,2010,2011,other_ipc_crimes,1.0,model2_india_crime_type,SingleClassBaseline,2026-05-02T22:49:00.728525
TAMIL NADU,VIRUDHUNAGAR,2002,2003,other_ipc_crimes,1.0,model2_india_crime_type,SingleClassBaseline,2026-05-02T22:49:00.728525
JHARKHAND,DHANBAD RLY.,2006,2007,other_ipc_crimes,1.0,model2_india_crime_type,SingleClassBaseline,2026-05-02T22:49:00.728525
BIHAR,MOTIHARI,2002,2003,other_ipc_crimes,1.0,model2_india_crime_type,SingleClassBaseline,2026-05-02T22:49:00.728525
ASSAM,KARIMGANJ,2001,2002,other_ipc_crimes,1.0,model2_india_crime_type,SingleClassBaseline,2026-05-02T22:49:00.728525
GUJARAT,VADODARA COMMR.,2007,2008,other_ipc_crimes,1.0,model2_india_crime_type,SingleClassBaseline,2026-05-02T22:49:00.728525
KARNATAKA,DHARWAD COMMR.,2003,2004,other_ipc_crimes,1.0,model2_india_crime_type,SingleClassBaseline,2026-05-02T22:49:00.728525
MAHARASHTRA,AHMEDNAGAR,2006,2007,other_ipc_crimes,1.0,model2_india_crime_type,SingleClassBaseline,2026-05-02T22:49:00.728525
RAJASTHAN,DUNGARPUR,2008,2009,other_ipc_crimes,1.0,model2_india_crime_type,SingleClassBaseline,2026-05-02T22:49:00.728525
ASSAM,DARRANG,2005,2006,other_ipc_crimes,1.0,model2_india_crime_type,SingleClassBaseline,2026-05-02T22:49:00.728525
TRIPURA,WEST,2003,2004,other_ipc_crimes,1.0,model2_india_crime_type,SingleClassBaseline,2026-05-02T22:49:00.728525
ASSAM,JORHAT,2001,2002,other_ipc_crimes,1.0,model2_india_crime_type,SingleClassBaseline,2026-05-02T22:49:00.728525
NAGALAND,ZUNHEBOTO,2005,2006,other_ipc_crimes,1.0,model2_india_crime_type,SingleClassBaseline,2026-05-02T22:49:00.728525
CHHATTISGARH,KORBA,2004,2005,other_ipc_crimes,1.0,model2_india_crime_type,SingleClassBaseline,2026-05-02T22:49:00.728525
JHARKHAND,RANCHI,2006,2007,other_ipc_crimes,1.0,model2_india_crime_type,SingleClassBaseline,2026-05-02T22:49:00.728525
UTTAR PRADESH,BADAUN,2009,2010,other_ipc_crimes,1.0,model2_india_crime_type,SingleClassBaseline,2026-05-02T22:49:00.728525
NAGALAND,PEREN,2009,2010,other_ipc_crimes,1.0,model2_india_crime_type,SingleClassBaseline,2026-05-02T22:49:00.728525
TAMIL NADU,KANYAKUMARI,2009,2010,other_ipc_crimes,1.0,model2_india_crime_type,SingleClassBaseline,2026-05-02T22:49:00.728525
GOA,SOUTH GOA,2010,2011,other_ipc_crimes,1.0,model2_india_crime_type,SingleClassBaseline,2026-05-02T22:49:00.728525
HIMACHAL PRADESH,UNA,2005,2006,other_ipc_crimes,1.0,model2_india_crime_type,SingleClassBaseline,2026-05-02T22:49:00.728525
ARUNACHAL PRADESH,PAPUM PARE,2009,2010,other_ipc_crimes,1.0,model2_india_crime_type,SingleClassBaseline,2026-05-02T22:49:00.728525
MAHARASHTRA,GONDIA,2010,2011,other_ipc_crimes,1.0,model2_india_crime_type,SingleClassBaseline,2026-05-02T22:49:00.728525
UTTAR PRADESH,AGRA,2012,2013,other_ipc_crimes,1.0,model2_india_crime_type,SingleClassBaseline,2026-05-02T22:49:00.728525
BIHAR,AURANGABAD,2011,2012,other_ipc_crimes,1.0,model2_india_crime_type,SingleClassBaseline,2026-05-02T22:49:00.728525
WEST BENGAL,PASCHIM MIDNAPUR,2003,2004,other_ipc_crimes,1.0,model2_india_crime_type,SingleClassBaseline,2026-05-02T22:49:00.728525
DELHI UT,EOW,2010,2011,other_ipc_crimes,1.0,model2_india_crime_type,SingleClassBaseline,2026-05-02T22:49:00.728525
MAHARASHTRA,AMRAVATI COMMR.,2001,2002,other_ipc_crimes,1.0,model2_india_crime_type,SingleClassBaseline,2026-05-02T22:49:00.728525
UTTAR PRADESH,SAHARANPUR,2012,2013,other_ipc_crimes,1.0,model2_india_crime_type,SingleClassBaseline,2026-05-02T22:49:00.728525
MAHARASHTRA,NASIK COMMR.,2004,2005,other_ipc_crimes,1.0,model2_india_crime_type,SingleClassBaseline,2026-05-02T22:49:00.728525
BIHAR,ROHTAS,2010,2011,other_ipc_crimes,1.0,model2_india_crime_type,SingleClassBaseline,2026-05-02T22:49:00.728525
WEST BENGAL,KOLKATA,2012,2013,other_ipc_crimes,1.0,model2_india_crime_type,SingleClassBaseline,2026-05-02T22:49:00.728525
WEST BENGAL,ASANSOL,2010,2011,other_ipc_crimes,1.0,model2_india_crime_type,SingleClassBaseline,2026-05-02T22:49:00.728525
KERALA,KOLLAM RURAL,2012,2013,other_ipc_crimes,1.0,model2_india_crime_type,SingleClassBaseline,2026-05-02T22:49:00.728525
UTTAR PRADESH,HAMIRPUR,2006,2007,other_ipc_crimes,1.0,model2_india_crime_type,SingleClassBaseline,2026-05-02T22:49:00.728525
MAHARASHTRA,HINGOLI,2001,2002,other_ipc_crimes,1.0,model2_india_crime_type,SingleClassBaseline,2026-05-02T22:49:00.728525
TRIPURA,NORTH,2009,2010,other_ipc_crimes,1.0,model2_india_crime_type,SingleClassBaseline,2026-05-02T22:49:00.728525
JAMMU AND KASHMIR,KATHUA,2010,2011,other_ipc_crimes,1.0,model2_india_crime_type,SingleClassBaseline,2026-05-02T22:49:00.728525
TAMIL NADU,VIRUDHUNAGAR,2005,2006,other_ipc_crimes,1.0,model2_india_crime_type,SingleClassBaseline,2026-05-02T22:49:00.728525
KARNATAKA,BIDAR,2010,2011,other_ipc_crimes,1.0,model2_india_crime_type,SingleClassBaseline,2026-05-02T22:49:00.728525
UTTAR PRADESH,G.R.P.,2006,2007,other_ipc_crimes,1.0,model2_india_crime_type,SingleClassBaseline,2026-05-02T22:49:00.728525
DELHI UT,OUTER,2008,2009,other_ipc_crimes,1.0,model2_india_crime_type,SingleClassBaseline,2026-05-02T22:49:00.728525
ODISHA,JAGATSINGHPUR,2009,2010,other_ipc_crimes,1.0,model2_india_crime_type,SingleClassBaseline,2026-05-02T22:49:00.728525
ODISHA,BOUDH,2003,2004,other_ipc_crimes,1.0,model2_india_crime_type,SingleClassBaseline,2026-05-02T22:49:00.728525
KARNATAKA,MANDYA,2008,2009,other_ipc_crimes,1.0,model2_india_crime_type,SingleClassBaseline,2026-05-02T22:49:00.728525
MADHYA PRADESH,NEEMUCH,2011,2012,other_ipc_crimes,1.0,model2_india_crime_type,SingleClassBaseline,2026-05-02T22:49:00.728525
WEST BENGAL,HOWRAH,2007,2008,other_ipc_crimes,1.0,model2_india_crime_type,SingleClassBaseline,2026-05-02T22:49:00.728525
ODISHA,BOLANGIR,2006,2007,other_ipc_crimes,1.0,model2_india_crime_type,SingleClassBaseline,2026-05-02T22:49:00.728525
ANDHRA PRADESH,ADILABAD,2002,2003,other_ipc_crimes,1.0,model2_india_crime_type,SingleClassBaseline,2026-05-02T22:49:00.728525
WEST BENGAL,BANKURA,2001,2002,other_ipc_crimes,1.0,model2_india_crime_type,SingleClassBaseline,2026-05-02T22:49:00.728525
MADHYA PRADESH,MORENA,2010,2011,other_ipc_crimes,1.0,model2_india_crime_type,SingleClassBaseline,2026-05-02T22:49:00.728525
ODISHA,KALAHANDI,2002,2003,other_ipc_crimes,1.0,model2_india_crime_type,SingleClassBaseline,2026-05-02T22:49:00.728525
UTTAR PRADESH,BAGHPAT,2005,2006,other_ipc_crimes,1.0,model2_india_crime_type,SingleClassBaseline,2026-05-02T22:49:00.728525
BIHAR,JAMUI,2005,2006,other_ipc_crimes,1.0,model2_india_crime_type,SingleClassBaseline,2026-05-02T22:49:00.728525
TAMIL NADU,THOOTHUGUDI,2006,2007,other_ipc_crimes,1.0,model2_india_crime_type,SingleClassBaseline,2026-05-02T22:49:00.728525
TAMIL NADU,KRISHNAGIRI,2007,2008,other_ipc_crimes,1.0,model2_india_crime_type,SingleClassBaseline,2026-05-02T22:49:00.728525
JAMMU AND KASHMIR,RAMBAN,2011,2012,other_ipc_crimes,1.0,model2_india_crime_type,SingleClassBaseline,2026-05-02T22:49:00.728525
KARNATAKA,KODAGU,2001,2002,other_ipc_crimes,1.0,model2_india_crime_type,SingleClassBaseline,2026-05-02T22:49:00.728525
UTTAR PRADESH,KUSHI NAGAR,2001,2002,other_ipc_crimes,1.0,model2_india_crime_type,SingleClassBaseline,2026-05-02T22:49:00.728525
ASSAM,NAGAON,2008,2009,other_ipc_crimes,1.0,model2_india_crime_type,SingleClassBaseline,2026-05-02T22:49:00.728525
BIHAR,KATIHAR,2002,2003,other_ipc_crimes,1.0,model2_india_crime_type,SingleClassBaseline,2026-05-02T22:49:00.728525
GUJARAT,W.RLY,2002,2003,other_ipc_crimes,1.0,model2_india_crime_type,SingleClassBaseline,2026-05-02T22:49:00.728525
UTTARAKHAND,NAINITAL,2003,2004,other_ipc_crimes,1.0,model2_india_crime_type,SingleClassBaseline,2026-05-02T22:49:00.728525
DELHI UT,NORTH-WEST,2006,2007,other_ipc_crimes,1.0,model2_india_crime_type,SingleClassBaseline,2026-05-02T22:49:00.728525
MAHARASHTRA,AURANGABAD RURAL,2012,2013,other_ipc_crimes,1.0,model2_india_crime_type,SingleClassBaseline,2026-05-02T22:49:00.728525
ARUNACHAL PRADESH,SIANG UPPER,2012,2013,other_ipc_crimes,1.0,model2_india_crime_type,SingleClassBaseline,2026-05-02T22:49:00.728525
RAJASTHAN,PALI,2002,2003,other_ipc_crimes,1.0,model2_india_crime_type,SingleClassBaseline,2026-05-02T22:49:00.728525
ODISHA,DCP CTC,2008,2009,other_ipc_crimes,1.0,model2_india_crime_type,SingleClassBaseline,2026-05-02T22:49:00.728525
HARYANA,SIRSA,2010,2011,other_ipc_crimes,1.0,model2_india_crime_type,SingleClassBaseline,2026-05-02T22:49:00.728525
UTTAR PRADESH,BALLIA,2011,2012,other_ipc_crimes,1.0,model2_india_crime_type,SingleClassBaseline,2026-05-02T22:49:00.728525
A AND N ISLANDS,ANDAMAN,2010,2011,other_ipc_crimes,1.0,model2_india_crime_type,SingleClassBaseline,2026-05-02T22:49:00.728525
DAMAN AND DIU,DAMAN,2012,2013,other_ipc_crimes,1.0,model2_india_crime_type,SingleClassBaseline,2026-05-02T22:49:00.728525
RAJASTHAN,JODHPUR CITY,2006,2007,other_ipc_crimes,1.0,model2_india_crime_type,SingleClassBaseline,2026-05-02T22:49:00.728525
UTTAR PRADESH,AGRA,2001,2002,other_ipc_crimes,1.0,model2_india_crime_type,SingleClassBaseline,2026-05-02T22:49:00.728525
RAJASTHAN,KOTA RURAL,2011,2012,other_ipc_crimes,1.0,model2_india_crime_type,SingleClassBaseline,2026-05-02T22:49:00.728525
BIHAR,BANKA,2012,2013,other_ipc_crimes,1.0,model2_india_crime_type,SingleClassBaseline,2026-05-02T22:49:00.728525
ASSAM,DARRANG,2003,2004,other_ipc_crimes,1.0,model2_india_crime_type,SingleClassBaseline,2026-05-02T22:49:00.728525
ODISHA,ROURKELA,2004,2005,other_ipc_crimes,1.0,model2_india_crime_type,SingleClassBaseline,2026-05-02T22:49:00.728525
CHANDIGARH,CHANDIGARH,2005,2006,other_ipc_crimes,1.0,model2_india_crime_type,SingleClassBaseline,2026-05-02T22:49:00.728525
MIZORAM,AIZAWL,2001,2002,other_ipc_crimes,1.0,model2_india_crime_type,SingleClassBaseline,2026-05-02T22:49:00.728525
ODISHA,SRP(CUTTACK),2011,2012,other_ipc_crimes,1.0,model2_india_crime_type,SingleClassBaseline,2026-05-02T22:49:00.728525
RAJASTHAN,DUNGARPUR,2005,2006,other_ipc_crimes,1.0,model2_india_crime_type,SingleClassBaseline,2026-05-02T22:49:00.728525
MAHARASHTRA,AMRAVATI COMMR.,2011,2012,other_ipc_crimes,1.0,model2_india_crime_type,SingleClassBaseline,2026-05-02T22:49:00.728525
CHHATTISGARH,KORBA,2012,2013,other_ipc_crimes,1.0,model2_india_crime_type,SingleClassBaseline,2026-05-02T22:49:00.728525
PUNJAB,TARN TARAN,2005,2006,other_ipc_crimes,1.0,model2_india_crime_type,SingleClassBaseline,2026-05-02T22:49:00.728525
KARNATAKA,TUMKUR,2009,2010,other_ipc_crimes,1.0,model2_india_crime_type,SingleClassBaseline,2026-05-02T22:49:00.728525
CHHATTISGARH,JASHPUR,2001,2002,other_ipc_crimes,1.0,model2_india_crime_type,SingleClassBaseline,2026-05-02T22:49:00.728525
CHHATTISGARH,KANKER,2012,2013,other_ipc_crimes,1.0,model2_india_crime_type,SingleClassBaseline,2026-05-02T22:49:00.728525
BIHAR,NAWADAH,2012,2013,other_ipc_crimes,1.0,model2_india_crime_type,SingleClassBaseline,2026-05-02T22:49:00.728525
MADHYA PRADESH,ALIRAJPUR,2009,2010,other_ipc_crimes,1.0,model2_india_crime_type,SingleClassBaseline,2026-05-02T22:49:00.728525
ASSAM,GUWAHATI CITY,2008,2009,other_ipc_crimes,1.0,model2_india_crime_type,SingleClassBaseline,2026-05-02T22:49:00.728525
MADHYA PRADESH,VIDISHA,2004,2005,other_ipc_crimes,1.0,model2_india_crime_type,SingleClassBaseline,2026-05-02T22:49:00.728525
ASSAM,MORIGAON,2010,2011,other_ipc_crimes,1.0,model2_india_crime_type,SingleClassBaseline,2026-05-02T22:49:00.728525
DELHI UT,SOUTH WEST,2001,2002,other_ipc_crimes,1.0,model2_india_crime_type,SingleClassBaseline,2026-05-02T22:49:00.728525
MEGHALAYA,KHASI HILLS EAST,2006,2007,other_ipc_crimes,1.0,model2_india_crime_type,SingleClassBaseline,2026-05-02T22:49:00.728525
JHARKHAND,CHAIBASA,2008,2009,other_ipc_crimes,1.0,model2_india_crime_type,SingleClassBaseline,2026-05-02T22:49:00.728525
ARUNACHAL PRADESH,RURAL,2010,2011,other_ipc_crimes,1.0,model2_india_crime_type,SingleClassBaseline,2026-05-02T22:49:00.728525
JAMMU AND KASHMIR,KATHUA,2004,2005,other_ipc_crimes,1.0,model2_india_crime_type,SingleClassBaseline,2026-05-02T22:49:00.728525
MAHARASHTRA,HINGOLI,2009,2010,other_ipc_crimes,1.0,model2_india_crime_type,SingleClassBaseline,2026-05-02T22:49:00.728525
RAJASTHAN,GANGANAGAR,2011,2012,other_ipc_crimes,1.0,model2_india_crime_type,SingleClassBaseline,2026-05-02T22:49:00.728525
JHARKHAND,LATEHAR,2006,2007,other_ipc_crimes,1.0,model2_india_crime_type,SingleClassBaseline,2026-05-02T22:49:00.728525
MADHYA PRADESH,RATLAM,2004,2005,other_ipc_crimes,1.0,model2_india_crime_type,SingleClassBaseline,2026-05-02T22:49:00.728525
BIHAR,JAMALPUR RLY.,2002,2003,other_ipc_crimes,1.0,model2_india_crime_type,SingleClassBaseline,2026-05-02T22:49:00.728525
MAHARASHTRA,WARDHA,2011,2012,other_ipc_crimes,1.0,model2_india_crime_type,SingleClassBaseline,2026-05-02T22:49:00.728525
UTTAR PRADESH,RAMPUR,2008,2009,other_ipc_crimes,1.0,model2_india_crime_type,SingleClassBaseline,2026-05-02T22:49:00.728525
MEGHALAYA,GARO HILLS SOUTH,2012,2013,other_ipc_crimes,1.0,model2_india_crime_type,SingleClassBaseline,2026-05-02T22:49:00.728525
TAMIL NADU,NAGAPATTINAM,2003,2004,other_ipc_crimes,1.0,model2_india_crime_type,SingleClassBaseline,2026-05-02T22:49:00.728525
ANDHRA PRADESH,WARANGAL URBAN,2010,2011,other_ipc_crimes,1.0,model2_india_crime_type,SingleClassBaseline,2026-05-02T22:49:00.728525
RAJASTHAN,HANUMANGARH,2009,2010,other_ipc_crimes,1.0,model2_india_crime_type,SingleClassBaseline,2026-05-02T22:49:00.728525
ODISHA,DCP CTC,2009,2010,other_ipc_crimes,1.0,model2_india_crime_type,SingleClassBaseline,2026-05-02T22:49:00.728525
TAMIL NADU,COIMBATORE RURAL,2010,2011,other_ipc_crimes,1.0,model2_india_crime_type,SingleClassBaseline,2026-05-02T22:49:00.728525
UTTAR PRADESH,SAHARANPUR,2008,2009,other_ipc_crimes,1.0,model2_india_crime_type,SingleClassBaseline,2026-05-02T22:49:00.728525
NAGALAND,KIPHIRE,2002,2003,other_ipc_crimes,1.0,model2_india_crime_type,SingleClassBaseline,2026-05-02T22:49:00.728525
RAJASTHAN,BIKANER,2007,2008,other_ipc_crimes,1.0,model2_india_crime_type,SingleClassBaseline,2026-05-02T22:49:00.728525
MAHARASHTRA,NAGPUR COMMR.,2002,2003,other_ipc_crimes,1.0,model2_india_crime_type,SingleClassBaseline,2026-05-02T22:49:00.728525
ASSAM,SONITPUR,2006,2007,other_ipc_crimes,1.0,model2_india_crime_type,SingleClassBaseline,2026-05-02T22:49:00.728525
WEST BENGAL,24 PARGANAS SOUTH,2010,2011,other_ipc_crimes,1.0,model2_india_crime_type,SingleClassBaseline,2026-05-02T22:49:00.728525
KERALA,ERNAKULAM RURAL,2009,2010,other_ipc_crimes,1.0,model2_india_crime_type,SingleClassBaseline,2026-05-02T22:49:00.728525
BIHAR,ROHTAS,2007,2008,other_ipc_crimes,1.0,model2_india_crime_type,SingleClassBaseline,2026-05-02T22:49:00.728525
ODISHA,PURI,2003,2004,other_ipc_crimes,1.0,model2_india_crime_type,SingleClassBaseline,2026-05-02T22:49:00.728525
JAMMU AND KASHMIR,UDHAMPUR,2006,2007,other_ipc_crimes,1.0,model2_india_crime_type,SingleClassBaseline,2026-05-02T22:49:00.728525
UTTAR PRADESH,BADAUN,2004,2005,other_ipc_crimes,1.0,model2_india_crime_type,SingleClassBaseline,2026-05-02T22:49:00.728525
TAMIL NADU,VILLUPURAM,2010,2011,other_ipc_crimes,1.0,model2_india_crime_type,SingleClassBaseline,2026-05-02T22:49:00.728525
MAHARASHTRA,BHANDARA,2007,2008,other_ipc_crimes,1.0,model2_india_crime_type,SingleClassBaseline,2026-05-02T22:49:00.728525
UTTAR PRADESH,VARANASI,2003,2004,other_ipc_crimes,1.0,model2_india_crime_type,SingleClassBaseline,2026-05-02T22:49:00.728525
TAMIL NADU,CHENNAI,2011,2012,other_ipc_crimes,1.0,model2_india_crime_type,SingleClassBaseline,2026-05-02T22:49:00.728525
MANIPUR,THOUBAL,2004,2005,other_ipc_crimes,1.0,model2_india_crime_type,SingleClassBaseline,2026-05-02T22:49:00.728525
RAJASTHAN,JAIPUR EAST,2008,2009,other_ipc_crimes,1.0,model2_india_crime_type,SingleClassBaseline,2026-05-02T22:49:00.728525
HARYANA,BHIWANI,2011,2012,other_ipc_crimes,1.0,model2_india_crime_type,SingleClassBaseline,2026-05-02T22:49:00.728525
PUNJAB,MANSA,2004,2005,other_ipc_crimes,1.0,model2_india_crime_type,SingleClassBaseline,2026-05-02T22:49:00.728525
MAHARASHTRA,SINDHUDURG,2006,2007,other_ipc_crimes,1.0,model2_india_crime_type,SingleClassBaseline,2026-05-02T22:49:00.728525
UTTAR PRADESH,BALLIA,2008,2009,other_ipc_crimes,1.0,model2_india_crime_type,SingleClassBaseline,2026-05-02T22:49:00.728525
WEST BENGAL,ASANSOL,2007,2008,other_ipc_crimes,1.0,model2_india_crime_type,SingleClassBaseline,2026-05-02T22:49:00.728525
MAHARASHTRA,YAVATMAL,2003,2004,other_ipc_crimes,1.0,model2_india_crime_type,SingleClassBaseline,2026-05-02T22:49:00.728525
NAGALAND,TUENSANG,2001,2002,other_ipc_crimes,1.0,model2_india_crime_type,SingleClassBaseline,2026-05-02T22:49:00.728525
TAMIL NADU,THIRUVANNAMALAI,2008,2009,other_ipc_crimes,1.0,model2_india_crime_type,SingleClassBaseline,2026-05-02T22:49:00.728525
ANDHRA PRADESH,GUNTAKAL RLY.,2012,2013,other_ipc_crimes,1.0,model2_india_crime_type,SingleClassBaseline,2026-05-02T22:49:00.728525
ODISHA,BOLANGIR,2005,2006,other_ipc_crimes,1.0,model2_india_crime_type,SingleClassBaseline,2026-05-02T22:49:00.728525
UTTARAKHAND,ALMORA,2004,2005,other_ipc_crimes,1.0,model2_india_crime_type,SingleClassBaseline,2026-05-02T22:49:00.728525
MAHARASHTRA,AURANGABAD COMMR.,2007,2008,other_ipc_crimes,1.0,model2_india_crime_type,SingleClassBaseline,2026-05-02T22:49:00.728525
UTTAR PRADESH,AZAMGARH,2003,2004,other_ipc_crimes,1.0,model2_india_crime_type,SingleClassBaseline,2026-05-02T22:49:00.728525
TAMIL NADU,KRISHNAGIRI,2011,2012,other_ipc_crimes,1.0,model2_india_crime_type,SingleClassBaseline,2026-05-02T22:49:00.728525
DELHI UT,WEST,2007,2008,other_ipc_crimes,1.0,model2_india_crime_type,SingleClassBaseline,2026-05-02T22:49:00.728525
MADHYA PRADESH,SHIVPURI,2004,2005,other_ipc_crimes,1.0,model2_india_crime_type,SingleClassBaseline,2026-05-02T22:49:00.728525
RAJASTHAN,JAIPUR SOUTH,2008,2009,other_ipc_crimes,1.0,model2_india_crime_type,SingleClassBaseline,2026-05-02T22:49:00.728525
UTTARAKHAND,CHAMOLI,2002,2003,other_ipc_crimes,1.0,model2_india_crime_type,SingleClassBaseline,2026-05-02T22:49:00.728525
UTTAR PRADESH,MAU,2004,2005,other_ipc_crimes,1.0,model2_india_crime_type,SingleClassBaseline,2026-05-02T22:49:00.728525
ODISHA,PURI,2006,2007,other_ipc_crimes,1.0,model2_india_crime_type,SingleClassBaseline,2026-05-02T22:49:00.728525
CHHATTISGARH,JASHPUR,2008,2009,other_ipc_crimes,1.0,model2_india_crime_type,SingleClassBaseline,2026-05-02T22:49:00.728525
MAHARASHTRA,SOLAPUR RURAL,2009,2010,other_ipc_crimes,1.0,model2_india_crime_type,SingleClassBaseline,2026-05-02T22:49:00.728525
RAJASTHAN,DAUSA,2005,2006,other_ipc_crimes,1.0,model2_india_crime_type,SingleClassBaseline,2026-05-02T22:49:00.728525
MADHYA PRADESH,SHEOPUR,2012,2013,other_ipc_crimes,1.0,model2_india_crime_type,SingleClassBaseline,2026-05-02T22:49:00.728525
ODISHA,BERHAMPUR,2010,2011,other_ipc_crimes,1.0,model2_india_crime_type,SingleClassBaseline,2026-05-02T22:49:00.728525
HARYANA,ROHTAK,2004,2005,other_ipc_crimes,1.0,model2_india_crime_type,SingleClassBaseline,2026-05-02T22:49:00.728525
PUNJAB,MUKTSAR,2006,2007,other_ipc_crimes,1.0,model2_india_crime_type,SingleClassBaseline,2026-05-02T22:49:00.728525
MADHYA PRADESH,DHAR,2005,2006,other_ipc_crimes,1.0,model2_india_crime_type,SingleClassBaseline,2026-05-02T22:49:00.728525
RAJASTHAN,BHARATPUR,2012,2013,other_ipc_crimes,1.0,model2_india_crime_type,SingleClassBaseline,2026-05-02T22:49:00.728525
PUNJAB,HOSHIARPUR,2011,2012,other_ipc_crimes,1.0,model2_india_crime_type,SingleClassBaseline,2026-05-02T22:49:00.728525
LAKSHADWEEP,LAKSHADWEEP,2005,2006,other_ipc_crimes,1.0,model2_india_crime_type,SingleClassBaseline,2026-05-02T22:49:00.728525
ASSAM,KAMRUP,2007,2008,other_ipc_crimes,1.0,model2_india_crime_type,SingleClassBaseline,2026-05-02T22:49:00.728525
UTTAR PRADESH,CHANDOLI,2009,2010,other_ipc_crimes,1.0,model2_india_crime_type,SingleClassBaseline,2026-05-02T22:49:00.728525
UTTAR PRADESH,BARABANKI,2003,2004,other_ipc_crimes,1.0,model2_india_crime_type,SingleClassBaseline,2026-05-02T22:49:00.728525
BIHAR,BUXAR,2002,2003,other_ipc_crimes,1.0,model2_india_crime_type,SingleClassBaseline,2026-05-02T22:49:00.728525
BIHAR,SUPAUL,2012,2013,other_ipc_crimes,1.0,model2_india_crime_type,SingleClassBaseline,2026-05-02T22:49:00.728525
ODISHA,BOLANGIR,2003,2004,other_ipc_crimes,1.0,model2_india_crime_type,SingleClassBaseline,2026-05-02T22:49:00.728525
WEST BENGAL,MALDA,2004,2005,other_ipc_crimes,1.0,model2_india_crime_type,SingleClassBaseline,2026-05-02T22:49:00.728525
ODISHA,MALKANGIR,2002,2003,other_ipc_crimes,1.0,model2_india_crime_type,SingleClassBaseline,2026-05-02T22:49:00.728525
TRIPURA,SOUTH,2005,2006,other_ipc_crimes,1.0,model2_india_crime_type,SingleClassBaseline,2026-05-02T22:49:00.728525
DELHI UT,EAST,2012,2013,other_ipc_crimes,1.0,model2_india_crime_type,SingleClassBaseline,2026-05-02T22:49:00.728525
MAHARASHTRA,PARBHANI,2012,2013,other_ipc_crimes,1.0,model2_india_crime_type,SingleClassBaseline,2026-05-02T22:49:00.728525
JHARKHAND,JAMSHEDPUR,2010,2011,other_ipc_crimes,1.0,model2_india_crime_type,SingleClassBaseline,2026-05-02T22:49:00.728525
JAMMU AND KASHMIR,HANDWARA,2002,2003,other_ipc_crimes,1.0,model2_india_crime_type,SingleClassBaseline,2026-05-02T22:49:00.728525
BIHAR,DARBHANGA,2009,2010,other_ipc_crimes,1.0,model2_india_crime_type,SingleClassBaseline,2026-05-02T22:49:00.728525
MIZORAM,LUNGLEI,2008,2009,other_ipc_crimes,1.0,model2_india_crime_type,SingleClassBaseline,2026-05-02T22:49:00.728525
PUNJAB,ROPAR,2005,2006,other_ipc_crimes,1.0,model2_india_crime_type,SingleClassBaseline,2026-05-02T22:49:00.728525
MADHYA PRADESH,RAJGARH,2010,2011,other_ipc_crimes,1.0,model2_india_crime_type,SingleClassBaseline,2026-05-02T22:49:00.728525
RAJASTHAN,KARAULI,2009,2010,other_ipc_crimes,1.0,model2_india_crime_type,SingleClassBaseline,2026-05-02T22:49:00.728525
UTTAR PRADESH,KAUSHAMBI,2012,2013,other_ipc_crimes,1.0,model2_india_crime_type,SingleClassBaseline,2026-05-02T22:49:00.728525
SIKKIM,NORTH,2010,2011,other_ipc_crimes,1.0,model2_india_crime_type,SingleClassBaseline,2026-05-02T22:49:00.728525
HARYANA,JIND,2005,2006,other_ipc_crimes,1.0,model2_india_crime_type,SingleClassBaseline,2026-05-02T22:49:00.728525
MADHYA PRADESH,DEWAS,2010,2011,other_ipc_crimes,1.0,model2_india_crime_type,SingleClassBaseline,2026-05-02T22:49:00.728525
MADHYA PRADESH,BETUL,2009,2010,other_ipc_crimes,1.0,model2_india_crime_type,SingleClassBaseline,2026-05-02T22:49:00.728525
TAMIL NADU,TIRUPPUR,2011,2012,other_ipc_crimes,1.0,model2_india_crime_type,SingleClassBaseline,2026-05-02T22:49:00.728525
WEST BENGAL,HOWRAH,2001,2002,other_ipc_crimes,1.0,model2_india_crime_type,SingleClassBaseline,2026-05-02T22:49:00.728525
MAHARASHTRA,NAGPUR RLY.,2007,2008,other_ipc_crimes,1.0,model2_india_crime_type,SingleClassBaseline,2026-05-02T22:49:00.728525
UTTAR PRADESH,UNNAO,2007,2008,other_ipc_crimes,1.0,model2_india_crime_type,SingleClassBaseline,2026-05-02T22:49:00.728525
JHARKHAND,CHAIBASA,2010,2011,other_ipc_crimes,1.0,model2_india_crime_type,SingleClassBaseline,2026-05-02T22:49:00.728525
ANDHRA PRADESH,WARANGAL,2006,2007,other_ipc_crimes,1.0,model2_india_crime_type,SingleClassBaseline,2026-05-02T22:49:00.728525
MAHARASHTRA,OSMANABAD,2011,2012,other_ipc_crimes,1.0,model2_india_crime_type,SingleClassBaseline,2026-05-02T22:49:00.728525
KARNATAKA,BIJAPUR,2004,2005,other_ipc_crimes,1.0,model2_india_crime_type,SingleClassBaseline,2026-05-02T22:49:00.728525
BIHAR,KATIHAR RLY.,2002,2003,other_ipc_crimes,1.0,model2_india_crime_type,SingleClassBaseline,2026-05-02T22:49:00.728525
ASSAM,G.R.P.,2008,2009,other_ipc_crimes,1.0,model2_india_crime_type,SingleClassBaseline,2026-05-02T22:49:00.728525
TAMIL NADU,KARUR,2005,2006,other_ipc_crimes,1.0,model2_india_crime_type,SingleClassBaseline,2026-05-02T22:49:00.728525
CHHATTISGARH,RAIGARH,2009,2010,other_ipc_crimes,1.0,model2_india_crime_type,SingleClassBaseline,2026-05-02T22:49:00.728525
GUJARAT,PALANPUR,2002,2003,other_ipc_crimes,1.0,model2_india_crime_type,SingleClassBaseline,2026-05-02T22:49:00.728525
SIKKIM,SOUTH,2005,2006,other_ipc_crimes,1.0,model2_india_crime_type,SingleClassBaseline,2026-05-02T22:49:00.728525
BIHAR,MUNGER,2005,2006,other_ipc_crimes,1.0,model2_india_crime_type,SingleClassBaseline,2026-05-02T22:49:00.728525
RAJASTHAN,BARAN,2010,2011,other_ipc_crimes,1.0,model2_india_crime_type,SingleClassBaseline,2026-05-02T22:49:00.728525
HARYANA,PANIPAT,2008,2009,other_ipc_crimes,1.0,model2_india_crime_type,SingleClassBaseline,2026-05-02T22:49:00.728525
MAHARASHTRA,BHANDARA,2012,2013,other_ipc_crimes,1.0,model2_india_crime_type,SingleClassBaseline,2026-05-02T22:49:00.728525
GUJARAT,BHAVNAGAR,2003,2004,other_ipc_crimes,1.0,model2_india_crime_type,SingleClassBaseline,2026-05-02T22:49:00.728525
BIHAR,BHAGALPUR,2008,2009,other_ipc_crimes,1.0,model2_india_crime_type,SingleClassBaseline,2026-05-02T22:49:00.728525
TAMIL NADU,THIRUVARUR,2004,2005,other_ipc_crimes,1.0,model2_india_crime_type,SingleClassBaseline,2026-05-02T22:49:00.728525
DELHI UT,SOUTH-EAST,2011,2012,other_ipc_crimes,1.0,model2_india_crime_type,SingleClassBaseline,2026-05-02T22:49:00.728525
ASSAM,GUWAHATI CITY,2006,2007,other_ipc_crimes,1.0,model2_india_crime_type,SingleClassBaseline,2026-05-02T22:49:00.728525
MADHYA PRADESH,INDORE,2011,2012,other_ipc_crimes,1.0,model2_india_crime_type,SingleClassBaseline,2026-05-02T22:49:00.728525
CHHATTISGARH,JANJGIR,2004,2005,other_ipc_crimes,1.0,model2_india_crime_type,SingleClassBaseline,2026-05-02T22:49:00.728525
ANDHRA PRADESH,ADILABAD,2006,2007,other_ipc_crimes,1.0,model2_india_crime_type,SingleClassBaseline,2026-05-02T22:49:00.728525
JAMMU AND KASHMIR,KATHUA,2006,2007,other_ipc_crimes,1.0,model2_india_crime_type,SingleClassBaseline,2026-05-02T22:49:00.728525
KARNATAKA,DAKSHIN KANNADA,2008,2009,other_ipc_crimes,1.0,model2_india_crime_type,SingleClassBaseline,2026-05-02T22:49:00.728525
MAHARASHTRA,AMRAVATI COMMR.,2005,2006,other_ipc_crimes,1.0,model2_india_crime_type,SingleClassBaseline,2026-05-02T22:49:00.728525
UTTAR PRADESH,RAMPUR,2012,2013,other_ipc_crimes,1.0,model2_india_crime_type,SingleClassBaseline,2026-05-02T22:49:00.728525
RAJASTHAN,BHARATPUR,2008,2009,other_ipc_crimes,1.0,model2_india_crime_type,SingleClassBaseline,2026-05-02T22:49:00.728525
NAGALAND,PHEK,2007,2008,other_ipc_crimes,1.0,model2_india_crime_type,SingleClassBaseline,2026-05-02T22:49:00.728525
TAMIL NADU,THIRUVARUR,2008,2009,other_ipc_crimes,1.0,model2_india_crime_type,SingleClassBaseline,2026-05-02T22:49:00.728525
MANIPUR,CHANDEL,2005,2006,other_ipc_crimes,1.0,model2_india_crime_type,SingleClassBaseline,2026-05-02T22:49:00.728525
UTTAR PRADESH,BANDA,2005,2006,other_ipc_crimes,1.0,model2_india_crime_type,SingleClassBaseline,2026-05-02T22:49:00.728525
RAJASTHAN,DAUSA,2012,2013,other_ipc_crimes,1.0,model2_india_crime_type,SingleClassBaseline,2026-05-02T22:49:00.728525
JAMMU AND KASHMIR,KUPWARA,2009,2010,other_ipc_crimes,1.0,model2_india_crime_type,SingleClassBaseline,2026-05-02T22:49:00.728525
ODISHA,KALAHANDI,2005,2006,other_ipc_crimes,1.0,model2_india_crime_type,SingleClassBaseline,2026-05-02T22:49:00.728525
RAJASTHAN,KARAULI,2005,2006,other_ipc_crimes,1.0,model2_india_crime_type,SingleClassBaseline,2026-05-02T22:49:00.728525
HARYANA,PANIPAT,2011,2012,other_ipc_crimes,1.0,model2_india_crime_type,SingleClassBaseline,2026-05-02T22:49:00.728525
GUJARAT,VADODARA COMMR.,2008,2009,other_ipc_crimes,1.0,model2_india_crime_type,SingleClassBaseline,2026-05-02T22:49:00.728525
GUJARAT,VADODARA RURAL,2001,2002,other_ipc_crimes,1.0,model2_india_crime_type,SingleClassBaseline,2026-05-02T22:49:00.728525
CHHATTISGARH,DANTEWARA,2004,2005,other_ipc_crimes,1.0,model2_india_crime_type,SingleClassBaseline,2026-05-02T22:49:00.728525
MAHARASHTRA,JALNA,2001,2002,other_ipc_crimes,1.0,model2_india_crime_type,SingleClassBaseline,2026-05-02T22:49:00.728525
RAJASTHAN,KOTA CITY,2010,2011,other_ipc_crimes,1.0,model2_india_crime_type,SingleClassBaseline,2026-05-02T22:49:00.728525
MAHARASHTRA,NASIK RURAL,2002,2003,other_ipc_crimes,1.0,model2_india_crime_type,SingleClassBaseline,2026-05-02T22:49:00.728525
SIKKIM,EAST,2004,2005,other_ipc_crimes,1.0,model2_india_crime_type,SingleClassBaseline,2026-05-02T22:49:00.728525
UTTAR PRADESH,PILIBHIT,2004,2005,other_ipc_crimes,1.0,model2_india_crime_type,SingleClassBaseline,2026-05-02T22:49:00.728525
KERALA,THRISSUR,2009,2010,other_ipc_crimes,1.0,model2_india_crime_type,SingleClassBaseline,2026-05-02T22:49:00.728525
RAJASTHAN,JHUNJHUNU,2009,2010,other_ipc_crimes,1.0,model2_india_crime_type,SingleClassBaseline,2026-05-02T22:49:00.728525
ASSAM,DHUBRI,2003,2004,other_ipc_crimes,1.0,model2_india_crime_type,SingleClassBaseline,2026-05-02T22:49:00.728525
GUJARAT,VADODARA COMMR.,2011,2012,other_ipc_crimes,1.0,model2_india_crime_type,SingleClassBaseline,2026-05-02T22:49:00.728525
TAMIL NADU,DHARMAPURI,2003,2004,other_ipc_crimes,1.0,model2_india_crime_type,SingleClassBaseline,2026-05-02T22:49:00.728525
HIMACHAL PRADESH,SHIMLA,2006,2007,other_ipc_crimes,1.0,model2_india_crime_type,SingleClassBaseline,2026-05-02T22:49:00.728525
ODISHA,ROURKELA,2006,2007,other_ipc_crimes,1.0,model2_india_crime_type,SingleClassBaseline,2026-05-02T22:49:00.728525
TAMIL NADU,CUDDALORE,2005,2006,other_ipc_crimes,1.0,model2_india_crime_type,SingleClassBaseline,2026-05-02T22:49:00.728525
MEGHALAYA,GARO HILLS WEST,2008,2009,other_ipc_crimes,1.0,model2_india_crime_type,SingleClassBaseline,2026-05-02T22:49:00.728525
UTTAR PRADESH,MUZAFFARNAGAR,2006,2007,other_ipc_crimes,1.0,model2_india_crime_type,SingleClassBaseline,2026-05-02T22:49:00.728525
MADHYA PRADESH,KHANDWA,2001,2002,other_ipc_crimes,1.0,model2_india_crime_type,SingleClassBaseline,2026-05-02T22:49:00.728525
BIHAR,LAKHISARAI,2009,2010,other_ipc_crimes,1.0,model2_india_crime_type,SingleClassBaseline,2026-05-02T22:49:00.728525
GUJARAT,RAJKOT RURAL,2004,2005,other_ipc_crimes,1.0,model2_india_crime_type,SingleClassBaseline,2026-05-02T22:49:00.728525
PUNJAB,PATIALA,2011,2012,other_ipc_crimes,1.0,model2_india_crime_type,SingleClassBaseline,2026-05-02T22:49:00.728525
MIZORAM,SAIHA,2012,2013,other_ipc_crimes,1.0,model2_india_crime_type,SingleClassBaseline,2026-05-02T22:49:00.728525
ARUNACHAL PRADESH,SUBANSIRI LOWER,2012,2013,other_ipc_crimes,1.0,model2_india_crime_type,SingleClassBaseline,2026-05-02T22:49:00.728525
ODISHA,ROURKELA,2009,2010,other_ipc_crimes,1.0,model2_india_crime_type,SingleClassBaseline,2026-05-02T22:49:00.728525
PUNJAB,GURDASPUR,2003,2004,other_ipc_crimes,1.0,model2_india_crime_type,SingleClassBaseline,2026-05-02T22:49:00.728525
UTTAR PRADESH,MATHURA,2003,2004,other_ipc_crimes,1.0,model2_india_crime_type,SingleClassBaseline,2026-05-02T22:49:00.728525
GUJARAT,GANDHINAGAR,2002,2003,other_ipc_crimes,1.0,model2_india_crime_type,SingleClassBaseline,2026-05-02T22:49:00.728525
ODISHA,MAYURBHANJ,2008,2009,other_ipc_crimes,1.0,model2_india_crime_type,SingleClassBaseline,2026-05-02T22:49:00.728525
MAHARASHTRA,BEED,2001,2002,other_ipc_crimes,1.0,model2_india_crime_type,SingleClassBaseline,2026-05-02T22:49:00.728525
MAHARASHTRA,WASHIM,2007,2008,other_ipc_crimes,1.0,model2_india_crime_type,SingleClassBaseline,2026-05-02T22:49:00.728525
MAHARASHTRA,WASHIM,2010,2011,other_ipc_crimes,1.0,model2_india_crime_type,SingleClassBaseline,2026-05-02T22:49:00.728525
JHARKHAND,GIRIDIH,2005,2006,other_ipc_crimes,1.0,model2_india_crime_type,SingleClassBaseline,2026-05-02T22:49:00.728525
UTTARAKHAND,TEHRI GARHWAL,2008,2009,other_ipc_crimes,1.0,model2_india_crime_type,SingleClassBaseline,2026-05-02T22:49:00.728525
WEST BENGAL,HOWRAH,2011,2012,other_ipc_crimes,1.0,model2_india_crime_type,SingleClassBaseline,2026-05-02T22:49:00.728525
ANDHRA PRADESH,VIJAYAWADA,2003,2004,other_ipc_crimes,1.0,model2_india_crime_type,SingleClassBaseline,2026-05-02T22:49:00.728525
MAHARASHTRA,HINGOLI,2003,2004,other_ipc_crimes,1.0,model2_india_crime_type,SingleClassBaseline,2026-05-02T22:49:00.728525
MADHYA PRADESH,SHIVPURI,2001,2002,other_ipc_crimes,1.0,model2_india_crime_type,SingleClassBaseline,2026-05-02T22:49:00.728525
TRIPURA,KHOWAI,2012,2013,other_ipc_crimes,1.0,model2_india_crime_type,SingleClassBaseline,2026-05-02T22:49:00.728525
ANDHRA PRADESH,GUNTAKAL RLY.,2006,2007,other_ipc_crimes,1.0,model2_india_crime_type,SingleClassBaseline,2026-05-02T22:49:00.728525
CHHATTISGARH,JAGDALPUR,2001,2002,other_ipc_crimes,1.0,model2_india_crime_type,SingleClassBaseline,2026-05-02T22:49:00.728525
KARNATAKA,DAKSHIN KANNADA,2007,2008,other_ipc_crimes,1.0,model2_india_crime_type,SingleClassBaseline,2026-05-02T22:49:00.728525
CHHATTISGARH,DHAMTARI,2005,2006,other_ipc_crimes,1.0,model2_india_crime_type,SingleClassBaseline,2026-05-02T22:49:00.728525
ANDHRA PRADESH,RAJAHMUNDRY,2011,2012,other_ipc_crimes,1.0,model2_india_crime_type,SingleClassBaseline,2026-05-02T22:49:00.728525
KARNATAKA,BANGALORE RURAL,2008,2009,other_ipc_crimes,1.0,model2_india_crime_type,SingleClassBaseline,2026-05-02T22:49:00.728525
BIHAR,ROHTAS,2009,2010,other_ipc_crimes,1.0,model2_india_crime_type,SingleClassBaseline,2026-05-02T22:49:00.728525
HIMACHAL PRADESH,G.R.P.,2004,2005,other_ipc_crimes,1.0,model2_india_crime_type,SingleClassBaseline,2026-05-02T22:49:00.728525
UTTAR PRADESH,ETAWAH,2011,2012,other_ipc_crimes,1.0,model2_india_crime_type,SingleClassBaseline,2026-05-02T22:49:00.728525
MADHYA PRADESH,INDORE,2007,2008,other_ipc_crimes,1.0,model2_india_crime_type,SingleClassBaseline,2026-05-02T22:49:00.728525
KARNATAKA,K.G.F.,2008,2009,other_ipc_crimes,1.0,model2_india_crime_type,SingleClassBaseline,2026-05-02T22:49:00.728525
HIMACHAL PRADESH,G.R.P.,2003,2004,other_ipc_crimes,1.0,model2_india_crime_type,SingleClassBaseline,2026-05-02T22:49:00.728525
BIHAR,NAUGACHIA,2010,2011,other_ipc_crimes,1.0,model2_india_crime_type,SingleClassBaseline,2026-05-02T22:49:00.728525
MADHYA PRADESH,PANNA,2009,2010,other_ipc_crimes,1.0,model2_india_crime_type,SingleClassBaseline,2026-05-02T22:49:00.728525
ANDHRA PRADESH,VISAKHA RURAL,2008,2009,other_ipc_crimes,1.0,model2_india_crime_type,SingleClassBaseline,2026-05-02T22:49:00.728525
PUNJAB,MUKTSAR,2011,2012,other_ipc_crimes,1.0,model2_india_crime_type,SingleClassBaseline,2026-05-02T22:49:00.728525
RAJASTHAN,CHURU,2011,2012,other_ipc_crimes,1.0,model2_india_crime_type,SingleClassBaseline,2026-05-02T22:49:00.728525
RAJASTHAN,DUNGARPUR,2009,2010,other_ipc_crimes,1.0,model2_india_crime_type,SingleClassBaseline,2026-05-02T22:49:00.728525
ANDHRA PRADESH,SECUNDERABAD RLY.,2002,2003,other_ipc_crimes,1.0,model2_india_crime_type,SingleClassBaseline,2026-05-02T22:49:00.728525
ODISHA,SUNDARGARH,2010,2011,other_ipc_crimes,1.0,model2_india_crime_type,SingleClassBaseline,2026-05-02T22:49:00.728525
MAHARASHTRA,SOLAPUR COMMR.,2009,2010,other_ipc_crimes,1.0,model2_india_crime_type,SingleClassBaseline,2026-05-02T22:49:00.728525
MAHARASHTRA,NAGPUR RLY.,2003,2004,other_ipc_crimes,1.0,model2_india_crime_type,SingleClassBaseline,2026-05-02T22:49:00.728525
RAJASTHAN,BANSWARA,2010,2011,other_ipc_crimes,1.0,model2_india_crime_type,SingleClassBaseline,2026-05-02T22:49:00.728525
ANDHRA PRADESH,MAHABOOBNAGAR,2011,2012,other_ipc_crimes,1.0,model2_india_crime_type,SingleClassBaseline,2026-05-02T22:49:00.728525
TAMIL NADU,COIMBATORE URBAN,2007,2008,other_ipc_crimes,1.0,model2_india_crime_type,SingleClassBaseline,2026-05-02T22:49:00.728525
CHHATTISGARH,DURG,2001,2002,other_ipc_crimes,1.0,model2_india_crime_type,SingleClassBaseline,2026-05-02T22:49:00.728525
TAMIL NADU,COIMBATORE URBAN,2002,2003,other_ipc_crimes,1.0,model2_india_crime_type,SingleClassBaseline,2026-05-02T22:49:00.728525
MADHYA PRADESH,DATIYA,2012,2013,other_ipc_crimes,1.0,model2_india_crime_type,SingleClassBaseline,2026-05-02T22:49:00.728525
JHARKHAND,BOKARO,2002,2003,other_ipc_crimes,1.0,model2_india_crime_type,SingleClassBaseline,2026-05-02T22:49:00.728525
KERALA,TRIVANDRUM COMMR.,2006,2007,other_ipc_crimes,1.0,model2_india_crime_type,SingleClassBaseline,2026-05-02T22:49:00.728525
ODISHA,DEOGARH,2010,2011,other_ipc_crimes,1.0,model2_india_crime_type,SingleClassBaseline,2026-05-02T22:49:00.728525
MADHYA PRADESH,INDORE RLY.,2004,2005,other_ipc_crimes,1.0,model2_india_crime_type,SingleClassBaseline,2026-05-02T22:49:00.728525
MIZORAM,LAWNGTLAI,2011,2012,other_ipc_crimes,1.0,model2_india_crime_type,SingleClassBaseline,2026-05-02T22:49:00.728525
BIHAR,GAYA,2012,2013,other_ipc_crimes,1.0,model2_india_crime_type,SingleClassBaseline,2026-05-02T22:49:00.728525
MADHYA PRADESH,JABALPUR RLY.,2007,2008,other_ipc_crimes,1.0,model2_india_crime_type,SingleClassBaseline,2026-05-02T22:49:00.728525
RAJASTHAN,CHITTORGARH,2002,2003,other_ipc_crimes,1.0,model2_india_crime_type,SingleClassBaseline,2026-05-02T22:49:00.728525
KARNATAKA,UTTAR KANNADA,2008,2009,other_ipc_crimes,1.0,model2_india_crime_type,SingleClassBaseline,2026-05-02T22:49:00.728525
BIHAR,ARWAL,2010,2011,other_ipc_crimes,1.0,model2_india_crime_type,SingleClassBaseline,2026-05-02T22:49:00.728525
MADHYA PRADESH,UMARIYA,2011,2012,other_ipc_crimes,1.0,model2_india_crime_type,SingleClassBaseline,2026-05-02T22:49:00.728525
ODISHA,CUTTACK,2006,2007,other_ipc_crimes,1.0,model2_india_crime_type,SingleClassBaseline,2026-05-02T22:49:00.728525
MADHYA PRADESH,UJJAIN,2001,2002,other_ipc_crimes,1.0,model2_india_crime_type,SingleClassBaseline,2026-05-02T22:49:00.728525
UTTAR PRADESH,ST.RAVIDASNAGAR,2011,2012,other_ipc_crimes,1.0,model2_india_crime_type,SingleClassBaseline,2026-05-02T22:49:00.728525
MAHARASHTRA,NANDURBAR,2005,2006,other_ipc_crimes,1.0,model2_india_crime_type,SingleClassBaseline,2026-05-02T22:49:00.728525
WEST BENGAL,BIRBHUM,2010,2011,other_ipc_crimes,1.0,model2_india_crime_type,SingleClassBaseline,2026-05-02T22:49:00.728525
JAMMU AND KASHMIR,LEH,2006,2007,other_ipc_crimes,1.0,model2_india_crime_type,SingleClassBaseline,2026-05-02T22:49:00.728525
MAHARASHTRA,PUNE COMMR.,2003,2004,other_ipc_crimes,1.0,model2_india_crime_type,SingleClassBaseline,2026-05-02T22:49:00.728525
UTTAR PRADESH,JAUNPUR,2003,2004,other_ipc_crimes,1.0,model2_india_crime_type,SingleClassBaseline,2026-05-02T22:49:00.728525
WEST BENGAL,MURSHIDABAD,2003,2004,other_ipc_crimes,1.0,model2_india_crime_type,SingleClassBaseline,2026-05-02T22:49:00.728525
MADHYA PRADESH,DEWAS,2001,2002,other_ipc_crimes,1.0,model2_india_crime_type,SingleClassBaseline,2026-05-02T22:49:00.728525
UTTAR PRADESH,AURAIYA,2012,2013,other_ipc_crimes,1.0,model2_india_crime_type,SingleClassBaseline,2026-05-02T22:49:00.728525
HIMACHAL PRADESH,G.R.P.,2002,2003,other_ipc_crimes,1.0,model2_india_crime_type,SingleClassBaseline,2026-05-02T22:49:00.728525
ANDHRA PRADESH,NELLORE,2007,2008,other_ipc_crimes,1.0,model2_india_crime_type,SingleClassBaseline,2026-05-02T22:49:00.728525
RAJASTHAN,BUNDI,2012,2013,other_ipc_crimes,1.0,model2_india_crime_type,SingleClassBaseline,2026-05-02T22:49:00.728525
DELHI UT,NORTH,2003,2004,other_ipc_crimes,1.0,model2_india_crime_type,SingleClassBaseline,2026-05-02T22:49:00.728525
HARYANA,KAITHAL,2011,2012,other_ipc_crimes,1.0,model2_india_crime_type,SingleClassBaseline,2026-05-02T22:49:00.728525
MAHARASHTRA,AMRAVATI RURAL,2010,2011,other_ipc_crimes,1.0,model2_india_crime_type,SingleClassBaseline,2026-05-02T22:49:00.728525
PUNJAB,KAPURTHALA,2012,2013,other_ipc_crimes,1.0,model2_india_crime_type,SingleClassBaseline,2026-05-02T22:49:00.728525
UTTAR PRADESH,JHANSI,2009,2010,other_ipc_crimes,1.0,model2_india_crime_type,SingleClassBaseline,2026-05-02T22:49:00.728525
HARYANA,SONIPAT,2005,2006,other_ipc_crimes,1.0,model2_india_crime_type,SingleClassBaseline,2026-05-02T22:49:00.728525
CHHATTISGARH,BILASPUR,2005,2006,other_ipc_crimes,1.0,model2_india_crime_type,SingleClassBaseline,2026-05-02T22:49:00.728525
UTTAR PRADESH,MAU,2007,2008,other_ipc_crimes,1.0,model2_india_crime_type,SingleClassBaseline,2026-05-02T22:49:00.728525
PUNJAB,G.R.P,2001,2002,other_ipc_crimes,1.0,model2_india_crime_type,SingleClassBaseline,2026-05-02T22:49:00.728525
UTTAR PRADESH,BARABANKI,2005,2006,other_ipc_crimes,1.0,model2_india_crime_type,SingleClassBaseline,2026-05-02T22:49:00.728525
TAMIL NADU,MADURAI RURAL,2009,2010,other_ipc_crimes,1.0,model2_india_crime_type,SingleClassBaseline,2026-05-02T22:49:00.728525
MAHARASHTRA,AURANGABAD RURAL,2002,2003,other_ipc_crimes,1.0,model2_india_crime_type,SingleClassBaseline,2026-05-02T22:49:00.728525
RAJASTHAN,KOTA CITY,2006,2007,other_ipc_crimes,1.0,model2_india_crime_type,SingleClassBaseline,2026-05-02T22:49:00.728525
CHHATTISGARH,BILASPUR,2007,2008,other_ipc_crimes,1.0,model2_india_crime_type,SingleClassBaseline,2026-05-02T22:49:00.728525
MANIPUR,CID,2008,2009,other_ipc_crimes,1.0,model2_india_crime_type,SingleClassBaseline,2026-05-02T22:49:00.728525
TAMIL NADU,THANJAVUR,2005,2006,other_ipc_crimes,1.0,model2_india_crime_type,SingleClassBaseline,2026-05-02T22:49:00.728525
UTTAR PRADESH,MATHURA,2002,2003,other_ipc_crimes,1.0,model2_india_crime_type,SingleClassBaseline,2026-05-02T22:49:00.728525
BIHAR,VAISHALI,2009,2010,other_ipc_crimes,1.0,model2_india_crime_type,SingleClassBaseline,2026-05-02T22:49:00.728525
RAJASTHAN,GANGANAGAR,2012,2013,other_ipc_crimes,1.0,model2_india_crime_type,SingleClassBaseline,2026-05-02T22:49:00.728525
MADHYA PRADESH,CHHINDWARA,2003,2004,other_ipc_crimes,1.0,model2_india_crime_type,SingleClassBaseline,2026-05-02T22:49:00.728525
BIHAR,JEHANABAD,2006,2007,other_ipc_crimes,1.0,model2_india_crime_type,SingleClassBaseline,2026-05-02T22:49:00.728525
UTTAR PRADESH,SULTANPUR,2010,2011,other_ipc_crimes,1.0,model2_india_crime_type,SingleClassBaseline,2026-05-02T22:49:00.728525
KARNATAKA,CHICKMAGALUR,2005,2006,other_ipc_crimes,1.0,model2_india_crime_type,SingleClassBaseline,2026-05-02T22:49:00.728525
MADHYA PRADESH,ASHOK NAGAR,2012,2013,other_ipc_crimes,1.0,model2_india_crime_type,SingleClassBaseline,2026-05-02T22:49:00.728525
UTTAR PRADESH,SAHARANPUR,2009,2010,other_ipc_crimes,1.0,model2_india_crime_type,SingleClassBaseline,2026-05-02T22:49:00.728525
UTTAR PRADESH,KUSHI NAGAR,2006,2007,other_ipc_crimes,1.0,model2_india_crime_type,SingleClassBaseline,2026-05-02T22:49:00.728525
WEST BENGAL,PASCHIM MIDNAPUR,2011,2012,other_ipc_crimes,1.0,model2_india_crime_type,SingleClassBaseline,2026-05-02T22:49:00.728525
MANIPUR,THOUBAL,2001,2002,other_ipc_crimes,1.0,model2_india_crime_type,SingleClassBaseline,2026-05-02T22:49:00.728525
PUNJAB,LUDHIANA,2005,2006,other_ipc_crimes,1.0,model2_india_crime_type,SingleClassBaseline,2026-05-02T22:49:00.728525
KERALA,TRIVANDRUM COMMR.,2012,2013,other_ipc_crimes,1.0,model2_india_crime_type,SingleClassBaseline,2026-05-02T22:49:00.728525
PUNJAB,LUDHIANA RURAL,2008,2009,other_ipc_crimes,1.0,model2_india_crime_type,SingleClassBaseline,2026-05-02T22:49:00.728525
JHARKHAND,PAKUR,2004,2005,other_ipc_crimes,1.0,model2_india_crime_type,SingleClassBaseline,2026-05-02T22:49:00.728525
PUNJAB,AMRITSAR,2008,2009,other_ipc_crimes,1.0,model2_india_crime_type,SingleClassBaseline,2026-05-02T22:49:00.728525
ODISHA,RAYAGADA,2004,2005,other_ipc_crimes,1.0,model2_india_crime_type,SingleClassBaseline,2026-05-02T22:49:00.728525
GUJARAT,AHMEDABAD COMMR.,2002,2003,other_ipc_crimes,1.0,model2_india_crime_type,SingleClassBaseline,2026-05-02T22:49:00.728525
TRIPURA,WEST,2004,2005,other_ipc_crimes,1.0,model2_india_crime_type,SingleClassBaseline,2026-05-02T22:49:00.728525
UTTAR PRADESH,HARDOI,2005,2006,other_ipc_crimes,1.0,model2_india_crime_type,SingleClassBaseline,2026-05-02T22:49:00.728525
ARUNACHAL PRADESH,TIRAP,2005,2006,other_ipc_crimes,1.0,model2_india_crime_type,SingleClassBaseline,2026-05-02T22:49:00.728525
ODISHA,PURI,2011,2012,other_ipc_crimes,1.0,model2_india_crime_type,SingleClassBaseline,2026-05-02T22:49:00.728525
ANDHRA PRADESH,GUNTUR,2002,2003,other_ipc_crimes,1.0,model2_india_crime_type,SingleClassBaseline,2026-05-02T22:49:00.728525
ANDHRA PRADESH,NELLORE,2012,2013,other_ipc_crimes,1.0,model2_india_crime_type,SingleClassBaseline,2026-05-02T22:49:00.728525
UTTAR PRADESH,CHANDOLI,2003,2004,other_ipc_crimes,1.0,model2_india_crime_type,SingleClassBaseline,2026-05-02T22:49:00.728525
DELHI UT,NORTH,2007,2008,other_ipc_crimes,1.0,model2_india_crime_type,SingleClassBaseline,2026-05-02T22:49:00.728525
DELHI UT,NORTH WEST,2001,2002,other_ipc_crimes,1.0,model2_india_crime_type,SingleClassBaseline,2026-05-02T22:49:00.728525
JAMMU AND KASHMIR,REASI,2012,2013,other_ipc_crimes,1.0,model2_india_crime_type,SingleClassBaseline,2026-05-02T22:49:00.728525
TAMIL NADU,ERODE,2001,2002,other_ipc_crimes,1.0,model2_india_crime_type,SingleClassBaseline,2026-05-02T22:49:00.728525
CHHATTISGARH,RAIPUR,2003,2004,other_ipc_crimes,1.0,model2_india_crime_type,SingleClassBaseline,2026-05-02T22:49:00.728525
MADHYA PRADESH,CHHINDWARA,2008,2009,other_ipc_crimes,1.0,model2_india_crime_type,SingleClassBaseline,2026-05-02T22:49:00.728525
BIHAR,GAYA,2006,2007,other_ipc_crimes,1.0,model2_india_crime_type,SingleClassBaseline,2026-05-02T22:49:00.728525
JHARKHAND,CHATRA,2005,2006,other_ipc_crimes,1.0,model2_india_crime_type,SingleClassBaseline,2026-05-02T22:49:00.728525
MADHYA PRADESH,BETUL,2011,2012,other_ipc_crimes,1.0,model2_india_crime_type,SingleClassBaseline,2026-05-02T22:49:00.728525
JHARKHAND,GARHWA,2005,2006,other_ipc_crimes,1.0,model2_india_crime_type,SingleClassBaseline,2026-05-02T22:49:00.728525
UTTAR PRADESH,KUSHI NAGAR,2012,2013,other_ipc_crimes,1.0,model2_india_crime_type,SingleClassBaseline,2026-05-02T22:49:00.728525
UTTAR PRADESH,SAHARANPUR,2007,2008,other_ipc_crimes,1.0,model2_india_crime_type,SingleClassBaseline,2026-05-02T22:49:00.728525
JHARKHAND,HAZARIBAGH,2005,2006,other_ipc_crimes,1.0,model2_india_crime_type,SingleClassBaseline,2026-05-02T22:49:00.728525
MADHYA PRADESH,NARSINGHPUR,2011,2012,other_ipc_crimes,1.0,model2_india_crime_type,SingleClassBaseline,2026-05-02T22:49:00.728525
MANIPUR,CID,2011,2012,other_ipc_crimes,1.0,model2_india_crime_type,SingleClassBaseline,2026-05-02T22:49:00.728525
RAJASTHAN,BANSWARA,2007,2008,other_ipc_crimes,1.0,model2_india_crime_type,SingleClassBaseline,2026-05-02T22:49:00.728525
JAMMU AND KASHMIR,PULWAMA,2002,2003,other_ipc_crimes,1.0,model2_india_crime_type,SingleClassBaseline,2026-05-02T22:49:00.728525
MIZORAM,MAMIT,2010,2011,other_ipc_crimes,1.0,model2_india_crime_type,SingleClassBaseline,2026-05-02T22:49:00.728525
MIZORAM,SERCHHIP,2002,2003,other_ipc_crimes,1.0,model2_india_crime_type,SingleClassBaseline,2026-05-02T22:49:00.728525
UTTAR PRADESH,ST.RAVIDASNAGAR,2001,2002,other_ipc_crimes,1.0,model2_india_crime_type,SingleClassBaseline,2026-05-02T22:49:00.728525
MANIPUR,UKHRUL,2010,2011,other_ipc_crimes,1.0,model2_india_crime_type,SingleClassBaseline,2026-05-02T22:49:00.728525
BIHAR,NALANDA,2003,2004,other_ipc_crimes,1.0,model2_india_crime_type,SingleClassBaseline,2026-05-02T22:49:00.728525
JHARKHAND,SIMDEGA,2006,2007,other_ipc_crimes,1.0,model2_india_crime_type,SingleClassBaseline,2026-05-02T22:49:00.728525
BIHAR,SAMASTIPUR,2002,2003,other_ipc_crimes,1.0,model2_india_crime_type,SingleClassBaseline,2026-05-02T22:49:00.728525
ODISHA,SRP(ROURKELA),2010,2011,other_ipc_crimes,1.0,model2_india_crime_type,SingleClassBaseline,2026-05-02T22:49:00.728525
KARNATAKA,BAGALKOT,2007,2008,other_ipc_crimes,1.0,model2_india_crime_type,SingleClassBaseline,2026-05-02T22:49:00.728525
MADHYA PRADESH,DAMOH,2006,2007,other_ipc_crimes,1.0,model2_india_crime_type,SingleClassBaseline,2026-05-02T22:49:00.728525
MAHARASHTRA,PUNE RLY.,2002,2003,other_ipc_crimes,1.0,model2_india_crime_type,SingleClassBaseline,2026-05-02T22:49:00.728525
HARYANA,PALWAL,2010,2011,other_ipc_crimes,1.0,model2_india_crime_type,SingleClassBaseline,2026-05-02T22:49:00.728525
CHHATTISGARH,JAGDALPUR,2009,2010,other_ipc_crimes,1.0,model2_india_crime_type,SingleClassBaseline,2026-05-02T22:49:00.728525
MADHYA PRADESH,SEONI,2006,2007,other_ipc_crimes,1.0,model2_india_crime_type,SingleClassBaseline,2026-05-02T22:49:00.728525
BIHAR,JAMUI,2002,2003,other_ipc_crimes,1.0,model2_india_crime_type,SingleClassBaseline,2026-05-02T22:49:00.728525
BIHAR,SUPAUL,2008,2009,other_ipc_crimes,1.0,model2_india_crime_type,SingleClassBaseline,2026-05-02T22:49:00.728525
ODISHA,SRP(CUTTACK),2005,2006,other_ipc_crimes,1.0,model2_india_crime_type,SingleClassBaseline,2026-05-02T22:49:00.728525
CHHATTISGARH,DURG,2004,2005,other_ipc_crimes,1.0,model2_india_crime_type,SingleClassBaseline,2026-05-02T22:49:00.728525
UTTAR PRADESH,KUSHI NAGAR,2003,2004,other_ipc_crimes,1.0,model2_india_crime_type,SingleClassBaseline,2026-05-02T22:49:00.728525
PUNJAB,CP LUDHIANA,2011,2012,other_ipc_crimes,1.0,model2_india_crime_type,SingleClassBaseline,2026-05-02T22:49:00.728525
HIMACHAL PRADESH,KANGRA,2011,2012,other_ipc_crimes,1.0,model2_india_crime_type,SingleClassBaseline,2026-05-02T22:49:00.728525
JAMMU AND KASHMIR,RAILWAYS,2009,2010,other_ipc_crimes,1.0,model2_india_crime_type,SingleClassBaseline,2026-05-02T22:49:00.728525
MAHARASHTRA,LATUR,2004,2005,other_ipc_crimes,1.0,model2_india_crime_type,SingleClassBaseline,2026-05-02T22:49:00.728525
GUJARAT,AMRELI,2009,2010,other_ipc_crimes,1.0,model2_india_crime_type,SingleClassBaseline,2026-05-02T22:49:00.728525
ODISHA,DCP BBSR,2008,2009,other_ipc_crimes,1.0,model2_india_crime_type,SingleClassBaseline,2026-05-02T22:49:00.728525
ANDHRA PRADESH,VIZIANAGARAM,2011,2012,other_ipc_crimes,1.0,model2_india_crime_type,SingleClassBaseline,2026-05-02T22:49:00.728525
UTTAR PRADESH,BULANDSHAHAR,2012,2013,other_ipc_crimes,1.0,model2_india_crime_type,SingleClassBaseline,2026-05-02T22:49:00.728525
UTTAR PRADESH,MAHOBA,2005,2006,other_ipc_crimes,1.0,model2_india_crime_type,SingleClassBaseline,2026-05-02T22:49:00.728525
MAHARASHTRA,HINGOLI,2004,2005,other_ipc_crimes,1.0,model2_india_crime_type,SingleClassBaseline,2026-05-02T22:49:00.728525
HARYANA,SIRSA,2009,2010,other_ipc_crimes,1.0,model2_india_crime_type,SingleClassBaseline,2026-05-02T22:49:00.728525
ASSAM,CACHAR,2001,2002,other_ipc_crimes,1.0,model2_india_crime_type,SingleClassBaseline,2026-05-02T22:49:00.728525
BIHAR,BHAGALPUR,2009,2010,other_ipc_crimes,1.0,model2_india_crime_type,SingleClassBaseline,2026-05-02T22:49:00.728525
MAHARASHTRA,AURANGABAD RURAL,2007,2008,other_ipc_crimes,1.0,model2_india_crime_type,SingleClassBaseline,2026-05-02T22:49:00.728525
WEST BENGAL,MURSHIDABAD,2004,2005,other_ipc_crimes,1.0,model2_india_crime_type,SingleClassBaseline,2026-05-02T22:49:00.728525
MIZORAM,SERCHHIP,2008,2009,other_ipc_crimes,1.0,model2_india_crime_type,SingleClassBaseline,2026-05-02T22:49:00.728525
MAHARASHTRA,MUMBAI RLY.,2010,2011,other_ipc_crimes,1.0,model2_india_crime_type,SingleClassBaseline,2026-05-02T22:49:00.728525
MADHYA PRADESH,BARWANI,2005,2006,other_ipc_crimes,1.0,model2_india_crime_type,SingleClassBaseline,2026-05-02T22:49:00.728525
TRIPURA,WEST,2006,2007,other_ipc_crimes,1.0,model2_india_crime_type,SingleClassBaseline,2026-05-02T22:49:00.728525
NAGALAND,MON,2007,2008,other_ipc_crimes,1.0,model2_india_crime_type,SingleClassBaseline,2026-05-02T22:49:00.728525
ANDHRA PRADESH,WARANGAL,2002,2003,other_ipc_crimes,1.0,model2_india_crime_type,SingleClassBaseline,2026-05-02T22:49:00.728525
HARYANA,KAITHAL,2010,2011,other_ipc_crimes,1.0,model2_india_crime_type,SingleClassBaseline,2026-05-02T22:49:00.728525
PUNJAB,KHANNA,2007,2008,other_ipc_crimes,1.0,model2_india_crime_type,SingleClassBaseline,2026-05-02T22:49:00.728525
UTTAR PRADESH,LALITPUR,2005,2006,other_ipc_crimes,1.0,model2_india_crime_type,SingleClassBaseline,2026-05-02T22:49:00.728525
HIMACHAL PRADESH,KANGRA,2004,2005,other_ipc_crimes,1.0,model2_india_crime_type,SingleClassBaseline,2026-05-02T22:49:00.728525
UTTARAKHAND,PITHORAGARH,2004,2005,other_ipc_crimes,1.0,model2_india_crime_type,SingleClassBaseline,2026-05-02T22:49:00.728525
MAHARASHTRA,AKOLA,2003,2004,other_ipc_crimes,1.0,model2_india_crime_type,SingleClassBaseline,2026-05-02T22:49:00.728525
DELHI UT,CENTRAL,2008,2009,other_ipc_crimes,1.0,model2_india_crime_type,SingleClassBaseline,2026-05-02T22:49:00.728525
JAMMU AND KASHMIR,BUDGAM,2001,2002,other_ipc_crimes,1.0,model2_india_crime_type,SingleClassBaseline,2026-05-02T22:49:00.728525
MADHYA PRADESH,SIHORE,2002,2003,other_ipc_crimes,1.0,model2_india_crime_type,SingleClassBaseline,2026-05-02T22:49:00.728525
HARYANA,JHAJJAR,2003,2004,other_ipc_crimes,1.0,model2_india_crime_type,SingleClassBaseline,2026-05-02T22:49:00.728525
UTTAR PRADESH,KANSHIRAM NAGAR,2008,2009,other_ipc_crimes,1.0,model2_india_crime_type,SingleClassBaseline,2026-05-02T22:49:00.728525
ASSAM,BONGAIGAON,2010,2011,other_ipc_crimes,1.0,model2_india_crime_type,SingleClassBaseline,2026-05-02T22:49:00.728525
KARNATAKA,KODAGU,2006,2007,other_ipc_crimes,1.0,model2_india_crime_type,SingleClassBaseline,2026-05-02T22:49:00.728525
ASSAM,JORHAT,2004,2005,other_ipc_crimes,1.0,model2_india_crime_type,SingleClassBaseline,2026-05-02T22:49:00.728525
JAMMU AND KASHMIR,BUDGAM,2003,2004,other_ipc_crimes,1.0,model2_india_crime_type,SingleClassBaseline,2026-05-02T22:49:00.728525
MADHYA PRADESH,BHIND,2009,2010,other_ipc_crimes,1.0,model2_india_crime_type,SingleClassBaseline,2026-05-02T22:49:00.728525
HARYANA,BHIWANI,2007,2008,other_ipc_crimes,1.0,model2_india_crime_type,SingleClassBaseline,2026-05-02T22:49:00.728525
BIHAR,AURANGABAD,2003,2004,other_ipc_crimes,1.0,model2_india_crime_type,SingleClassBaseline,2026-05-02T22:49:00.728525
BIHAR,KATIHAR RLY.,2006,2007,other_ipc_crimes,1.0,model2_india_crime_type,SingleClassBaseline,2026-05-02T22:49:00.728525
JHARKHAND,PALAMU,2006,2007,other_ipc_crimes,1.0,model2_india_crime_type,SingleClassBaseline,2026-05-02T22:49:00.728525
UTTAR PRADESH,AURAIYA,2001,2002,other_ipc_crimes,1.0,model2_india_crime_type,SingleClassBaseline,2026-05-02T22:49:00.728525
CHHATTISGARH,GRP RAIPUR,2005,2006,other_ipc_crimes,1.0,model2_india_crime_type,SingleClassBaseline,2026-05-02T22:49:00.728525
MAHARASHTRA,SOLAPUR COMMR.,2006,2007,other_ipc_crimes,1.0,model2_india_crime_type,SingleClassBaseline,2026-05-02T22:49:00.728525
MADHYA PRADESH,SATNA,2005,2006,other_ipc_crimes,1.0,model2_india_crime_type,SingleClassBaseline,2026-05-02T22:49:00.728525
JAMMU AND KASHMIR,POONCH,2003,2004,other_ipc_crimes,1.0,model2_india_crime_type,SingleClassBaseline,2026-05-02T22:49:00.728525
MAHARASHTRA,BEED,2003,2004,other_ipc_crimes,1.0,model2_india_crime_type,SingleClassBaseline,2026-05-02T22:49:00.728525
UTTAR PRADESH,BALRAMPUR,2008,2009,other_ipc_crimes,1.0,model2_india_crime_type,SingleClassBaseline,2026-05-02T22:49:00.728525
RAJASTHAN,JAIPUR NORTH,2009,2010,other_ipc_crimes,1.0,model2_india_crime_type,SingleClassBaseline,2026-05-02T22:49:00.728525
RAJASTHAN,UDAIPUR,2001,2002,other_ipc_crimes,1.0,model2_india_crime_type,SingleClassBaseline,2026-05-02T22:49:00.728525
MAHARASHTRA,SOLAPUR RURAL,2002,2003,other_ipc_crimes,1.0,model2_india_crime_type,SingleClassBaseline,2026-05-02T22:49:00.728525
JAMMU AND KASHMIR,GANDERBAL,2008,2009,other_ipc_crimes,1.0,model2_india_crime_type,SingleClassBaseline,2026-05-02T22:49:00.728525
UTTAR PRADESH,BANDA,2011,2012,other_ipc_crimes,1.0,model2_india_crime_type,SingleClassBaseline,2026-05-02T22:49:00.728525
CHHATTISGARH,KABIRDHAM,2006,2007,other_ipc_crimes,1.0,model2_india_crime_type,SingleClassBaseline,2026-05-02T22:49:00.728525
RAJASTHAN,SAWAI MADHOPUR,2005,2006,other_ipc_crimes,1.0,model2_india_crime_type,SingleClassBaseline,2026-05-02T22:49:00.728525
TAMIL NADU,THOOTHUGUDI,2004,2005,other_ipc_crimes,1.0,model2_india_crime_type,SingleClassBaseline,2026-05-02T22:49:00.728525
MADHYA PRADESH,GUNA,2009,2010,other_ipc_crimes,1.0,model2_india_crime_type,SingleClassBaseline,2026-05-02T22:49:00.728525
SIKKIM,WEST,2007,2008,other_ipc_crimes,1.0,model2_india_crime_type,SingleClassBaseline,2026-05-02T22:49:00.728525
JAMMU AND KASHMIR,KISHTWAR,2009,2010,other_ipc_crimes,1.0,model2_india_crime_type,SingleClassBaseline,2026-05-02T22:49:00.728525
ODISHA,PURI,2007,2008,other_ipc_crimes,1.0,model2_india_crime_type,SingleClassBaseline,2026-05-02T22:49:00.728525
RAJASTHAN,BARMER,2005,2006,other_ipc_crimes,1.0,model2_india_crime_type,SingleClassBaseline,2026-05-02T22:49:00.728525
NAGALAND,PEREN,2005,2006,other_ipc_crimes,1.0,model2_india_crime_type,SingleClassBaseline,2026-05-02T22:49:00.728525
KARNATAKA,BIJAPUR,2001,2002,other_ipc_crimes,1.0,model2_india_crime_type,SingleClassBaseline,2026-05-02T22:49:00.728525
KARNATAKA,DAVANAGERE,2012,2013,other_ipc_crimes,1.0,model2_india_crime_type,SingleClassBaseline,2026-05-02T22:49:00.728525
MADHYA PRADESH,VIDISHA,2012,2013,other_ipc_crimes,1.0,model2_india_crime_type,SingleClassBaseline,2026-05-02T22:49:00.728525
MADHYA PRADESH,RATLAM,2002,2003,other_ipc_crimes,1.0,model2_india_crime_type,SingleClassBaseline,2026-05-02T22:49:00.728525
PUNJAB,HOSHIARPUR,2003,2004,other_ipc_crimes,1.0,model2_india_crime_type,SingleClassBaseline,2026-05-02T22:49:00.728525
RAJASTHAN,JALORE,2006,2007,other_ipc_crimes,1.0,model2_india_crime_type,SingleClassBaseline,2026-05-02T22:49:00.728525
MAHARASHTRA,SATARA,2009,2010,other_ipc_crimes,1.0,model2_india_crime_type,SingleClassBaseline,2026-05-02T22:49:00.728525
BIHAR,GAYA,2004,2005,other_ipc_crimes,1.0,model2_india_crime_type,SingleClassBaseline,2026-05-02T22:49:00.728525
UTTAR PRADESH,BALRAMPUR,2002,2003,other_ipc_crimes,1.0,model2_india_crime_type,SingleClassBaseline,2026-05-02T22:49:00.728525
UTTAR PRADESH,KAUSHAMBI,2004,2005,other_ipc_crimes,1.0,model2_india_crime_type,SingleClassBaseline,2026-05-02T22:49:00.728525
HARYANA,AMBALA,2001,2002,other_ipc_crimes,1.0,model2_india_crime_type,SingleClassBaseline,2026-05-02T22:49:00.728525
UTTARAKHAND,PITHORAGARH,2010,2011,other_ipc_crimes,1.0,model2_india_crime_type,SingleClassBaseline,2026-05-02T22:49:00.728525
RAJASTHAN,KARAULI,2003,2004,other_ipc_crimes,1.0,model2_india_crime_type,SingleClassBaseline,2026-05-02T22:49:00.728525
ANDHRA PRADESH,SECUNDERABAD RLY.,2006,2007,other_ipc_crimes,1.0,model2_india_crime_type,SingleClassBaseline,2026-05-02T22:49:00.728525
JAMMU AND KASHMIR,BUDGAM,2008,2009,other_ipc_crimes,1.0,model2_india_crime_type,SingleClassBaseline,2026-05-02T22:49:00.728525
RAJASTHAN,ALWAR,2009,2010,other_ipc_crimes,1.0,model2_india_crime_type,SingleClassBaseline,2026-05-02T22:49:00.728525
JAMMU AND KASHMIR,LEH,2003,2004,other_ipc_crimes,1.0,model2_india_crime_type,SingleClassBaseline,2026-05-02T22:49:00.728525
WEST BENGAL,PASCHIM MIDNAPUR,2007,2008,other_ipc_crimes,1.0,model2_india_crime_type,SingleClassBaseline,2026-05-02T22:49:00.728525
BIHAR,DARBHANGA,2007,2008,other_ipc_crimes,1.0,model2_india_crime_type,SingleClassBaseline,2026-05-02T22:49:00.728525
JAMMU AND KASHMIR,JAMMU,2001,2002,other_ipc_crimes,1.0,model2_india_crime_type,SingleClassBaseline,2026-05-02T22:49:00.728525
KARNATAKA,BANGALORE RURAL,2005,2006,other_ipc_crimes,1.0,model2_india_crime_type,SingleClassBaseline,2026-05-02T22:49:00.728525
BIHAR,MADHUBANI,2012,2013,other_ipc_crimes,1.0,model2_india_crime_type,SingleClassBaseline,2026-05-02T22:49:00.728525
JAMMU AND KASHMIR,SRINAGAR,2006,2007,other_ipc_crimes,1.0,model2_india_crime_type,SingleClassBaseline,2026-05-02T22:49:00.728525
GUJARAT,JUNAGADH,2011,2012,other_ipc_crimes,1.0,model2_india_crime_type,SingleClassBaseline,2026-05-02T22:49:00.728525
KARNATAKA,BAGALKOT,2002,2003,other_ipc_crimes,1.0,model2_india_crime_type,SingleClassBaseline,2026-05-02T22:49:00.728525
ARUNACHAL PRADESH,TAWANG,2010,2011,other_ipc_crimes,1.0,model2_india_crime_type,SingleClassBaseline,2026-05-02T22:49:00.728525
BIHAR,ARARIA,2003,2004,other_ipc_crimes,1.0,model2_india_crime_type,SingleClassBaseline,2026-05-02T22:49:00.728525
TAMIL NADU,CHENNAI RLY.,2003,2004,other_ipc_crimes,1.0,model2_india_crime_type,SingleClassBaseline,2026-05-02T22:49:00.728525
UTTAR PRADESH,BARABANKI,2008,2009,other_ipc_crimes,1.0,model2_india_crime_type,SingleClassBaseline,2026-05-02T22:49:00.728525
ANDHRA PRADESH,CUDDAPAH,2012,2013,other_ipc_crimes,1.0,model2_india_crime_type,SingleClassBaseline,2026-05-02T22:49:00.728525
RAJASTHAN,CHITTORGARH,2010,2011,other_ipc_crimes,1.0,model2_india_crime_type,SingleClassBaseline,2026-05-02T22:49:00.728525
ANDHRA PRADESH,WARANGAL,2007,2008,other_ipc_crimes,1.0,model2_india_crime_type,SingleClassBaseline,2026-05-02T22:49:00.728525
MADHYA PRADESH,BETUL,2003,2004,other_ipc_crimes,1.0,model2_india_crime_type,SingleClassBaseline,2026-05-02T22:49:00.728525
TAMIL NADU,CUDDALORE,2010,2011,other_ipc_crimes,1.0,model2_india_crime_type,SingleClassBaseline,2026-05-02T22:49:00.728525
CHHATTISGARH,DANTEWARA,2007,2008,other_ipc_crimes,1.0,model2_india_crime_type,SingleClassBaseline,2026-05-02T22:49:00.728525
KERALA,MALAPPURAM,2004,2005,other_ipc_crimes,1.0,model2_india_crime_type,SingleClassBaseline,2026-05-02T22:49:00.728525
TAMIL NADU,SALEM URBAN,2002,2003,other_ipc_crimes,1.0,model2_india_crime_type,SingleClassBaseline,2026-05-02T22:49:00.728525
BIHAR,PATNA,2010,2011,other_ipc_crimes,1.0,model2_india_crime_type,SingleClassBaseline,2026-05-02T22:49:00.728525
ODISHA,CUTTACK,2003,2004,other_ipc_crimes,1.0,model2_india_crime_type,SingleClassBaseline,2026-05-02T22:49:00.728525
ARUNACHAL PRADESH,SIANG EAST,2009,2010,other_ipc_crimes,1.0,model2_india_crime_type,SingleClassBaseline,2026-05-02T22:49:00.728525
JAMMU AND KASHMIR,CRIME JAMMU,2009,2010,other_ipc_crimes,1.0,model2_india_crime_type,SingleClassBaseline,2026-05-02T22:49:00.728525
MAHARASHTRA,BHANDARA,2010,2011,other_ipc_crimes,1.0,model2_india_crime_type,SingleClassBaseline,2026-05-02T22:49:00.728525
D AND N HAVELI,D AND N HAVELI,2003,2004,other_ipc_crimes,1.0,model2_india_crime_type,SingleClassBaseline,2026-05-02T22:49:00.728525
MAHARASHTRA,RATNAGIRI,2005,2006,other_ipc_crimes,1.0,model2_india_crime_type,SingleClassBaseline,2026-05-02T22:49:00.728525
KARNATAKA,BIDAR,2012,2013,other_ipc_crimes,1.0,model2_india_crime_type,SingleClassBaseline,2026-05-02T22:49:00.728525
MIZORAM,AIZAWL,2012,2013,other_ipc_crimes,1.0,model2_india_crime_type,SingleClassBaseline,2026-05-02T22:49:00.728525
MEGHALAYA,GARO HILLS WEST,2007,2008,other_ipc_crimes,1.0,model2_india_crime_type,SingleClassBaseline,2026-05-02T22:49:00.728525
ODISHA,BOUDH,2007,2008,other_ipc_crimes,1.0,model2_india_crime_type,SingleClassBaseline,2026-05-02T22:49:00.728525
KERALA,WAYANADU,2008,2009,other_ipc_crimes,1.0,model2_india_crime_type,SingleClassBaseline,2026-05-02T22:49:00.728525
CHHATTISGARH,KORIYA,2012,2013,other_ipc_crimes,1.0,model2_india_crime_type,SingleClassBaseline,2026-05-02T22:49:00.728525
GUJARAT,DAHOD,2004,2005,other_ipc_crimes,1.0,model2_india_crime_type,SingleClassBaseline,2026-05-02T22:49:00.728525
TAMIL NADU,THOOTHUGUDI,2007,2008,other_ipc_crimes,1.0,model2_india_crime_type,SingleClassBaseline,2026-05-02T22:49:00.728525
BIHAR,MOTIHARI,2008,2009,other_ipc_crimes,1.0,model2_india_crime_type,SingleClassBaseline,2026-05-02T22:49:00.728525
JAMMU AND KASHMIR,RAILWAYS,2008,2009,other_ipc_crimes,1.0,model2_india_crime_type,SingleClassBaseline,2026-05-02T22:49:00.728525
MAHARASHTRA,NAGPUR RLY.,2005,2006,other_ipc_crimes,1.0,model2_india_crime_type,SingleClassBaseline,2026-05-02T22:49:00.728525
MADHYA PRADESH,INDORE RLY.,2010,2011,other_ipc_crimes,1.0,model2_india_crime_type,SingleClassBaseline,2026-05-02T22:49:00.728525
WEST BENGAL,PURAB MIDNAPUR,2011,2012,other_ipc_crimes,1.0,model2_india_crime_type,SingleClassBaseline,2026-05-02T22:49:00.728525
PUNJAB,KHANNA,2003,2004,other_ipc_crimes,1.0,model2_india_crime_type,SingleClassBaseline,2026-05-02T22:49:00.728525
PUNJAB,G.R.P,2007,2008,other_ipc_crimes,1.0,model2_india_crime_type,SingleClassBaseline,2026-05-02T22:49:00.728525
GUJARAT,HIMATNAGAR,2001,2002,other_ipc_crimes,1.0,model2_india_crime_type,SingleClassBaseline,2026-05-02T22:49:00.728525
KARNATAKA,GADAG,2001,2002,other_ipc_crimes,1.0,model2_india_crime_type,SingleClassBaseline,2026-05-02T22:49:00.728525
ARUNACHAL PRADESH,SUBANSIRI UPPER,2007,2008,other_ipc_crimes,1.0,model2_india_crime_type,SingleClassBaseline,2026-05-02T22:49:00.728525
JHARKHAND,SARAIKELA,2001,2002,other_ipc_crimes,1.0,model2_india_crime_type,SingleClassBaseline,2026-05-02T22:49:00.728525
MADHYA PRADESH,BHOPAL,2011,2012,other_ipc_crimes,1.0,model2_india_crime_type,SingleClassBaseline,2026-05-02T22:49:00.728525
RAJASTHAN,DAUSA,2007,2008,other_ipc_crimes,1.0,model2_india_crime_type,SingleClassBaseline,2026-05-02T22:49:00.728525
KARNATAKA,UTTAR KANNADA,2011,2012,other_ipc_crimes,1.0,model2_india_crime_type,SingleClassBaseline,2026-05-02T22:49:00.728525
HARYANA,MAHENDRAGARH,2010,2011,other_ipc_crimes,1.0,model2_india_crime_type,SingleClassBaseline,2026-05-02T22:49:00.728525
BIHAR,SIWAN,2005,2006,other_ipc_crimes,1.0,model2_india_crime_type,SingleClassBaseline,2026-05-02T22:49:00.728525
ODISHA,DCP CTC,2012,2013,other_ipc_crimes,1.0,model2_india_crime_type,SingleClassBaseline,2026-05-02T22:49:00.728525
MADHYA PRADESH,MANDSAUR,2005,2006,other_ipc_crimes,1.0,model2_india_crime_type,SingleClassBaseline,2026-05-02T22:49:00.728525
WEST BENGAL,BANKURA,2002,2003,other_ipc_crimes,1.0,model2_india_crime_type,SingleClassBaseline,2026-05-02T22:49:00.728525
BIHAR,BUXAR,2009,2010,other_ipc_crimes,1.0,model2_india_crime_type,SingleClassBaseline,2026-05-02T22:49:00.728525
HIMACHAL PRADESH,SHIMLA,2005,2006,other_ipc_crimes,1.0,model2_india_crime_type,SingleClassBaseline,2026-05-02T22:49:00.728525
RAJASTHAN,ALWAR,2012,2013,other_ipc_crimes,1.0,model2_india_crime_type,SingleClassBaseline,2026-05-02T22:49:00.728525
JHARKHAND,GUMLA,2006,2007,other_ipc_crimes,1.0,model2_india_crime_type,SingleClassBaseline,2026-05-02T22:49:00.728525
TRIPURA,WEST,2002,2003,other_ipc_crimes,1.0,model2_india_crime_type,SingleClassBaseline,2026-05-02T22:49:00.728525
NAGALAND,KIPHIRE,2008,2009,other_ipc_crimes,1.0,model2_india_crime_type,SingleClassBaseline,2026-05-02T22:49:00.728525
MADHYA PRADESH,BARWANI,2010,2011,other_ipc_crimes,1.0,model2_india_crime_type,SingleClassBaseline,2026-05-02T22:49:00.728525
MANIPUR,SENAPATI,2007,2008,other_ipc_crimes,1.0,model2_india_crime_type,SingleClassBaseline,2026-05-02T22:49:00.728525
UTTAR PRADESH,AGRA,2002,2003,other_ipc_crimes,1.0,model2_india_crime_type,SingleClassBaseline,2026-05-02T22:49:00.728525
UTTAR PRADESH,KHIRI,2012,2013,other_ipc_crimes,1.0,model2_india_crime_type,SingleClassBaseline,2026-05-02T22:49:00.728525
BIHAR,MUZAFFARPUR,2002,2003,other_ipc_crimes,1.0,model2_india_crime_type,SingleClassBaseline,2026-05-02T22:49:00.728525
RAJASTHAN,CHURU,2002,2003,other_ipc_crimes,1.0,model2_india_crime_type,SingleClassBaseline,2026-05-02T22:49:00.728525
WEST BENGAL,SEALDAH G.R.P.,2006,2007,other_ipc_crimes,1.0,model2_india_crime_type,SingleClassBaseline,2026-05-02T22:49:00.728525
UTTAR PRADESH,BULANDSHAHAR,2004,2005,other_ipc_crimes,1.0,model2_india_crime_type,SingleClassBaseline,2026-05-02T22:49:00.728525
MADHYA PRADESH,SAGAR,2001,2002,other_ipc_crimes,1.0,model2_india_crime_type,SingleClassBaseline,2026-05-02T22:49:00.728525
CHHATTISGARH,DHAMTARI,2006,2007,other_ipc_crimes,1.0,model2_india_crime_type,SingleClassBaseline,2026-05-02T22:49:00.728525
GUJARAT,SURENDRANAGAR,2012,2013,other_ipc_crimes,1.0,model2_india_crime_type,SingleClassBaseline,2026-05-02T22:49:00.728525
BIHAR,ARWAL,2004,2005,other_ipc_crimes,1.0,model2_india_crime_type,SingleClassBaseline,2026-05-02T22:49:00.728525
SIKKIM,WEST,2010,2011,other_ipc_crimes,1.0,model2_india_crime_type,SingleClassBaseline,2026-05-02T22:49:00.728525
GUJARAT,AHMEDABAD COMMR.,2001,2002,other_ipc_crimes,1.0,model2_india_crime_type,SingleClassBaseline,2026-05-02T22:49:00.728525
CHHATTISGARH,RAIPUR,2009,2010,other_ipc_crimes,1.0,model2_india_crime_type,SingleClassBaseline,2026-05-02T22:49:00.728525
UTTAR PRADESH,DEORIA,2010,2011,other_ipc_crimes,1.0,model2_india_crime_type,SingleClassBaseline,2026-05-02T22:49:00.728525
DELHI UT,NEW DELHI,2002,2003,other_ipc_crimes,1.0,model2_india_crime_type,SingleClassBaseline,2026-05-02T22:49:00.728525
PUNJAB,G.R.P,2002,2003,other_ipc_crimes,1.0,model2_india_crime_type,SingleClassBaseline,2026-05-02T22:49:00.728525
MAHARASHTRA,NAVI MUMBAI,2012,2013,other_ipc_crimes,1.0,model2_india_crime_type,SingleClassBaseline,2026-05-02T22:49:00.728525
ANDHRA PRADESH,MAHABOOBNAGAR,2003,2004,other_ipc_crimes,1.0,model2_india_crime_type,SingleClassBaseline,2026-05-02T22:49:00.728525
MADHYA PRADESH,BHOPAL,2005,2006,other_ipc_crimes,1.0,model2_india_crime_type,SingleClassBaseline,2026-05-02T22:49:00.728525
ANDHRA PRADESH,KARIMNAGAR,2006,2007,other_ipc_crimes,1.0,model2_india_crime_type,SingleClassBaseline,2026-05-02T22:49:00.728525
TAMIL NADU,NAGAPATTINAM,2001,2002,other_ipc_crimes,1.0,model2_india_crime_type,SingleClassBaseline,2026-05-02T22:49:00.728525
MIZORAM,SERCHHIP,2012,2013,other_ipc_crimes,1.0,model2_india_crime_type,SingleClassBaseline,2026-05-02T22:49:00.728525
KARNATAKA,KOPPAL,2011,2012,other_ipc_crimes,1.0,model2_india_crime_type,SingleClassBaseline,2026-05-02T22:49:00.728525
ODISHA,BHADRAK,2012,2013,other_ipc_crimes,1.0,model2_india_crime_type,SingleClassBaseline,2026-05-02T22:49:00.728525
RAJASTHAN,TONK,2012,2013,other_ipc_crimes,1.0,model2_india_crime_type,SingleClassBaseline,2026-05-02T22:49:00.728525
DELHI UT,SOUTH-WEST,2009,2010,other_ipc_crimes,1.0,model2_india_crime_type,SingleClassBaseline,2026-05-02T22:49:00.728525
BIHAR,KATIHAR,2006,2007,other_ipc_crimes,1.0,model2_india_crime_type,SingleClassBaseline,2026-05-02T22:49:00.728525
JAMMU AND KASHMIR,KULGAM,2007,2008,other_ipc_crimes,1.0,model2_india_crime_type,SingleClassBaseline,2026-05-02T22:49:00.728525
BIHAR,KISHANGANJ,2002,2003,other_ipc_crimes,1.0,model2_india_crime_type,SingleClassBaseline,2026-05-02T22:49:00.728525
JHARKHAND,CHATRA,2009,2010,other_ipc_crimes,1.0,model2_india_crime_type,SingleClassBaseline,2026-05-02T22:49:00.728525
RAJASTHAN,UDAIPUR,2005,2006,other_ipc_crimes,1.0,model2_india_crime_type,SingleClassBaseline,2026-05-02T22:49:00.728525
ODISHA,SRP(ROURKELA),2012,2013,other_ipc_crimes,1.0,model2_india_crime_type,SingleClassBaseline,2026-05-02T22:49:00.728525
MADHYA PRADESH,UJJAIN,2007,2008,other_ipc_crimes,1.0,model2_india_crime_type,SingleClassBaseline,2026-05-02T22:49:00.728525
HIMACHAL PRADESH,KULLU,2007,2008,other_ipc_crimes,1.0,model2_india_crime_type,SingleClassBaseline,2026-05-02T22:49:00.728525
ODISHA,MALKANGIR,2009,2010,other_ipc_crimes,1.0,model2_india_crime_type,SingleClassBaseline,2026-05-02T22:49:00.728525
TAMIL NADU,THIRUVANNAMALAI,2007,2008,other_ipc_crimes,1.0,model2_india_crime_type,SingleClassBaseline,2026-05-02T22:49:00.728525
ASSAM,NAGAON,2003,2004,other_ipc_crimes,1.0,model2_india_crime_type,SingleClassBaseline,2026-05-02T22:49:00.728525
KERALA,TRIVANDRUM RURAL,2003,2004,other_ipc_crimes,1.0,model2_india_crime_type,SingleClassBaseline,2026-05-02T22:49:00.728525
ARUNACHAL PRADESH,K/KUMEY,2008,2009,other_ipc_crimes,1.0,model2_india_crime_type,SingleClassBaseline,2026-05-02T22:49:00.728525
PUDUCHERRY,KARAIKAL,2010,2011,other_ipc_crimes,1.0,model2_india_crime_type,SingleClassBaseline,2026-05-02T22:49:00.728525
JAMMU AND KASHMIR,CRIME SRINAGAR,2005,2006,other_ipc_crimes,1.0,model2_india_crime_type,SingleClassBaseline,2026-05-02T22:49:00.728525
GUJARAT,RAJKOT COMMR.,2010,2011,other_ipc_crimes,1.0,model2_india_crime_type,SingleClassBaseline,2026-05-02T22:49:00.728525
ANDHRA PRADESH,KRISHNA,2007,2008,other_ipc_crimes,1.0,model2_india_crime_type,SingleClassBaseline,2026-05-02T22:49:00.728525
UTTAR PRADESH,BAREILLY,2008,2009,other_ipc_crimes,1.0,model2_india_crime_type,SingleClassBaseline,2026-05-02T22:49:00.728525
UTTAR PRADESH,KANPUR DEHAT,2006,2007,other_ipc_crimes,1.0,model2_india_crime_type,SingleClassBaseline,2026-05-02T22:49:00.728525
UTTAR PRADESH,KHIRI,2004,2005,other_ipc_crimes,1.0,model2_india_crime_type,SingleClassBaseline,2026-05-02T22:49:00.728525
UTTAR PRADESH,BADAUN,2003,2004,other_ipc_crimes,1.0,model2_india_crime_type,SingleClassBaseline,2026-05-02T22:49:00.728525
WEST BENGAL,SEALDAH G.R.P.,2005,2006,other_ipc_crimes,1.0,model2_india_crime_type,SingleClassBaseline,2026-05-02T22:49:00.728525
ODISHA,KALAHANDI,2011,2012,other_ipc_crimes,1.0,model2_india_crime_type,SingleClassBaseline,2026-05-02T22:49:00.728525
BIHAR,BHAGALPUR,2004,2005,other_ipc_crimes,1.0,model2_india_crime_type,SingleClassBaseline,2026-05-02T22:49:00.728525
UTTAR PRADESH,DEORIA,2007,2008,other_ipc_crimes,1.0,model2_india_crime_type,SingleClassBaseline,2026-05-02T22:49:00.728525
UTTAR PRADESH,KANPUR NAGAR,2006,2007,other_ipc_crimes,1.0,model2_india_crime_type,SingleClassBaseline,2026-05-02T22:49:00.728525
UTTAR PRADESH,KUSHI NAGAR,2007,2008,other_ipc_crimes,1.0,model2_india_crime_type,SingleClassBaseline,2026-05-02T22:49:00.728525
ANDHRA PRADESH,ANANTAPUR,2008,2009,other_ipc_crimes,1.0,model2_india_crime_type,SingleClassBaseline,2026-05-02T22:49:00.728525
GUJARAT,HIMATNAGAR,2006,2007,other_ipc_crimes,1.0,model2_india_crime_type,SingleClassBaseline,2026-05-02T22:49:00.728525
ASSAM,SIBSAGAR,2005,2006,other_ipc_crimes,1.0,model2_india_crime_type,SingleClassBaseline,2026-05-02T22:49:00.728525
PUNJAB,G.R.P,2003,2004,other_ipc_crimes,1.0,model2_india_crime_type,SingleClassBaseline,2026-05-02T22:49:00.728525
RAJASTHAN,SAWAI MADHOPUR,2011,2012,other_ipc_crimes,1.0,model2_india_crime_type,SingleClassBaseline,2026-05-02T22:49:00.728525
WEST BENGAL,HOWRAH G.R.P.,2006,2007,other_ipc_crimes,1.0,model2_india_crime_type,SingleClassBaseline,2026-05-02T22:49:00.728525
JHARKHAND,JAMTARA,2009,2010,other_ipc_crimes,1.0,model2_india_crime_type,SingleClassBaseline,2026-05-02T22:49:00.728525
KERALA,KOLLAM,2006,2007,other_ipc_crimes,1.0,model2_india_crime_type,SingleClassBaseline,2026-05-02T22:49:00.728525
BIHAR,LAKHISARAI,2011,2012,other_ipc_crimes,1.0,model2_india_crime_type,SingleClassBaseline,2026-05-02T22:49:00.728525
JAMMU AND KASHMIR,BORDER,2001,2002,other_ipc_crimes,1.0,model2_india_crime_type,SingleClassBaseline,2026-05-02T22:49:00.728525
CHHATTISGARH,BILASPUR,2012,2013,other_ipc_crimes,1.0,model2_india_crime_type,SingleClassBaseline,2026-05-02T22:49:00.728525
MAHARASHTRA,NAVI MUMBAI,2008,2009,other_ipc_crimes,1.0,model2_india_crime_type,SingleClassBaseline,2026-05-02T22:49:00.728525
RAJASTHAN,JAIPUR EAST,2011,2012,other_ipc_crimes,1.0,model2_india_crime_type,SingleClassBaseline,2026-05-02T22:49:00.728525
ANDHRA PRADESH,GUNTAKAL RLY.,2008,2009,other_ipc_crimes,1.0,model2_india_crime_type,SingleClassBaseline,2026-05-02T22:49:00.728525
UTTAR PRADESH,MORADABAD,2005,2006,other_ipc_crimes,1.0,model2_india_crime_type,SingleClassBaseline,2026-05-02T22:49:00.728525
TAMIL NADU,NAGAPATTINAM,2008,2009,other_ipc_crimes,1.0,model2_india_crime_type,SingleClassBaseline,2026-05-02T22:49:00.728525
ASSAM,NALBARI,2004,2005,other_ipc_crimes,1.0,model2_india_crime_type,SingleClassBaseline,2026-05-02T22:49:00.728525
TAMIL NADU,MADURAI RURAL,2003,2004,other_ipc_crimes,1.0,model2_india_crime_type,SingleClassBaseline,2026-05-02T22:49:00.728525
ASSAM,KARBI ANGLONG,2010,2011,other_ipc_crimes,1.0,model2_india_crime_type,SingleClassBaseline,2026-05-02T22:49:00.728525
MADHYA PRADESH,RAJGARH,2009,2010,other_ipc_crimes,1.0,model2_india_crime_type,SingleClassBaseline,2026-05-02T22:49:00.728525
UTTAR PRADESH,KUSHI NAGAR,2009,2010,other_ipc_crimes,1.0,model2_india_crime_type,SingleClassBaseline,2026-05-02T22:49:00.728525
MAHARASHTRA,GONDIA,2011,2012,other_ipc_crimes,1.0,model2_india_crime_type,SingleClassBaseline,2026-05-02T22:49:00.728525
PUDUCHERRY,PONDICHERRY,2004,2005,other_ipc_crimes,1.0,model2_india_crime_type,SingleClassBaseline,2026-05-02T22:49:00.728525
NAGALAND,MON,2003,2004,other_ipc_crimes,1.0,model2_india_crime_type,SingleClassBaseline,2026-05-02T22:49:00.728525
JAMMU AND KASHMIR,UDHAMPUR,2009,2010,other_ipc_crimes,1.0,model2_india_crime_type,SingleClassBaseline,2026-05-02T22:49:00.728525
UTTARAKHAND,NAINITAL,2008,2009,other_ipc_crimes,1.0,model2_india_crime_type,SingleClassBaseline,2026-05-02T22:49:00.728525
MADHYA PRADESH,RAISEN,2012,2013,other_ipc_crimes,1.0,model2_india_crime_type,SingleClassBaseline,2026-05-02T22:49:00.728525
MAHARASHTRA,CHANDRAPUR,2012,2013,other_ipc_crimes,1.0,model2_india_crime_type,SingleClassBaseline,2026-05-02T22:49:00.728525
JHARKHAND,GUMLA,2007,2008,other_ipc_crimes,1.0,model2_india_crime_type,SingleClassBaseline,2026-05-02T22:49:00.728525
ANDHRA PRADESH,RANGA REDDY,2002,2003,other_ipc_crimes,1.0,model2_india_crime_type,SingleClassBaseline,2026-05-02T22:49:00.728525
MADHYA PRADESH,BALAGHAT,2011,2012,other_ipc_crimes,1.0,model2_india_crime_type,SingleClassBaseline,2026-05-02T22:49:00.728525
ANDHRA PRADESH,VISAKHAPATNAM,2011,2012,other_ipc_crimes,1.0,model2_india_crime_type,SingleClassBaseline,2026-05-02T22:49:00.728525
HARYANA,MAHENDRAGARH,2008,2009,other_ipc_crimes,1.0,model2_india_crime_type,SingleClassBaseline,2026-05-02T22:49:00.728525
MAHARASHTRA,AURANGABAD RURAL,2008,2009,other_ipc_crimes,1.0,model2_india_crime_type,SingleClassBaseline,2026-05-02T22:49:00.728525
TAMIL NADU,MADURAI URBAN,2011,2012,other_ipc_crimes,1.0,model2_india_crime_type,SingleClassBaseline,2026-05-02T22:49:00.728525
GUJARAT,NARMADA,2011,2012,other_ipc_crimes,1.0,model2_india_crime_type,SingleClassBaseline,2026-05-02T22:49:00.728525
BIHAR,SITAMARHI,2008,2009,other_ipc_crimes,1.0,model2_india_crime_type,SingleClassBaseline,2026-05-02T22:49:00.728525
ASSAM,JORHAT,2007,2008,other_ipc_crimes,1.0,model2_india_crime_type,SingleClassBaseline,2026-05-02T22:49:00.728525
RAJASTHAN,ALWAR,2004,2005,other_ipc_crimes,1.0,model2_india_crime_type,SingleClassBaseline,2026-05-02T22:49:00.728525
MADHYA PRADESH,DATIYA,2009,2010,other_ipc_crimes,1.0,model2_india_crime_type,SingleClassBaseline,2026-05-02T22:49:00.728525
CHHATTISGARH,KORBA,2001,2002,other_ipc_crimes,1.0,model2_india_crime_type,SingleClassBaseline,2026-05-02T22:49:00.728525
SIKKIM,EAST,2011,2012,other_ipc_crimes,1.0,model2_india_crime_type,SingleClassBaseline,2026-05-02T22:49:00.728525
ODISHA,ANGUL,2002,2003,other_ipc_crimes,1.0,model2_india_crime_type,SingleClassBaseline,2026-05-02T22:49:00.728525
TAMIL NADU,PERAMBALUR,2007,2008,other_ipc_crimes,1.0,model2_india_crime_type,SingleClassBaseline,2026-05-02T22:49:00.728525
UTTARAKHAND,CHAMPAWAT,2012,2013,other_ipc_crimes,1.0,model2_india_crime_type,SingleClassBaseline,2026-05-02T22:49:00.728525
WEST BENGAL,24 PARGANAS SOUTH,2004,2005,other_ipc_crimes,1.0,model2_india_crime_type,SingleClassBaseline,2026-05-02T22:49:00.728525
UTTAR PRADESH,KANNAUJ,2010,2011,other_ipc_crimes,1.0,model2_india_crime_type,SingleClassBaseline,2026-05-02T22:49:00.728525
ODISHA,JAGATSINGHPUR,2006,2007,other_ipc_crimes,1.0,model2_india_crime_type,SingleClassBaseline,2026-05-02T22:49:00.728525
BIHAR,VAISHALI,2011,2012,other_ipc_crimes,1.0,model2_india_crime_type,SingleClassBaseline,2026-05-02T22:49:00.728525
UTTAR PRADESH,JAUNPUR,2009,2010,other_ipc_crimes,1.0,model2_india_crime_type,SingleClassBaseline,2026-05-02T22:49:00.728525
UTTAR PRADESH,JALAUN,2006,2007,other_ipc_crimes,1.0,model2_india_crime_type,SingleClassBaseline,2026-05-02T22:49:00.728525
JHARKHAND,LATEHAR,2004,2005,other_ipc_crimes,1.0,model2_india_crime_type,SingleClassBaseline,2026-05-02T22:49:00.728525
WEST BENGAL,JALPAIGURI,2009,2010,other_ipc_crimes,1.0,model2_india_crime_type,SingleClassBaseline,2026-05-02T22:49:00.728525
PUNJAB,PATIALA,2005,2006,other_ipc_crimes,1.0,model2_india_crime_type,SingleClassBaseline,2026-05-02T22:49:00.728525
RAJASTHAN,BANSWARA,2008,2009,other_ipc_crimes,1.0,model2_india_crime_type,SingleClassBaseline,2026-05-02T22:49:00.728525
ANDHRA PRADESH,EAST GODAVARI,2005,2006,other_ipc_crimes,1.0,model2_india_crime_type,SingleClassBaseline,2026-05-02T22:49:00.728525
ASSAM,KARBI ANGLONG,2005,2006,other_ipc_crimes,1.0,model2_india_crime_type,SingleClassBaseline,2026-05-02T22:49:00.728525
ARUNACHAL PRADESH,SIANG EAST,2002,2003,other_ipc_crimes,1.0,model2_india_crime_type,SingleClassBaseline,2026-05-02T22:49:00.728525
NAGALAND,MON,2002,2003,other_ipc_crimes,1.0,model2_india_crime_type,SingleClassBaseline,2026-05-02T22:49:00.728525
BIHAR,MUZAFFARPUR RLY.,2004,2005,other_ipc_crimes,1.0,model2_india_crime_type,SingleClassBaseline,2026-05-02T22:49:00.728525
HARYANA,JHAJJAR,2002,2003,other_ipc_crimes,1.0,model2_india_crime_type,SingleClassBaseline,2026-05-02T22:49:00.728525
MEGHALAYA,KHASI HILLS EAST,2002,2003,other_ipc_crimes,1.0,model2_india_crime_type,SingleClassBaseline,2026-05-02T22:49:00.728525
RAJASTHAN,RAJSAMAND,2009,2010,other_ipc_crimes,1.0,model2_india_crime_type,SingleClassBaseline,2026-05-02T22:49:00.728525
WEST BENGAL,UTTAR DINAJPUR,2012,2013,other_ipc_crimes,1.0,model2_india_crime_type,SingleClassBaseline,2026-05-02T22:49:00.728525
CHANDIGARH,CHANDIGARH,2004,2005,other_ipc_crimes,1.0,model2_india_crime_type,SingleClassBaseline,2026-05-02T22:49:00.728525
BIHAR,KHAGARIA,2009,2010,other_ipc_crimes,1.0,model2_india_crime_type,SingleClassBaseline,2026-05-02T22:49:00.728525
MADHYA PRADESH,BURHANPUR,2010,2011,other_ipc_crimes,1.0,model2_india_crime_type,SingleClassBaseline,2026-05-02T22:49:00.728525
NAGALAND,ZUNHEBOTO,2012,2013,other_ipc_crimes,1.0,model2_india_crime_type,SingleClassBaseline,2026-05-02T22:49:00.728525
JHARKHAND,JAMTARA,2011,2012,other_ipc_crimes,1.0,model2_india_crime_type,SingleClassBaseline,2026-05-02T22:49:00.728525
HIMACHAL PRADESH,HAMIRPUR,2012,2013,other_ipc_crimes,1.0,model2_india_crime_type,SingleClassBaseline,2026-05-02T22:49:00.728525
GUJARAT,W.RLY,2009,2010,other_ipc_crimes,1.0,model2_india_crime_type,SingleClassBaseline,2026-05-02T22:49:00.728525
ODISHA,BOUDH,2012,2013,other_ipc_crimes,1.0,model2_india_crime_type,SingleClassBaseline,2026-05-02T22:49:00.728525
HARYANA,GURGAON,2010,2011,other_ipc_crimes,1.0,model2_india_crime_type,SingleClassBaseline,2026-05-02T22:49:00.728525
ARUNACHAL PRADESH,SUBANSIRI LOWER,2004,2005,other_ipc_crimes,1.0,model2_india_crime_type,SingleClassBaseline,2026-05-02T22:49:00.728525
KERALA,KOLLAM,2005,2006,other_ipc_crimes,1.0,model2_india_crime_type,SingleClassBaseline,2026-05-02T22:49:00.728525
ODISHA,KENDRAPARA,2009,2010,other_ipc_crimes,1.0,model2_india_crime_type,SingleClassBaseline,2026-05-02T22:49:00.728525
ANDHRA PRADESH,VISAKHA RURAL,2010,2011,other_ipc_crimes,1.0,model2_india_crime_type,SingleClassBaseline,2026-05-02T22:49:00.728525
NAGALAND,MOKOKCHUNG,2009,2010,other_ipc_crimes,1.0,model2_india_crime_type,SingleClassBaseline,2026-05-02T22:49:00.728525
JHARKHAND,JAMSHEDPUR,2001,2002,other_ipc_crimes,1.0,model2_india_crime_type,SingleClassBaseline,2026-05-02T22:49:00.728525
RAJASTHAN,DUNGARPUR,2006,2007,other_ipc_crimes,1.0,model2_india_crime_type,SingleClassBaseline,2026-05-02T22:49:00.728525
ARUNACHAL PRADESH,SIANG WEST,2009,2010,other_ipc_crimes,1.0,model2_india_crime_type,SingleClassBaseline,2026-05-02T22:49:00.728525
PUNJAB,JALANDHAR,2001,2002,other_ipc_crimes,1.0,model2_india_crime_type,SingleClassBaseline,2026-05-02T22:49:00.728525
MANIPUR,CHANDEL,2004,2005,other_ipc_crimes,1.0,model2_india_crime_type,SingleClassBaseline,2026-05-02T22:49:00.728525
MAHARASHTRA,DHULE,2006,2007,other_ipc_crimes,1.0,model2_india_crime_type,SingleClassBaseline,2026-05-02T22:49:00.728525
JHARKHAND,GIRIDIH,2004,2005,other_ipc_crimes,1.0,model2_india_crime_type,SingleClassBaseline,2026-05-02T22:49:00.728525
MAHARASHTRA,PARBHANI,2004,2005,other_ipc_crimes,1.0,model2_india_crime_type,SingleClassBaseline,2026-05-02T22:49:00.728525
JHARKHAND,KHUNTI,2008,2009,other_ipc_crimes,1.0,model2_india_crime_type,SingleClassBaseline,2026-05-02T22:49:00.728525
ASSAM,GOALPARA,2003,2004,other_ipc_crimes,1.0,model2_india_crime_type,SingleClassBaseline,2026-05-02T22:49:00.728525
KERALA,KOTTAYAM,2011,2012,other_ipc_crimes,1.0,model2_india_crime_type,SingleClassBaseline,2026-05-02T22:49:00.728525
UTTAR PRADESH,GAUTAMBUDH NAGAR,2010,2011,other_ipc_crimes,1.0,model2_india_crime_type,SingleClassBaseline,2026-05-02T22:49:00.728525
BIHAR,NAUGACHIA,2008,2009,other_ipc_crimes,1.0,model2_india_crime_type,SingleClassBaseline,2026-05-02T22:49:00.728525
UTTAR PRADESH,G.R.P.,2012,2013,other_ipc_crimes,1.0,model2_india_crime_type,SingleClassBaseline,2026-05-02T22:49:00.728525
HARYANA,SIRSA,2011,2012,other_ipc_crimes,1.0,model2_india_crime_type,SingleClassBaseline,2026-05-02T22:49:00.728525
GUJARAT,PANCHMAHAL,2008,2009,other_ipc_crimes,1.0,model2_india_crime_type,SingleClassBaseline,2026-05-02T22:49:00.728525
RAJASTHAN,DAUSA,2011,2012,other_ipc_crimes,1.0,model2_india_crime_type,SingleClassBaseline,2026-05-02T22:49:00.728525
ASSAM,KAMRUP,2003,2004,other_ipc_crimes,1.0,model2_india_crime_type,SingleClassBaseline,2026-05-02T22:49:00.728525
JHARKHAND,GARHWA,2007,2008,other_ipc_crimes,1.0,model2_india_crime_type,SingleClassBaseline,2026-05-02T22:49:00.728525
MADHYA PRADESH,BHIND,2005,2006,other_ipc_crimes,1.0,model2_india_crime_type,SingleClassBaseline,2026-05-02T22:49:00.728525
KARNATAKA,BANGALORE COMMR.,2005,2006,other_ipc_crimes,1.0,model2_india_crime_type,SingleClassBaseline,2026-05-02T22:49:00.728525
DAMAN AND DIU,DIU,2010,2011,other_ipc_crimes,1.0,model2_india_crime_type,SingleClassBaseline,2026-05-02T22:49:00.728525
DELHI UT,CENTRAL,2001,2002,other_ipc_crimes,1.0,model2_india_crime_type,SingleClassBaseline,2026-05-02T22:49:00.728525
KERALA,THRISSUR,2001,2002,other_ipc_crimes,1.0,model2_india_crime_type,SingleClassBaseline,2026-05-02T22:49:00.728525
MAHARASHTRA,SOLAPUR COMMR.,2004,2005,other_ipc_crimes,1.0,model2_india_crime_type,SingleClassBaseline,2026-05-02T22:49:00.728525
HARYANA,REWARI,2001,2002,other_ipc_crimes,1.0,model2_india_crime_type,SingleClassBaseline,2026-05-02T22:49:00.728525
ASSAM,CACHAR,2004,2005,other_ipc_crimes,1.0,model2_india_crime_type,SingleClassBaseline,2026-05-02T22:49:00.728525
MADHYA PRADESH,SIDHI,2008,2009,other_ipc_crimes,1.0,model2_india_crime_type,SingleClassBaseline,2026-05-02T22:49:00.728525
MAHARASHTRA,YAVATMAL,2005,2006,other_ipc_crimes,1.0,model2_india_crime_type,SingleClassBaseline,2026-05-02T22:49:00.728525
MEGHALAYA,KHASI HILLS WEST,2009,2010,other_ipc_crimes,1.0,model2_india_crime_type,SingleClassBaseline,2026-05-02T22:49:00.728525
TAMIL NADU,THIRUVALLUR,2007,2008,other_ipc_crimes,1.0,model2_india_crime_type,SingleClassBaseline,2026-05-02T22:49:00.728525
UTTAR PRADESH,ALLAHABAD,2002,2003,other_ipc_crimes,1.0,model2_india_crime_type,SingleClassBaseline,2026-05-02T22:49:00.728525
PUNJAB,FATEHGARH SAHIB,2004,2005,other_ipc_crimes,1.0,model2_india_crime_type,SingleClassBaseline,2026-05-02T22:49:00.728525
HARYANA,PANIPAT,2003,2004,other_ipc_crimes,1.0,model2_india_crime_type,SingleClassBaseline,2026-05-02T22:49:00.728525
DAMAN AND DIU,DIU,2011,2012,other_ipc_crimes,1.0,model2_india_crime_type,SingleClassBaseline,2026-05-02T22:49:00.728525
UTTAR PRADESH,MAU,2005,2006,other_ipc_crimes,1.0,model2_india_crime_type,SingleClassBaseline,2026-05-02T22:49:00.728525
KARNATAKA,KOLAR,2008,2009,other_ipc_crimes,1.0,model2_india_crime_type,SingleClassBaseline,2026-05-02T22:49:00.728525
PUNJAB,MAJITHA,2001,2002,other_ipc_crimes,1.0,model2_india_crime_type,SingleClassBaseline,2026-05-02T22:49:00.728525
TAMIL NADU,THIRUNELVELI URBAN,2008,2009,other_ipc_crimes,1.0,model2_india_crime_type,SingleClassBaseline,2026-05-02T22:49:00.728525
GUJARAT,NARMADA,2006,2007,other_ipc_crimes,1.0,model2_india_crime_type,SingleClassBaseline,2026-05-02T22:49:00.728525
MAHARASHTRA,SANGLI,2004,2005,other_ipc_crimes,1.0,model2_india_crime_type,SingleClassBaseline,2026-05-02T22:49:00.728525
ARUNACHAL PRADESH,TAWANG,2009,2010,other_ipc_crimes,1.0,model2_india_crime_type,SingleClassBaseline,2026-05-02T22:49:00.728525
ODISHA,BARAGARH,2006,2007,other_ipc_crimes,1.0,model2_india_crime_type,SingleClassBaseline,2026-05-02T22:49:00.728525
PUNJAB,JALANDHAR,2007,2008,other_ipc_crimes,1.0,model2_india_crime_type,SingleClassBaseline,2026-05-02T22:49:00.728525
SIKKIM,NORTH,2007,2008,other_ipc_crimes,1.0,model2_india_crime_type,SingleClassBaseline,2026-05-02T22:49:00.728525
ODISHA,ROURKELA,2001,2002,other_ipc_crimes,1.0,model2_india_crime_type,SingleClassBaseline,2026-05-02T22:49:00.728525
RAJASTHAN,JALORE,2012,2013,other_ipc_crimes,1.0,model2_india_crime_type,SingleClassBaseline,2026-05-02T22:49:00.728525
JHARKHAND,GUMLA,2008,2009,other_ipc_crimes,1.0,model2_india_crime_type,SingleClassBaseline,2026-05-02T22:49:00.728525
JAMMU AND KASHMIR,KUPWARA,2004,2005,other_ipc_crimes,1.0,model2_india_crime_type,SingleClassBaseline,2026-05-02T22:49:00.728525
GUJARAT,SURENDRANAGAR,2002,2003,other_ipc_crimes,1.0,model2_india_crime_type,SingleClassBaseline,2026-05-02T22:49:00.728525
ARUNACHAL PRADESH,UPPER DIBANG VALLEY,2009,2010,other_ipc_crimes,1.0,model2_india_crime_type,SingleClassBaseline,2026-05-02T22:49:00.728525
BIHAR,BHABHUA,2005,2006,other_ipc_crimes,1.0,model2_india_crime_type,SingleClassBaseline,2026-05-02T22:49:00.728525
UTTAR PRADESH,SIDHARTHNAGAR,2007,2008,other_ipc_crimes,1.0,model2_india_crime_type,SingleClassBaseline,2026-05-02T22:49:00.728525
RAJASTHAN,SIKAR,2002,2003,other_ipc_crimes,1.0,model2_india_crime_type,SingleClassBaseline,2026-05-02T22:49:00.728525
GUJARAT,AHMEDABAD RURAL,2005,2006,other_ipc_crimes,1.0,model2_india_crime_type,SingleClassBaseline,2026-05-02T22:49:00.728525
HARYANA,FARIDABAD,2001,2002,other_ipc_crimes,1.0,model2_india_crime_type,SingleClassBaseline,2026-05-02T22:49:00.728525
WEST BENGAL,UTTAR DINAJPUR,2002,2003,other_ipc_crimes,1.0,model2_india_crime_type,SingleClassBaseline,2026-05-02T22:49:00.728525
ARUNACHAL PRADESH,SIANG UPPER,2008,2009,other_ipc_crimes,1.0,model2_india_crime_type,SingleClassBaseline,2026-05-02T22:49:00.728525
KERALA,TRIVANDRUM RURAL,2006,2007,other_ipc_crimes,1.0,model2_india_crime_type,SingleClassBaseline,2026-05-02T22:49:00.728525
JHARKHAND,DHANBAD,2010,2011,other_ipc_crimes,1.0,model2_india_crime_type,SingleClassBaseline,2026-05-02T22:49:00.728525
UTTAR PRADESH,ST.RAVIDASNAGAR,2010,2011,other_ipc_crimes,1.0,model2_india_crime_type,SingleClassBaseline,2026-05-02T22:49:00.728525
BIHAR,BHABHUA,2008,2009,other_ipc_crimes,1.0,model2_india_crime_type,SingleClassBaseline,2026-05-02T22:49:00.728525
GUJARAT,KHEDA NORTH,2003,2004,other_ipc_crimes,1.0,model2_india_crime_type,SingleClassBaseline,2026-05-02T22:49:00.728525
MADHYA PRADESH,DAMOH,2007,2008,other_ipc_crimes,1.0,model2_india_crime_type,SingleClassBaseline,2026-05-02T22:49:00.728525
SIKKIM,NORTH,2011,2012,other_ipc_crimes,1.0,model2_india_crime_type,SingleClassBaseline,2026-05-02T22:49:00.728525
UTTAR PRADESH,KANPUR DEHAT,2009,2010,other_ipc_crimes,1.0,model2_india_crime_type,SingleClassBaseline,2026-05-02T22:49:00.728525
BIHAR,SUPAUL,2011,2012,other_ipc_crimes,1.0,model2_india_crime_type,SingleClassBaseline,2026-05-02T22:49:00.728525
HIMACHAL PRADESH,G.R.P.,2005,2006,other_ipc_crimes,1.0,model2_india_crime_type,SingleClassBaseline,2026-05-02T22:49:00.728525
GUJARAT,JUNAGADH,2009,2010,other_ipc_crimes,1.0,model2_india_crime_type,SingleClassBaseline,2026-05-02T22:49:00.728525
UTTAR PRADESH,JAUNPUR,2011,2012,other_ipc_crimes,1.0,model2_india_crime_type,SingleClassBaseline,2026-05-02T22:49:00.728525
UTTAR PRADESH,LALITPUR,2001,2002,other_ipc_crimes,1.0,model2_india_crime_type,SingleClassBaseline,2026-05-02T22:49:00.728525
KARNATAKA,BAGALKOT,2004,2005,other_ipc_crimes,1.0,model2_india_crime_type,SingleClassBaseline,2026-05-02T22:49:00.728525
ANDHRA PRADESH,CHITTOOR,2007,2008,other_ipc_crimes,1.0,model2_india_crime_type,SingleClassBaseline,2026-05-02T22:49:00.728525
JHARKHAND,LATEHAR,2005,2006,other_ipc_crimes,1.0,model2_india_crime_type,SingleClassBaseline,2026-05-02T22:49:00.728525
RAJASTHAN,SIROHI,2005,2006,other_ipc_crimes,1.0,model2_india_crime_type,SingleClassBaseline,2026-05-02T22:49:00.728525
TAMIL NADU,THOOTHUGUDI,2003,2004,other_ipc_crimes,1.0,model2_india_crime_type,SingleClassBaseline,2026-05-02T22:49:00.728525
RAJASTHAN,SAWAI MADHOPUR,2008,2009,other_ipc_crimes,1.0,model2_india_crime_type,SingleClassBaseline,2026-05-02T22:49:00.728525
ASSAM,KAMRUP,2001,2002,other_ipc_crimes,1.0,model2_india_crime_type,SingleClassBaseline,2026-05-02T22:49:00.728525
UTTAR PRADESH,KAUSHAMBI,2010,2011,other_ipc_crimes,1.0,model2_india_crime_type,SingleClassBaseline,2026-05-02T22:49:00.728525
JHARKHAND,DUMKA,2001,2002,other_ipc_crimes,1.0,model2_india_crime_type,SingleClassBaseline,2026-05-02T22:49:00.728525
MAHARASHTRA,SOLAPUR COMMR.,2003,2004,other_ipc_crimes,1.0,model2_india_crime_type,SingleClassBaseline,2026-05-02T22:49:00.728525
GUJARAT,PORBANDAR,2012,2013,other_ipc_crimes,1.0,model2_india_crime_type,SingleClassBaseline,2026-05-02T22:49:00.728525
CHHATTISGARH,KABIRDHAM,2009,2010,other_ipc_crimes,1.0,model2_india_crime_type,SingleClassBaseline,2026-05-02T22:49:00.728525
ODISHA,PURI,2009,2010,other_ipc_crimes,1.0,model2_india_crime_type,SingleClassBaseline,2026-05-02T22:49:00.728525
UTTARAKHAND,ALMORA,2002,2003,other_ipc_crimes,1.0,model2_india_crime_type,SingleClassBaseline,2026-05-02T22:49:00.728525
MAHARASHTRA,JALNA,2002,2003,other_ipc_crimes,1.0,model2_india_crime_type,SingleClassBaseline,2026-05-02T22:49:00.728525
KARNATAKA,BAGALKOT,2011,2012,other_ipc_crimes,1.0,model2_india_crime_type,SingleClassBaseline,2026-05-02T22:49:00.728525
ARUNACHAL PRADESH,DIBANG VALLEY,2003,2004,other_ipc_crimes,1.0,model2_india_crime_type,SingleClassBaseline,2026-05-02T22:49:00.728525
PUNJAB,SAS NGR,2006,2007,other_ipc_crimes,1.0,model2_india_crime_type,SingleClassBaseline,2026-05-02T22:49:00.728525
ANDHRA PRADESH,NIZAMABAD,2008,2009,other_ipc_crimes,1.0,model2_india_crime_type,SingleClassBaseline,2026-05-02T22:49:00.728525
RAJASTHAN,JALORE,2009,2010,other_ipc_crimes,1.0,model2_india_crime_type,SingleClassBaseline,2026-05-02T22:49:00.728525
GUJARAT,PALANPUR,2008,2009,other_ipc_crimes,1.0,model2_india_crime_type,SingleClassBaseline,2026-05-02T22:49:00.728525
CHHATTISGARH,BIZAPUR,2011,2012,other_ipc_crimes,1.0,model2_india_crime_type,SingleClassBaseline,2026-05-02T22:49:00.728525
TAMIL NADU,TRICHY URBAN,2007,2008,other_ipc_crimes,1.0,model2_india_crime_type,SingleClassBaseline,2026-05-02T22:49:00.728525
MAHARASHTRA,JALGAON,2001,2002,other_ipc_crimes,1.0,model2_india_crime_type,SingleClassBaseline,2026-05-02T22:49:00.728525
PUNJAB,FEROZPUR,2011,2012,other_ipc_crimes,1.0,model2_india_crime_type,SingleClassBaseline,2026-05-02T22:49:00.728525
TRIPURA,WEST,2012,2013,other_ipc_crimes,1.0,model2_india_crime_type,SingleClassBaseline,2026-05-02T22:49:00.728525
MADHYA PRADESH,SAGAR,2007,2008,other_ipc_crimes,1.0,model2_india_crime_type,SingleClassBaseline,2026-05-02T22:49:00.728525
HARYANA,KAITHAL,2012,2013,other_ipc_crimes,1.0,model2_india_crime_type,SingleClassBaseline,2026-05-02T22:49:00.728525
MIZORAM,LAWNGTLAI,2008,2009,other_ipc_crimes,1.0,model2_india_crime_type,SingleClassBaseline,2026-05-02T22:49:00.728525
RAJASTHAN,JAIPUR,2001,2002,other_ipc_crimes,1.0,model2_india_crime_type,SingleClassBaseline,2026-05-02T22:49:00.728525
UTTAR PRADESH,AURAIYA,2003,2004,other_ipc_crimes,1.0,model2_india_crime_type,SingleClassBaseline,2026-05-02T22:49:00.728525
MAHARASHTRA,PUNE RLY.,2012,2013,other_ipc_crimes,1.0,model2_india_crime_type,SingleClassBaseline,2026-05-02T22:49:00.728525
BIHAR,MOTIHARI,2004,2005,other_ipc_crimes,1.0,model2_india_crime_type,SingleClassBaseline,2026-05-02T22:49:00.728525
UTTAR PRADESH,PRATAPGARH,2008,2009,other_ipc_crimes,1.0,model2_india_crime_type,SingleClassBaseline,2026-05-02T22:49:00.728525
BIHAR,MOTIHARI,2006,2007,other_ipc_crimes,1.0,model2_india_crime_type,SingleClassBaseline,2026-05-02T22:49:00.728525
CHHATTISGARH,GRP RAIPUR,2011,2012,other_ipc_crimes,1.0,model2_india_crime_type,SingleClassBaseline,2026-05-02T22:49:00.728525
UTTAR PRADESH,KANNAUJ,2002,2003,other_ipc_crimes,1.0,model2_india_crime_type,SingleClassBaseline,2026-05-02T22:49:00.728525
BIHAR,GAYA,2007,2008,other_ipc_crimes,1.0,model2_india_crime_type,SingleClassBaseline,2026-05-02T22:49:00.728525
ANDHRA PRADESH,CUDDAPAH,2008,2009,other_ipc_crimes,1.0,model2_india_crime_type,SingleClassBaseline,2026-05-02T22:49:00.728525
MAHARASHTRA,PUNE COMMR.,2007,2008,other_ipc_crimes,1.0,model2_india_crime_type,SingleClassBaseline,2026-05-02T22:49:00.728525
BIHAR,SHEOHAR,2001,2002,other_ipc_crimes,1.0,model2_india_crime_type,SingleClassBaseline,2026-05-02T22:49:00.728525
CHHATTISGARH,BIZAPUR,2008,2009,other_ipc_crimes,1.0,model2_india_crime_type,SingleClassBaseline,2026-05-02T22:49:00.728525
MAHARASHTRA,KOLHAPUR,2004,2005,other_ipc_crimes,1.0,model2_india_crime_type,SingleClassBaseline,2026-05-02T22:49:00.728525
ARUNACHAL PRADESH,DIBANG VALLEY,2012,2013,other_ipc_crimes,1.0,model2_india_crime_type,SingleClassBaseline,2026-05-02T22:49:00.728525
ANDHRA PRADESH,VISAKHAPATNAM,2009,2010,other_ipc_crimes,1.0,model2_india_crime_type,SingleClassBaseline,2026-05-02T22:49:00.728525
SIKKIM,WEST,2006,2007,other_ipc_crimes,1.0,model2_india_crime_type,SingleClassBaseline,2026-05-02T22:49:00.728525
NAGALAND,DIMAPUR,2001,2002,other_ipc_crimes,1.0,model2_india_crime_type,SingleClassBaseline,2026-05-02T22:49:00.728525
KARNATAKA,KODAGU,2005,2006,other_ipc_crimes,1.0,model2_india_crime_type,SingleClassBaseline,2026-05-02T22:49:00.728525
GUJARAT,GANDHINAGAR,2006,2007,other_ipc_crimes,1.0,model2_india_crime_type,SingleClassBaseline,2026-05-02T22:49:00.728525
MADHYA PRADESH,DEWAS,2011,2012,other_ipc_crimes,1.0,model2_india_crime_type,SingleClassBaseline,2026-05-02T22:49:00.728525
MADHYA PRADESH,GUNA,2003,2004,other_ipc_crimes,1.0,model2_india_crime_type,SingleClassBaseline,2026-05-02T22:49:00.728525
JAMMU AND KASHMIR,RAJOURI,2007,2008,other_ipc_crimes,1.0,model2_india_crime_type,SingleClassBaseline,2026-05-02T22:49:00.728525
TAMIL NADU,TRICHY RLY.,2006,2007,other_ipc_crimes,1.0,model2_india_crime_type,SingleClassBaseline,2026-05-02T22:49:00.728525
ANDHRA PRADESH,PRAKASHAM,2011,2012,other_ipc_crimes,1.0,model2_india_crime_type,SingleClassBaseline,2026-05-02T22:49:00.728525
TAMIL NADU,DINDIGUL,2011,2012,other_ipc_crimes,1.0,model2_india_crime_type,SingleClassBaseline,2026-05-02T22:49:00.728525
HIMACHAL PRADESH,SIRMAUR,2006,2007,other_ipc_crimes,1.0,model2_india_crime_type,SingleClassBaseline,2026-05-02T22:49:00.728525
UTTAR PRADESH,FAIZABAD,2009,2010,other_ipc_crimes,1.0,model2_india_crime_type,SingleClassBaseline,2026-05-02T22:49:00.728525
PUNJAB,MOGA,2007,2008,other_ipc_crimes,1.0,model2_india_crime_type,SingleClassBaseline,2026-05-02T22:49:00.728525
PUNJAB,MUKTSAR,2007,2008,other_ipc_crimes,1.0,model2_india_crime_type,SingleClassBaseline,2026-05-02T22:49:00.728525
JHARKHAND,DHANBAD,2007,2008,other_ipc_crimes,1.0,model2_india_crime_type,SingleClassBaseline,2026-05-02T22:49:00.728525
UTTAR PRADESH,MORADABAD,2003,2004,other_ipc_crimes,1.0,model2_india_crime_type,SingleClassBaseline,2026-05-02T22:49:00.728525
KERALA,KOLLAM,2003,2004,other_ipc_crimes,1.0,model2_india_crime_type,SingleClassBaseline,2026-05-02T22:49:00.728525
MADHYA PRADESH,GWALIOR,2003,2004,other_ipc_crimes,1.0,model2_india_crime_type,SingleClassBaseline,2026-05-02T22:49:00.728525
BIHAR,VAISHALI,2008,2009,other_ipc_crimes,1.0,model2_india_crime_type,SingleClassBaseline,2026-05-02T22:49:00.728525
JHARKHAND,GARHWA,2003,2004,other_ipc_crimes,1.0,model2_india_crime_type,SingleClassBaseline,2026-05-02T22:49:00.728525
BIHAR,PATNA RLY.,2008,2009,other_ipc_crimes,1.0,model2_india_crime_type,SingleClassBaseline,2026-05-02T22:49:00.728525
JAMMU AND KASHMIR,POONCH,2011,2012,other_ipc_crimes,1.0,model2_india_crime_type,SingleClassBaseline,2026-05-02T22:49:00.728525
JAMMU AND KASHMIR,KULGAM,2010,2011,other_ipc_crimes,1.0,model2_india_crime_type,SingleClassBaseline,2026-05-02T22:49:00.728525
JAMMU AND KASHMIR,RAMBAN,2010,2011,other_ipc_crimes,1.0,model2_india_crime_type,SingleClassBaseline,2026-05-02T22:49:00.728525
UTTAR PRADESH,AZAMGARH,2010,2011,other_ipc_crimes,1.0,model2_india_crime_type,SingleClassBaseline,2026-05-02T22:49:00.728525
MADHYA PRADESH,GUNA,2005,2006,other_ipc_crimes,1.0,model2_india_crime_type,SingleClassBaseline,2026-05-02T22:49:00.728525
HIMACHAL PRADESH,CHAMBA,2011,2012,other_ipc_crimes,1.0,model2_india_crime_type,SingleClassBaseline,2026-05-02T22:49:00.728525
ASSAM,GUWAHATI CITY,2002,2003,other_ipc_crimes,1.0,model2_india_crime_type,SingleClassBaseline,2026-05-02T22:49:00.728525
MADHYA PRADESH,SHAHDOL,2002,2003,other_ipc_crimes,1.0,model2_india_crime_type,SingleClassBaseline,2026-05-02T22:49:00.728525
NAGALAND,WOKHA,2010,2011,other_ipc_crimes,1.0,model2_india_crime_type,SingleClassBaseline,2026-05-02T22:49:00.728525
MIZORAM,LAWNGTLAI,2005,2006,other_ipc_crimes,1.0,model2_india_crime_type,SingleClassBaseline,2026-05-02T22:49:00.728525
MAHARASHTRA,JALNA,2007,2008,other_ipc_crimes,1.0,model2_india_crime_type,SingleClassBaseline,2026-05-02T22:49:00.728525
ARUNACHAL PRADESH,TIRAP,2003,2004,other_ipc_crimes,1.0,model2_india_crime_type,SingleClassBaseline,2026-05-02T22:49:00.728525
DELHI UT,CENTRAL,2011,2012,other_ipc_crimes,1.0,model2_india_crime_type,SingleClassBaseline,2026-05-02T22:49:00.728525
MADHYA PRADESH,UMARIYA,2004,2005,other_ipc_crimes,1.0,model2_india_crime_type,SingleClassBaseline,2026-05-02T22:49:00.728525
ASSAM,GOLAGHAT,2004,2005,other_ipc_crimes,1.0,model2_india_crime_type,SingleClassBaseline,2026-05-02T22:49:00.728525
ANDHRA PRADESH,EAST GODAVARI,2004,2005,other_ipc_crimes,1.0,model2_india_crime_type,SingleClassBaseline,2026-05-02T22:49:00.728525
TRIPURA,WEST,2001,2002,other_ipc_crimes,1.0,model2_india_crime_type,SingleClassBaseline,2026-05-02T22:49:00.728525
ARUNACHAL PRADESH,CHANGLANG,2001,2002,other_ipc_crimes,1.0,model2_india_crime_type,SingleClassBaseline,2026-05-02T22:49:00.728525
TRIPURA,GOMATI,2012,2013,other_ipc_crimes,1.0,model2_india_crime_type,SingleClassBaseline,2026-05-02T22:49:00.728525
PUNJAB,MOGA,2009,2010,other_ipc_crimes,1.0,model2_india_crime_type,SingleClassBaseline,2026-05-02T22:49:00.728525
CHHATTISGARH,JAGDALPUR,2002,2003,other_ipc_crimes,1.0,model2_india_crime_type,SingleClassBaseline,2026-05-02T22:49:00.728525
NAGALAND,PHEK,2001,2002,other_ipc_crimes,1.0,model2_india_crime_type,SingleClassBaseline,2026-05-02T22:49:00.728525
ANDHRA PRADESH,CHITTOOR,2009,2010,other_ipc_crimes,1.0,model2_india_crime_type,SingleClassBaseline,2026-05-02T22:49:00.728525
MAHARASHTRA,OSMANABAD,2001,2002,other_ipc_crimes,1.0,model2_india_crime_type,SingleClassBaseline,2026-05-02T22:49:00.728525
BIHAR,SHEIKHPURA,2012,2013,other_ipc_crimes,1.0,model2_india_crime_type,SingleClassBaseline,2026-05-02T22:49:00.728525
PUNJAB,HOSHIARPUR,2006,2007,other_ipc_crimes,1.0,model2_india_crime_type,SingleClassBaseline,2026-05-02T22:49:00.728525
WEST BENGAL,NADIA,2006,2007,other_ipc_crimes,1.0,model2_india_crime_type,SingleClassBaseline,2026-05-02T22:49:00.728525
ARUNACHAL PRADESH,CHANGLANG,2003,2004,other_ipc_crimes,1.0,model2_india_crime_type,SingleClassBaseline,2026-05-02T22:49:00.728525
BIHAR,SAMASTIPUR,2008,2009,other_ipc_crimes,1.0,model2_india_crime_type,SingleClassBaseline,2026-05-02T22:49:00.728525
ASSAM,KAMRUP,2002,2003,other_ipc_crimes,1.0,model2_india_crime_type,SingleClassBaseline,2026-05-02T22:49:00.728525
BIHAR,MUZAFFARPUR,2009,2010,other_ipc_crimes,1.0,model2_india_crime_type,SingleClassBaseline,2026-05-02T22:49:00.728525
MAHARASHTRA,MUMBAI,2002,2003,other_ipc_crimes,1.0,model2_india_crime_type,SingleClassBaseline,2026-05-02T22:49:00.728525
NAGALAND,MOKOKCHUNG,2001,2002,other_ipc_crimes,1.0,model2_india_crime_type,SingleClassBaseline,2026-05-02T22:49:00.728525
BIHAR,BETTIAH,2005,2006,other_ipc_crimes,1.0,model2_india_crime_type,SingleClassBaseline,2026-05-02T22:49:00.728525
BIHAR,PATNA RLY.,2009,2010,other_ipc_crimes,1.0,model2_india_crime_type,SingleClassBaseline,2026-05-02T22:49:00.728525
KARNATAKA,KOPPAL,2005,2006,other_ipc_crimes,1.0,model2_india_crime_type,SingleClassBaseline,2026-05-02T22:49:00.728525
GUJARAT,AHMEDABAD RURAL,2012,2013,other_ipc_crimes,1.0,model2_india_crime_type,SingleClassBaseline,2026-05-02T22:49:00.728525
UTTAR PRADESH,PILIBHIT,2009,2010,other_ipc_crimes,1.0,model2_india_crime_type,SingleClassBaseline,2026-05-02T22:49:00.728525
TAMIL NADU,CHENNAI,2004,2005,other_ipc_crimes,1.0,model2_india_crime_type,SingleClassBaseline,2026-05-02T22:49:00.728525
ANDHRA PRADESH,KHAMMAM,2011,2012,other_ipc_crimes,1.0,model2_india_crime_type,SingleClassBaseline,2026-05-02T22:49:00.728525
UTTAR PRADESH,FIROZABAD,2012,2013,other_ipc_crimes,1.0,model2_india_crime_type,SingleClassBaseline,2026-05-02T22:49:00.728525
KERALA,KOZHIKODE COMMR.,2003,2004,other_ipc_crimes,1.0,model2_india_crime_type,SingleClassBaseline,2026-05-02T22:49:00.728525
ARUNACHAL PRADESH,LOHIT,2009,2010,other_ipc_crimes,1.0,model2_india_crime_type,SingleClassBaseline,2026-05-02T22:49:00.728525
CHHATTISGARH,RAJNANDGAON,2006,2007,other_ipc_crimes,1.0,model2_india_crime_type,SingleClassBaseline,2026-05-02T22:49:00.728525
UTTAR PRADESH,BARABANKI,2009,2010,other_ipc_crimes,1.0,model2_india_crime_type,SingleClassBaseline,2026-05-02T22:49:00.728525
TAMIL NADU,MADURAI RURAL,2007,2008,other_ipc_crimes,1.0,model2_india_crime_type,SingleClassBaseline,2026-05-02T22:49:00.728525
UTTARAKHAND,BAGESHWAR,2009,2010,other_ipc_crimes,1.0,model2_india_crime_type,SingleClassBaseline,2026-05-02T22:49:00.728525
ANDHRA PRADESH,KURNOOL,2007,2008,other_ipc_crimes,1.0,model2_india_crime_type,SingleClassBaseline,2026-05-02T22:49:00.728525
TAMIL NADU,THANJAVUR,2009,2010,other_ipc_crimes,1.0,model2_india_crime_type,SingleClassBaseline,2026-05-02T22:49:00.728525
HIMACHAL PRADESH,BILASPUR,2008,2009,other_ipc_crimes,1.0,model2_india_crime_type,SingleClassBaseline,2026-05-02T22:49:00.728525
ODISHA,NUAPADA,2002,2003,other_ipc_crimes,1.0,model2_india_crime_type,SingleClassBaseline,2026-05-02T22:49:00.728525
ASSAM,R.P.O.,2009,2010,other_ipc_crimes,1.0,model2_india_crime_type,SingleClassBaseline,2026-05-02T22:49:00.728525
CHHATTISGARH,RAIGARH,2008,2009,other_ipc_crimes,1.0,model2_india_crime_type,SingleClassBaseline,2026-05-02T22:49:00.728525
BIHAR,BHOJPUR,2004,2005,other_ipc_crimes,1.0,model2_india_crime_type,SingleClassBaseline,2026-05-02T22:49:00.728525
KERALA,KOTTAYAM,2005,2006,other_ipc_crimes,1.0,model2_india_crime_type,SingleClassBaseline,2026-05-02T22:49:00.728525
PUNJAB,HOSHIARPUR,2002,2003,other_ipc_crimes,1.0,model2_india_crime_type,SingleClassBaseline,2026-05-02T22:49:00.728525
WEST BENGAL,KOLKATA,2010,2011,other_ipc_crimes,1.0,model2_india_crime_type,SingleClassBaseline,2026-05-02T22:49:00.728525
MADHYA PRADESH,MANDSAUR,2009,2010,other_ipc_crimes,1.0,model2_india_crime_type,SingleClassBaseline,2026-05-02T22:49:00.728525
ODISHA,PURI,2001,2002,other_ipc_crimes,1.0,model2_india_crime_type,SingleClassBaseline,2026-05-02T22:49:00.728525
MADHYA PRADESH,MORENA,2009,2010,other_ipc_crimes,1.0,model2_india_crime_type,SingleClassBaseline,2026-05-02T22:49:00.728525
ODISHA,BALASORE,2008,2009,other_ipc_crimes,1.0,model2_india_crime_type,SingleClassBaseline,2026-05-02T22:49:00.728525
MADHYA PRADESH,BHOPAL,2003,2004,other_ipc_crimes,1.0,model2_india_crime_type,SingleClassBaseline,2026-05-02T22:49:00.728525
JAMMU AND KASHMIR,UDHAMPUR,2010,2011,other_ipc_crimes,1.0,model2_india_crime_type,SingleClassBaseline,2026-05-02T22:49:00.728525
ODISHA,GAJAPATI,2006,2007,other_ipc_crimes,1.0,model2_india_crime_type,SingleClassBaseline,2026-05-02T22:49:00.728525
RAJASTHAN,RAJSAMAND,2008,2009,other_ipc_crimes,1.0,model2_india_crime_type,SingleClassBaseline,2026-05-02T22:49:00.728525
HIMACHAL PRADESH,MANDI,2004,2005,other_ipc_crimes,1.0,model2_india_crime_type,SingleClassBaseline,2026-05-02T22:49:00.728525
PUNJAB,LUDHIANA RURAL,2009,2010,other_ipc_crimes,1.0,model2_india_crime_type,SingleClassBaseline,2026-05-02T22:49:00.728525
MIZORAM,CHAMPHAI,2006,2007,other_ipc_crimes,1.0,model2_india_crime_type,SingleClassBaseline,2026-05-02T22:49:00.728525
HARYANA,YAMUNANAGAR,2001,2002,other_ipc_crimes,1.0,model2_india_crime_type,SingleClassBaseline,2026-05-02T22:49:00.728525
JHARKHAND,GARHWA,2006,2007,other_ipc_crimes,1.0,model2_india_crime_type,SingleClassBaseline,2026-05-02T22:49:00.728525
MAHARASHTRA,KOLHAPUR,2007,2008,other_ipc_crimes,1.0,model2_india_crime_type,SingleClassBaseline,2026-05-02T22:49:00.728525
HARYANA,KURUKSHETRA,2001,2002,other_ipc_crimes,1.0,model2_india_crime_type,SingleClassBaseline,2026-05-02T22:49:00.728525
WEST BENGAL,UTTAR DINAJPUR,2011,2012,other_ipc_crimes,1.0,model2_india_crime_type,SingleClassBaseline,2026-05-02T22:49:00.728525
HARYANA,MAHENDRAGARH,2005,2006,other_ipc_crimes,1.0,model2_india_crime_type,SingleClassBaseline,2026-05-02T22:49:00.728525
TAMIL NADU,TIRUPPUR,2012,2013,other_ipc_crimes,1.0,model2_india_crime_type,SingleClassBaseline,2026-05-02T22:49:00.728525
BIHAR,BHOJPUR,2009,2010,other_ipc_crimes,1.0,model2_india_crime_type,SingleClassBaseline,2026-05-02T22:49:00.728525
PUDUCHERRY,PONDICHERRY,2002,2003,other_ipc_crimes,1.0,model2_india_crime_type,SingleClassBaseline,2026-05-02T22:49:00.728525
ODISHA,GAJAPATI,2007,2008,other_ipc_crimes,1.0,model2_india_crime_type,SingleClassBaseline,2026-05-02T22:49:00.728525
ARUNACHAL PRADESH,SUBANSIRI LOWER,2010,2011,other_ipc_crimes,1.0,model2_india_crime_type,SingleClassBaseline,2026-05-02T22:49:00.728525
MEGHALAYA,GARO HILLS SOUTH,2010,2011,other_ipc_crimes,1.0,model2_india_crime_type,SingleClassBaseline,2026-05-02T22:49:00.728525
UTTAR PRADESH,MAHARAJGANJ,2010,2011,other_ipc_crimes,1.0,model2_india_crime_type,SingleClassBaseline,2026-05-02T22:49:00.728525
UTTAR PRADESH,BIJNOR,2008,2009,other_ipc_crimes,1.0,model2_india_crime_type,SingleClassBaseline,2026-05-02T22:49:00.728525
HARYANA,JIND,2008,2009,other_ipc_crimes,1.0,model2_india_crime_type,SingleClassBaseline,2026-05-02T22:49:00.728525
MAHARASHTRA,OSMANABAD,2002,2003,other_ipc_crimes,1.0,model2_india_crime_type,SingleClassBaseline,2026-05-02T22:49:00.728525
HIMACHAL PRADESH,MANDI,2001,2002,other_ipc_crimes,1.0,model2_india_crime_type,SingleClassBaseline,2026-05-02T22:49:00.728525
ODISHA,KORAPUT,2011,2012,other_ipc_crimes,1.0,model2_india_crime_type,SingleClassBaseline,2026-05-02T22:49:00.728525
RAJASTHAN,TONK,2008,2009,other_ipc_crimes,1.0,model2_india_crime_type,SingleClassBaseline,2026-05-02T22:49:00.728525
GUJARAT,PORBANDAR,2003,2004,other_ipc_crimes,1.0,model2_india_crime_type,SingleClassBaseline,2026-05-02T22:49:00.728525
BIHAR,PATNA,2005,2006,other_ipc_crimes,1.0,model2_india_crime_type,SingleClassBaseline,2026-05-02T22:49:00.728525
BIHAR,JAMALPUR RLY.,2005,2006,other_ipc_crimes,1.0,model2_india_crime_type,SingleClassBaseline,2026-05-02T22:49:00.728525
WEST BENGAL,PURULIA,2011,2012,other_ipc_crimes,1.0,model2_india_crime_type,SingleClassBaseline,2026-05-02T22:49:00.728525
MANIPUR,TAMENGLONG,2010,2011,other_ipc_crimes,1.0,model2_india_crime_type,SingleClassBaseline,2026-05-02T22:49:00.728525
UTTAR PRADESH,KAUSHAMBI,2008,2009,other_ipc_crimes,1.0,model2_india_crime_type,SingleClassBaseline,2026-05-02T22:49:00.728525
MANIPUR,IMPHAL(WEST),2003,2004,other_ipc_crimes,1.0,model2_india_crime_type,SingleClassBaseline,2026-05-02T22:49:00.728525
MAHARASHTRA,NANDED,2008,2009,other_ipc_crimes,1.0,model2_india_crime_type,SingleClassBaseline,2026-05-02T22:49:00.728525
ASSAM,SIBSAGAR,2001,2002,other_ipc_crimes,1.0,model2_india_crime_type,SingleClassBaseline,2026-05-02T22:49:00.728525
UTTAR PRADESH,ETAWAH,2002,2003,other_ipc_crimes,1.0,model2_india_crime_type,SingleClassBaseline,2026-05-02T22:49:00.728525
UTTAR PRADESH,SHRAWASTI,2009,2010,other_ipc_crimes,1.0,model2_india_crime_type,SingleClassBaseline,2026-05-02T22:49:00.728525
UTTAR PRADESH,ETAH,2001,2002,other_ipc_crimes,1.0,model2_india_crime_type,SingleClassBaseline,2026-05-02T22:49:00.728525
BIHAR,BHAGALPUR,2001,2002,other_ipc_crimes,1.0,model2_india_crime_type,SingleClassBaseline,2026-05-02T22:49:00.728525
ANDHRA PRADESH,MAHABOOBNAGAR,2007,2008,other_ipc_crimes,1.0,model2_india_crime_type,SingleClassBaseline,2026-05-02T22:49:00.728525
ODISHA,NOWRANGPUR,2007,2008,other_ipc_crimes,1.0,model2_india_crime_type,SingleClassBaseline,2026-05-02T22:49:00.728525
WEST BENGAL,NADIA,2007,2008,other_ipc_crimes,1.0,model2_india_crime_type,SingleClassBaseline,2026-05-02T22:49:00.728525
ODISHA,JHARSUGUDA,2005,2006,other_ipc_crimes,1.0,model2_india_crime_type,SingleClassBaseline,2026-05-02T22:49:00.728525
NAGALAND,TUENSANG,2003,2004,other_ipc_crimes,1.0,model2_india_crime_type,SingleClassBaseline,2026-05-02T22:49:00.728525
RAJASTHAN,JAIPUR SOUTH,2006,2007,other_ipc_crimes,1.0,model2_india_crime_type,SingleClassBaseline,2026-05-02T22:49:00.728525
MADHYA PRADESH,GUNA,2011,2012,other_ipc_crimes,1.0,model2_india_crime_type,SingleClassBaseline,2026-05-02T22:49:00.728525
UTTAR PRADESH,GAUTAMBUDH NAGAR,2009,2010,other_ipc_crimes,1.0,model2_india_crime_type,SingleClassBaseline,2026-05-02T22:49:00.728525
ASSAM,GOALPARA,2002,2003,other_ipc_crimes,1.0,model2_india_crime_type,SingleClassBaseline,2026-05-02T22:49:00.728525
JAMMU AND KASHMIR,REASI,2004,2005,other_ipc_crimes,1.0,model2_india_crime_type,SingleClassBaseline,2026-05-02T22:49:00.728525
PUNJAB,BHATINDA,2004,2005,other_ipc_crimes,1.0,model2_india_crime_type,SingleClassBaseline,2026-05-02T22:49:00.728525
TAMIL NADU,MADURAI RURAL,2005,2006,other_ipc_crimes,1.0,model2_india_crime_type,SingleClassBaseline,2026-05-02T22:49:00.728525
KARNATAKA,CHICKMAGALUR,2012,2013,other_ipc_crimes,1.0,model2_india_crime_type,SingleClassBaseline,2026-05-02T22:49:00.728525
ANDHRA PRADESH,NALGONDA,2001,2002,other_ipc_crimes,1.0,model2_india_crime_type,SingleClassBaseline,2026-05-02T22:49:00.728525
JHARKHAND,CHAIBASA,2006,2007,other_ipc_crimes,1.0,model2_india_crime_type,SingleClassBaseline,2026-05-02T22:49:00.728525
MADHYA PRADESH,JABALPUR,2012,2013,other_ipc_crimes,1.0,model2_india_crime_type,SingleClassBaseline,2026-05-02T22:49:00.728525
CHHATTISGARH,KORBA,2003,2004,other_ipc_crimes,1.0,model2_india_crime_type,SingleClassBaseline,2026-05-02T22:49:00.728525
ARUNACHAL PRADESH,TIRAP,2009,2010,other_ipc_crimes,1.0,model2_india_crime_type,SingleClassBaseline,2026-05-02T22:49:00.728525
ANDHRA PRADESH,MAHABOOBNAGAR,2006,2007,other_ipc_crimes,1.0,model2_india_crime_type,SingleClassBaseline,2026-05-02T22:49:00.728525
TAMIL NADU,TRICHY RURAL,2012,2013,other_ipc_crimes,1.0,model2_india_crime_type,SingleClassBaseline,2026-05-02T22:49:00.728525
MAHARASHTRA,MUMBAI RLY.,2002,2003,other_ipc_crimes,1.0,model2_india_crime_type,SingleClassBaseline,2026-05-02T22:49:00.728525
ANDHRA PRADESH,ANANTAPUR,2012,2013,other_ipc_crimes,1.0,model2_india_crime_type,SingleClassBaseline,2026-05-02T22:49:00.728525
PUNJAB,MOGA,2008,2009,other_ipc_crimes,1.0,model2_india_crime_type,SingleClassBaseline,2026-05-02T22:49:00.728525
JHARKHAND,GODDA,2001,2002,other_ipc_crimes,1.0,model2_india_crime_type,SingleClassBaseline,2026-05-02T22:49:00.728525
WEST BENGAL,24 PARGANAS SOUTH,2008,2009,other_ipc_crimes,1.0,model2_india_crime_type,SingleClassBaseline,2026-05-02T22:49:00.728525
RAJASTHAN,DAUSA,2002,2003,other_ipc_crimes,1.0,model2_india_crime_type,SingleClassBaseline,2026-05-02T22:49:00.728525
UTTAR PRADESH,SHRAWASTI,2005,2006,other_ipc_crimes,1.0,model2_india_crime_type,SingleClassBaseline,2026-05-02T22:49:00.728525
HIMACHAL PRADESH,KINNAUR,2001,2002,other_ipc_crimes,1.0,model2_india_crime_type,SingleClassBaseline,2026-05-02T22:49:00.728525
WEST BENGAL,SILIGURI G.R.P.,2003,2004,other_ipc_crimes,1.0,model2_india_crime_type,SingleClassBaseline,2026-05-02T22:49:00.728525
ODISHA,SRP(CUTTACK),2006,2007,other_ipc_crimes,1.0,model2_india_crime_type,SingleClassBaseline,2026-05-02T22:49:00.728525
UTTAR PRADESH,CHITRAKOOT DHAM,2003,2004,other_ipc_crimes,1.0,model2_india_crime_type,SingleClassBaseline,2026-05-02T22:49:00.728525
WEST BENGAL,COOCHBEHAR,2007,2008,other_ipc_crimes,1.0,model2_india_crime_type,SingleClassBaseline,2026-05-02T22:49:00.728525
UTTAR PRADESH,BAREILLY,2009,2010,other_ipc_crimes,1.0,model2_india_crime_type,SingleClassBaseline,2026-05-02T22:49:00.728525
GUJARAT,NARMADA,2009,2010,other_ipc_crimes,1.0,model2_india_crime_type,SingleClassBaseline,2026-05-02T22:49:00.728525
WEST BENGAL,COOCHBEHAR,2002,2003,other_ipc_crimes,1.0,model2_india_crime_type,SingleClassBaseline,2026-05-02T22:49:00.728525
TAMIL NADU,SALEM RURAL,2005,2006,other_ipc_crimes,1.0,model2_india_crime_type,SingleClassBaseline,2026-05-02T22:49:00.728525
MAHARASHTRA,NASIK RURAL,2010,2011,other_ipc_crimes,1.0,model2_india_crime_type,SingleClassBaseline,2026-05-02T22:49:00.728525
HIMACHAL PRADESH,LAHAUL-SPITI,2007,2008,other_ipc_crimes,1.0,model2_india_crime_type,SingleClassBaseline,2026-05-02T22:49:00.728525
MADHYA PRADESH,KHANDWA,2003,2004,other_ipc_crimes,1.0,model2_india_crime_type,SingleClassBaseline,2026-05-02T22:49:00.728525
RAJASTHAN,DAUSA,2001,2002,other_ipc_crimes,1.0,model2_india_crime_type,SingleClassBaseline,2026-05-02T22:49:00.728525
MADHYA PRADESH,BHOPAL RLY.,2007,2008,other_ipc_crimes,1.0,model2_india_crime_type,SingleClassBaseline,2026-05-02T22:49:00.728525
MADHYA PRADESH,CHHATARPUR,2005,2006,other_ipc_crimes,1.0,model2_india_crime_type,SingleClassBaseline,2026-05-02T22:49:00.728525
ODISHA,JAJPUR,2008,2009,other_ipc_crimes,1.0,model2_india_crime_type,SingleClassBaseline,2026-05-02T22:49:00.728525
RAJASTHAN,BUNDI,2009,2010,other_ipc_crimes,1.0,model2_india_crime_type,SingleClassBaseline,2026-05-02T22:49:00.728525
BIHAR,MADHEPURA,2007,2008,other_ipc_crimes,1.0,model2_india_crime_type,SingleClassBaseline,2026-05-02T22:49:00.728525
KERALA,PATHANAMTHITTA,2001,2002,other_ipc_crimes,1.0,model2_india_crime_type,SingleClassBaseline,2026-05-02T22:49:00.728525
WEST BENGAL,UTTAR DINAJPUR,2009,2010,other_ipc_crimes,1.0,model2_india_crime_type,SingleClassBaseline,2026-05-02T22:49:00.728525
PUNJAB,NAWAN SHAHR,2001,2002,other_ipc_crimes,1.0,model2_india_crime_type,SingleClassBaseline,2026-05-02T22:49:00.728525
WEST BENGAL,UTTAR DINAJPUR,2003,2004,other_ipc_crimes,1.0,model2_india_crime_type,SingleClassBaseline,2026-05-02T22:49:00.728525
TAMIL NADU,CHENNAI RLY.,2002,2003,other_ipc_crimes,1.0,model2_india_crime_type,SingleClassBaseline,2026-05-02T22:49:00.728525
WEST BENGAL,KHARAGPUR G.R.P.,2010,2011,other_ipc_crimes,1.0,model2_india_crime_type,SingleClassBaseline,2026-05-02T22:49:00.728525
CHHATTISGARH,KORIYA,2002,2003,other_ipc_crimes,1.0,model2_india_crime_type,SingleClassBaseline,2026-05-02T22:49:00.728525
GUJARAT,MEHSANA,2005,2006,other_ipc_crimes,1.0,model2_india_crime_type,SingleClassBaseline,2026-05-02T22:49:00.728525
MADHYA PRADESH,JABALPUR,2009,2010,other_ipc_crimes,1.0,model2_india_crime_type,SingleClassBaseline,2026-05-02T22:49:00.728525
MAHARASHTRA,YAVATMAL,2002,2003,other_ipc_crimes,1.0,model2_india_crime_type,SingleClassBaseline,2026-05-02T22:49:00.728525
TRIPURA,SIPAHIJALA,2012,2013,other_ipc_crimes,1.0,model2_india_crime_type,SingleClassBaseline,2026-05-02T22:49:00.728525
UTTAR PRADESH,BASTI,2006,2007,other_ipc_crimes,1.0,model2_india_crime_type,SingleClassBaseline,2026-05-02T22:49:00.728525
JAMMU AND KASHMIR,SAMBA,2009,2010,other_ipc_crimes,1.0,model2_india_crime_type,SingleClassBaseline,2026-05-02T22:49:00.728525
JAMMU AND KASHMIR,UDHAMPUR,2004,2005,other_ipc_crimes,1.0,model2_india_crime_type,SingleClassBaseline,2026-05-02T22:49:00.728525
WEST BENGAL,BIRBHUM,2007,2008,other_ipc_crimes,1.0,model2_india_crime_type,SingleClassBaseline,2026-05-02T22:49:00.728525
JAMMU AND KASHMIR,JAMMU,2003,2004,other_ipc_crimes,1.0,model2_india_crime_type,SingleClassBaseline,2026-05-02T22:49:00.728525
MADHYA PRADESH,SHEOPUR,2004,2005,other_ipc_crimes,1.0,model2_india_crime_type,SingleClassBaseline,2026-05-02T22:49:00.728525
MADHYA PRADESH,UMARIYA,2008,2009,other_ipc_crimes,1.0,model2_india_crime_type,SingleClassBaseline,2026-05-02T22:49:00.728525
MIZORAM,MAMIT,2008,2009,other_ipc_crimes,1.0,model2_india_crime_type,SingleClassBaseline,2026-05-02T22:49:00.728525
RAJASTHAN,G.R.P.AJMER,2011,2012,other_ipc_crimes,1.0,model2_india_crime_type,SingleClassBaseline,2026-05-02T22:49:00.728525
ASSAM,BASKA,2010,2011,other_ipc_crimes,1.0,model2_india_crime_type,SingleClassBaseline,2026-05-02T22:49:00.728525
MADHYA PRADESH,SIHORE,2004,2005,other_ipc_crimes,1.0,model2_india_crime_type,SingleClassBaseline,2026-05-02T22:49:00.728525
GUJARAT,VALSAD,2011,2012,other_ipc_crimes,1.0,model2_india_crime_type,SingleClassBaseline,2026-05-02T22:49:00.728525
ARUNACHAL PRADESH,KAMENG EAST,2003,2004,other_ipc_crimes,1.0,model2_india_crime_type,SingleClassBaseline,2026-05-02T22:49:00.728525
JHARKHAND,LATEHAR,2011,2012,other_ipc_crimes,1.0,model2_india_crime_type,SingleClassBaseline,2026-05-02T22:49:00.728525
WEST BENGAL,DAKSHIN DINAJPUR,2007,2008,other_ipc_crimes,1.0,model2_india_crime_type,SingleClassBaseline,2026-05-02T22:49:00.728525
ASSAM,KARBI ANGLONG,2006,2007,other_ipc_crimes,1.0,model2_india_crime_type,SingleClassBaseline,2026-05-02T22:49:00.728525
JAMMU AND KASHMIR,LEH,2005,2006,other_ipc_crimes,1.0,model2_india_crime_type,SingleClassBaseline,2026-05-02T22:49:00.728525
DELHI UT,SOUTH-WEST,2006,2007,other_ipc_crimes,1.0,model2_india_crime_type,SingleClassBaseline,2026-05-02T22:49:00.728525
UTTAR PRADESH,SITAPUR,2007,2008,other_ipc_crimes,1.0,model2_india_crime_type,SingleClassBaseline,2026-05-02T22:49:00.728525
BIHAR,JAMALPUR RLY.,2003,2004,other_ipc_crimes,1.0,model2_india_crime_type,SingleClassBaseline,2026-05-02T22:49:00.728525
PUNJAB,KHANNA,2009,2010,other_ipc_crimes,1.0,model2_india_crime_type,SingleClassBaseline,2026-05-02T22:49:00.728525
BIHAR,KHAGARIA,2006,2007,other_ipc_crimes,1.0,model2_india_crime_type,SingleClassBaseline,2026-05-02T22:49:00.728525
ANDHRA PRADESH,VISAKHAPATNAM,2005,2006,other_ipc_crimes,1.0,model2_india_crime_type,SingleClassBaseline,2026-05-02T22:49:00.728525
MADHYA PRADESH,RAJGARH,2004,2005,other_ipc_crimes,1.0,model2_india_crime_type,SingleClassBaseline,2026-05-02T22:49:00.728525
MADHYA PRADESH,SHAHDOL,2001,2002,other_ipc_crimes,1.0,model2_india_crime_type,SingleClassBaseline,2026-05-02T22:49:00.728525
UTTAR PRADESH,BULANDSHAHAR,2001,2002,other_ipc_crimes,1.0,model2_india_crime_type,SingleClassBaseline,2026-05-02T22:49:00.728525
BIHAR,SIWAN,2008,2009,other_ipc_crimes,1.0,model2_india_crime_type,SingleClassBaseline,2026-05-02T22:49:00.728525
RAJASTHAN,BARAN,2003,2004,other_ipc_crimes,1.0,model2_india_crime_type,SingleClassBaseline,2026-05-02T22:49:00.728525
BIHAR,SAMASTIPUR,2009,2010,other_ipc_crimes,1.0,model2_india_crime_type,SingleClassBaseline,2026-05-02T22:49:00.728525
CHHATTISGARH,DURG,2005,2006,other_ipc_crimes,1.0,model2_india_crime_type,SingleClassBaseline,2026-05-02T22:49:00.728525
WEST BENGAL,HOWRAH G.R.P.,2012,2013,other_ipc_crimes,1.0,model2_india_crime_type,SingleClassBaseline,2026-05-02T22:49:00.728525
HIMACHAL PRADESH,KINNAUR,2004,2005,other_ipc_crimes,1.0,model2_india_crime_type,SingleClassBaseline,2026-05-02T22:49:00.728525
JHARKHAND,BOKARO,2011,2012,other_ipc_crimes,1.0,model2_india_crime_type,SingleClassBaseline,2026-05-02T22:49:00.728525
JHARKHAND,JAMSHEDPUR,2002,2003,other_ipc_crimes,1.0,model2_india_crime_type,SingleClassBaseline,2026-05-02T22:49:00.728525
HARYANA,PALWAL,2007,2008,other_ipc_crimes,1.0,model2_india_crime_type,SingleClassBaseline,2026-05-02T22:49:00.728525
UTTAR PRADESH,GAUTAMBUDH NAGAR,2006,2007,other_ipc_crimes,1.0,model2_india_crime_type,SingleClassBaseline,2026-05-02T22:49:00.728525
BIHAR,BEGUSARAI,2005,2006,other_ipc_crimes,1.0,model2_india_crime_type,SingleClassBaseline,2026-05-02T22:49:00.728525
KERALA,IDUKKI,2011,2012,other_ipc_crimes,1.0,model2_india_crime_type,SingleClassBaseline,2026-05-02T22:49:00.728525
JHARKHAND,DHANBAD,2002,2003,other_ipc_crimes,1.0,model2_india_crime_type,SingleClassBaseline,2026-05-02T22:49:00.728525
TAMIL NADU,DHARMAPURI,2010,2011,other_ipc_crimes,1.0,model2_india_crime_type,SingleClassBaseline,2026-05-02T22:49:00.728525
UTTAR PRADESH,MEERUT,2008,2009,other_ipc_crimes,1.0,model2_india_crime_type,SingleClassBaseline,2026-05-02T22:49:00.728525
MIZORAM,CHAMPHAI,2005,2006,other_ipc_crimes,1.0,model2_india_crime_type,SingleClassBaseline,2026-05-02T22:49:00.728525
MAHARASHTRA,PUNE COMMR.,2002,2003,other_ipc_crimes,1.0,model2_india_crime_type,SingleClassBaseline,2026-05-02T22:49:00.728525
UTTARAKHAND,TEHRI GARHWAL,2007,2008,other_ipc_crimes,1.0,model2_india_crime_type,SingleClassBaseline,2026-05-02T22:49:00.728525
MADHYA PRADESH,JABALPUR,2007,2008,other_ipc_crimes,1.0,model2_india_crime_type,SingleClassBaseline,2026-05-02T22:49:00.728525
MADHYA PRADESH,CHHINDWARA,2009,2010,other_ipc_crimes,1.0,model2_india_crime_type,SingleClassBaseline,2026-05-02T22:49:00.728525
ODISHA,DHENKANAL,2003,2004,other_ipc_crimes,1.0,model2_india_crime_type,SingleClassBaseline,2026-05-02T22:49:00.728525
ODISHA,MAYURBHANJ,2002,2003,other_ipc_crimes,1.0,model2_india_crime_type,SingleClassBaseline,2026-05-02T22:49:00.728525
UTTAR PRADESH,KANNAUJ,2012,2013,other_ipc_crimes,1.0,model2_india_crime_type,SingleClassBaseline,2026-05-02T22:49:00.728525
JHARKHAND,BOKARO,2012,2013,other_ipc_crimes,1.0,model2_india_crime_type,SingleClassBaseline,2026-05-02T22:49:00.728525
KARNATAKA,GADAG,2003,2004,other_ipc_crimes,1.0,model2_india_crime_type,SingleClassBaseline,2026-05-02T22:49:00.728525
RAJASTHAN,SAWAI MADHOPUR,2006,2007,other_ipc_crimes,1.0,model2_india_crime_type,SingleClassBaseline,2026-05-02T22:49:00.728525
CHHATTISGARH,RAJNANDGAON,2007,2008,other_ipc_crimes,1.0,model2_india_crime_type,SingleClassBaseline,2026-05-02T22:49:00.728525
UTTARAKHAND,PITHORAGARH,2003,2004,other_ipc_crimes,1.0,model2_india_crime_type,SingleClassBaseline,2026-05-02T22:49:00.728525
UTTARAKHAND,DEHRADUN,2001,2002,other_ipc_crimes,1.0,model2_india_crime_type,SingleClassBaseline,2026-05-02T22:49:00.728525
TAMIL NADU,THOOTHUGUDI,2001,2002,other_ipc_crimes,1.0,model2_india_crime_type,SingleClassBaseline,2026-05-02T22:49:00.728525
UTTAR PRADESH,FATEHPUR,2007,2008,other_ipc_crimes,1.0,model2_india_crime_type,SingleClassBaseline,2026-05-02T22:49:00.728525
KARNATAKA,DAKSHIN KANNADA,2011,2012,other_ipc_crimes,1.0,model2_india_crime_type,SingleClassBaseline,2026-05-02T22:49:00.728525
MAHARASHTRA,NAGPUR COMMR.,2005,2006,other_ipc_crimes,1.0,model2_india_crime_type,SingleClassBaseline,2026-05-02T22:49:00.728525
RAJASTHAN,JALORE,2011,2012,other_ipc_crimes,1.0,model2_india_crime_type,SingleClassBaseline,2026-05-02T22:49:00.728525
UTTARAKHAND,DEHRADUN,2006,2007,other_ipc_crimes,1.0,model2_india_crime_type,SingleClassBaseline,2026-05-02T22:49:00.728525
BIHAR,SAHARSA,2005,2006,other_ipc_crimes,1.0,model2_india_crime_type,SingleClassBaseline,2026-05-02T22:49:00.728525
ARUNACHAL PRADESH,KAMENG WEST,2011,2012,other_ipc_crimes,1.0,model2_india_crime_type,SingleClassBaseline,2026-05-02T22:49:00.728525
UTTAR PRADESH,BARABANKI,2002,2003,other_ipc_crimes,1.0,model2_india_crime_type,SingleClassBaseline,2026-05-02T22:49:00.728525
MAHARASHTRA,BULDHANA,2004,2005,other_ipc_crimes,1.0,model2_india_crime_type,SingleClassBaseline,2026-05-02T22:49:00.728525
ANDHRA PRADESH,VIJAYAWADA RLY.,2009,2010,other_ipc_crimes,1.0,model2_india_crime_type,SingleClassBaseline,2026-05-02T22:49:00.728525
UTTAR PRADESH,ETAWAH,2003,2004,other_ipc_crimes,1.0,model2_india_crime_type,SingleClassBaseline,2026-05-02T22:49:00.728525
ANDHRA PRADESH,EAST GODAVARI,2012,2013,other_ipc_crimes,1.0,model2_india_crime_type,SingleClassBaseline,2026-05-02T22:49:00.728525
UTTAR PRADESH,AMBEDKAR NAGAR,2010,2011,other_ipc_crimes,1.0,model2_india_crime_type,SingleClassBaseline,2026-05-02T22:49:00.728525
MAHARASHTRA,AURANGABAD RURAL,2009,2010,other_ipc_crimes,1.0,model2_india_crime_type,SingleClassBaseline,2026-05-02T22:49:00.728525
BIHAR,BHOJPUR,2007,2008,other_ipc_crimes,1.0,model2_india_crime_type,SingleClassBaseline,2026-05-02T22:49:00.728525
CHHATTISGARH,KANKER,2005,2006,other_ipc_crimes,1.0,model2_india_crime_type,SingleClassBaseline,2026-05-02T22:49:00.728525
UTTAR PRADESH,GAUTAMBUDH NAGAR,2002,2003,other_ipc_crimes,1.0,model2_india_crime_type,SingleClassBaseline,2026-05-02T22:49:00.728525
RAJASTHAN,JODHPUR RURAL,2011,2012,other_ipc_crimes,1.0,model2_india_crime_type,SingleClassBaseline,2026-05-02T22:49:00.728525
HIMACHAL PRADESH,UNA,2004,2005,other_ipc_crimes,1.0,model2_india_crime_type,SingleClassBaseline,2026-05-02T22:49:00.728525
TAMIL NADU,THIRUVANNAMALAI,2005,2006,other_ipc_crimes,1.0,model2_india_crime_type,SingleClassBaseline,2026-05-02T22:49:00.728525
RAJASTHAN,RAJSAMAND,2006,2007,other_ipc_crimes,1.0,model2_india_crime_type,SingleClassBaseline,2026-05-02T22:49:00.728525
UTTARAKHAND,UDHAMSINGH NAGAR,2004,2005,other_ipc_crimes,1.0,model2_india_crime_type,SingleClassBaseline,2026-05-02T22:49:00.728525
ANDHRA PRADESH,RANGA REDDY,2008,2009,other_ipc_crimes,1.0,model2_india_crime_type,SingleClassBaseline,2026-05-02T22:49:00.728525
LAKSHADWEEP,LAKSHADWEEP,2008,2009,other_ipc_crimes,1.0,model2_india_crime_type,SingleClassBaseline,2026-05-02T22:49:00.728525
SIKKIM,NORTH,2004,2005,other_ipc_crimes,1.0,model2_india_crime_type,SingleClassBaseline,2026-05-02T22:49:00.728525
MAHARASHTRA,PUNE COMMR.,2009,2010,other_ipc_crimes,1.0,model2_india_crime_type,SingleClassBaseline,2026-05-02T22:49:00.728525
ODISHA,BOLANGIR,2004,2005,other_ipc_crimes,1.0,model2_india_crime_type,SingleClassBaseline,2026-05-02T22:49:00.728525
NAGALAND,ZUNHEBOTO,2009,2010,other_ipc_crimes,1.0,model2_india_crime_type,SingleClassBaseline,2026-05-02T22:49:00.728525
UTTAR PRADESH,BADAUN,2011,2012,other_ipc_crimes,1.0,model2_india_crime_type,SingleClassBaseline,2026-05-02T22:49:00.728525
GUJARAT,VALSAD,2010,2011,other_ipc_crimes,1.0,model2_india_crime_type,SingleClassBaseline,2026-05-02T22:49:00.728525
MADHYA PRADESH,SHIVPURI,2008,2009,other_ipc_crimes,1.0,model2_india_crime_type,SingleClassBaseline,2026-05-02T22:49:00.728525
ASSAM,JORHAT,2008,2009,other_ipc_crimes,1.0,model2_india_crime_type,SingleClassBaseline,2026-05-02T22:49:00.728525
KARNATAKA,BELGAUM,2005,2006,other_ipc_crimes,1.0,model2_india_crime_type,SingleClassBaseline,2026-05-02T22:49:00.728525
DELHI UT,GRP(RLY),2006,2007,other_ipc_crimes,1.0,model2_india_crime_type,SingleClassBaseline,2026-05-02T22:49:00.728525
MAHARASHTRA,LATUR,2007,2008,other_ipc_crimes,1.0,model2_india_crime_type,SingleClassBaseline,2026-05-02T22:49:00.728525
ARUNACHAL PRADESH,TIRAP,2008,2009,other_ipc_crimes,1.0,model2_india_crime_type,SingleClassBaseline,2026-05-02T22:49:00.728525
GUJARAT,RAJKOT COMMR.,2011,2012,other_ipc_crimes,1.0,model2_india_crime_type,SingleClassBaseline,2026-05-02T22:49:00.728525
TAMIL NADU,NILGIRIS,2007,2008,other_ipc_crimes,1.0,model2_india_crime_type,SingleClassBaseline,2026-05-02T22:49:00.728525
UTTAR PRADESH,GONDA,2006,2007,other_ipc_crimes,1.0,model2_india_crime_type,SingleClassBaseline,2026-05-02T22:49:00.728525
UTTAR PRADESH,AMBEDKAR NAGAR,2002,2003,other_ipc_crimes,1.0,model2_india_crime_type,SingleClassBaseline,2026-05-02T22:49:00.728525
JAMMU AND KASHMIR,RAJOURI,2009,2010,other_ipc_crimes,1.0,model2_india_crime_type,SingleClassBaseline,2026-05-02T22:49:00.728525
TAMIL NADU,SIVAGANGAI,2002,2003,other_ipc_crimes,1.0,model2_india_crime_type,SingleClassBaseline,2026-05-02T22:49:00.728525
GOA,NORTH GOA,2004,2005,other_ipc_crimes,1.0,model2_india_crime_type,SingleClassBaseline,2026-05-02T22:49:00.728525
RAJASTHAN,KOTA,2003,2004,other_ipc_crimes,1.0,model2_india_crime_type,SingleClassBaseline,2026-05-02T22:49:00.728525
ASSAM,LAKHIMPUR,2011,2012,other_ipc_crimes,1.0,model2_india_crime_type,SingleClassBaseline,2026-05-02T22:49:00.728525
PUNJAB,BHATINDA,2012,2013,other_ipc_crimes,1.0,model2_india_crime_type,SingleClassBaseline,2026-05-02T22:49:00.728525
ANDHRA PRADESH,CUDDAPAH,2003,2004,other_ipc_crimes,1.0,model2_india_crime_type,SingleClassBaseline,2026-05-02T22:49:00.728525
ANDHRA PRADESH,CYBERABAD,2006,2007,other_ipc_crimes,1.0,model2_india_crime_type,SingleClassBaseline,2026-05-02T22:49:00.728525
ASSAM,GUWAHATI CITY,2007,2008,other_ipc_crimes,1.0,model2_india_crime_type,SingleClassBaseline,2026-05-02T22:49:00.728525
JAMMU AND KASHMIR,PULWAMA,2011,2012,other_ipc_crimes,1.0,model2_india_crime_type,SingleClassBaseline,2026-05-02T22:49:00.728525
ANDHRA PRADESH,SECUNDERABAD RLY.,2004,2005,other_ipc_crimes,1.0,model2_india_crime_type,SingleClassBaseline,2026-05-02T22:49:00.728525
RAJASTHAN,BUNDI,2004,2005,other_ipc_crimes,1.0,model2_india_crime_type,SingleClassBaseline,2026-05-02T22:49:00.728525
MADHYA PRADESH,BHOPAL,2012,2013,other_ipc_crimes,1.0,model2_india_crime_type,SingleClassBaseline,2026-05-02T22:49:00.728525
UTTAR PRADESH,BALLIA,2004,2005,other_ipc_crimes,1.0,model2_india_crime_type,SingleClassBaseline,2026-05-02T22:49:00.728525
PUNJAB,GURDASPUR,2001,2002,other_ipc_crimes,1.0,model2_india_crime_type,SingleClassBaseline,2026-05-02T22:49:00.728525
SIKKIM,NORTH,2005,2006,other_ipc_crimes,1.0,model2_india_crime_type,SingleClassBaseline,2026-05-02T22:49:00.728525
RAJASTHAN,JODHPUR,2001,2002,other_ipc_crimes,1.0,model2_india_crime_type,SingleClassBaseline,2026-05-02T22:49:00.728525
RAJASTHAN,G.R.P.,2005,2006,other_ipc_crimes,1.0,model2_india_crime_type,SingleClassBaseline,2026-05-02T22:49:00.728525
MAHARASHTRA,BULDHANA,2010,2011,other_ipc_crimes,1.0,model2_india_crime_type,SingleClassBaseline,2026-05-02T22:49:00.728525
JHARKHAND,JAMTARA,2012,2013,other_ipc_crimes,1.0,model2_india_crime_type,SingleClassBaseline,2026-05-02T22:49:00.728525
MADHYA PRADESH,CHHATARPUR,2004,2005,other_ipc_crimes,1.0,model2_india_crime_type,SingleClassBaseline,2026-05-02T22:49:00.728525
WEST BENGAL,JALPAIGURI,2007,2008,other_ipc_crimes,1.0,model2_india_crime_type,SingleClassBaseline,2026-05-02T22:49:00.728525
WEST BENGAL,SEALDAH G.R.P.,2001,2002,other_ipc_crimes,1.0,model2_india_crime_type,SingleClassBaseline,2026-05-02T22:49:00.728525
UTTAR PRADESH,HAMIRPUR,2004,2005,other_ipc_crimes,1.0,model2_india_crime_type,SingleClassBaseline,2026-05-02T22:49:00.728525
JHARKHAND,SIMDEGA,2003,2004,other_ipc_crimes,1.0,model2_india_crime_type,SingleClassBaseline,2026-05-02T22:49:00.728525
UTTAR PRADESH,BALLIA,2005,2006,other_ipc_crimes,1.0,model2_india_crime_type,SingleClassBaseline,2026-05-02T22:49:00.728525
PUNJAB,PATIALA,2007,2008,other_ipc_crimes,1.0,model2_india_crime_type,SingleClassBaseline,2026-05-02T22:49:00.728525
UTTARAKHAND,UDHAMSINGH NAGAR,2009,2010,other_ipc_crimes,1.0,model2_india_crime_type,SingleClassBaseline,2026-05-02T22:49:00.728525
TAMIL NADU,KRISHNAGIRI,2008,2009,other_ipc_crimes,1.0,model2_india_crime_type,SingleClassBaseline,2026-05-02T22:49:00.728525
ASSAM,KAMRUP,2010,2011,other_ipc_crimes,1.0,model2_india_crime_type,SingleClassBaseline,2026-05-02T22:49:00.728525
JHARKHAND,JAMSHEDPUR,2005,2006,other_ipc_crimes,1.0,model2_india_crime_type,SingleClassBaseline,2026-05-02T22:49:00.728525
JHARKHAND,CHAIBASA,2007,2008,other_ipc_crimes,1.0,model2_india_crime_type,SingleClassBaseline,2026-05-02T22:49:00.728525
KERALA,KOZHIKODE RURAL,2012,2013,other_ipc_crimes,1.0,model2_india_crime_type,SingleClassBaseline,2026-05-02T22:49:00.728525
ARUNACHAL PRADESH,SIANG UPPER,2001,2002,other_ipc_crimes,1.0,model2_india_crime_type,SingleClassBaseline,2026-05-02T22:49:00.728525
PUNJAB,ROPAR,2010,2011,other_ipc_crimes,1.0,model2_india_crime_type,SingleClassBaseline,2026-05-02T22:49:00.728525
RAJASTHAN,JHALAWAR,2003,2004,other_ipc_crimes,1.0,model2_india_crime_type,SingleClassBaseline,2026-05-02T22:49:00.728525
PUNJAB,BATALA,2003,2004,other_ipc_crimes,1.0,model2_india_crime_type,SingleClassBaseline,2026-05-02T22:49:00.728525
ANDHRA PRADESH,NELLORE,2001,2002,other_ipc_crimes,1.0,model2_india_crime_type,SingleClassBaseline,2026-05-02T22:49:00.728525
ARUNACHAL PRADESH,SIANG EAST,2005,2006,other_ipc_crimes,1.0,model2_india_crime_type,SingleClassBaseline,2026-05-02T22:49:00.728525
MAHARASHTRA,AMRAVATI RURAL,2011,2012,other_ipc_crimes,1.0,model2_india_crime_type,SingleClassBaseline,2026-05-02T22:49:00.728525
UTTARAKHAND,RUDRA PRAYAG,2003,2004,other_ipc_crimes,1.0,model2_india_crime_type,SingleClassBaseline,2026-05-02T22:49:00.728525
JAMMU AND KASHMIR,CRIME SRINAGAR,2004,2005,other_ipc_crimes,1.0,model2_india_crime_type,SingleClassBaseline,2026-05-02T22:49:00.728525
BIHAR,BHOJPUR,2012,2013,other_ipc_crimes,1.0,model2_india_crime_type,SingleClassBaseline,2026-05-02T22:49:00.728525
WEST BENGAL,BIRBHUM,2001,2002,other_ipc_crimes,1.0,model2_india_crime_type,SingleClassBaseline,2026-05-02T22:49:00.728525
KARNATAKA,UTTAR KANNADA,2012,2013,other_ipc_crimes,1.0,model2_india_crime_type,SingleClassBaseline,2026-05-02T22:49:00.728525
CHHATTISGARH,RAIGARH,2002,2003,other_ipc_crimes,1.0,model2_india_crime_type,SingleClassBaseline,2026-05-02T22:49:00.728525
SIKKIM,SOUTH,2007,2008,other_ipc_crimes,1.0,model2_india_crime_type,SingleClassBaseline,2026-05-02T22:49:00.728525
KARNATAKA,BELGAUM,2008,2009,other_ipc_crimes,1.0,model2_india_crime_type,SingleClassBaseline,2026-05-02T22:49:00.728525
D AND N HAVELI,D AND N HAVELI,2005,2006,other_ipc_crimes,1.0,model2_india_crime_type,SingleClassBaseline,2026-05-02T22:49:00.728525
ASSAM,KARIMGANJ,2008,2009,other_ipc_crimes,1.0,model2_india_crime_type,SingleClassBaseline,2026-05-02T22:49:00.728525
TAMIL NADU,DHARMAPURI,2004,2005,other_ipc_crimes,1.0,model2_india_crime_type,SingleClassBaseline,2026-05-02T22:49:00.728525
HARYANA,FARIDABAD,2010,2011,other_ipc_crimes,1.0,model2_india_crime_type,SingleClassBaseline,2026-05-02T22:49:00.728525
WEST BENGAL,JALPAIGURI,2001,2002,other_ipc_crimes,1.0,model2_india_crime_type,SingleClassBaseline,2026-05-02T22:49:00.728525
ODISHA,JHARSUGUDA,2012,2013,other_ipc_crimes,1.0,model2_india_crime_type,SingleClassBaseline,2026-05-02T22:49:00.728525
ASSAM,DHEMAJI,2009,2010,other_ipc_crimes,1.0,model2_india_crime_type,SingleClassBaseline,2026-05-02T22:49:00.728525
TAMIL NADU,COIMBATORE URBAN,2008,2009,other_ipc_crimes,1.0,model2_india_crime_type,SingleClassBaseline,2026-05-02T22:49:00.728525
TAMIL NADU,THIRUNELVELI RURAL,2009,2010,other_ipc_crimes,1.0,model2_india_crime_type,SingleClassBaseline,2026-05-02T22:49:00.728525
GUJARAT,PANCHMAHAL,2001,2002,other_ipc_crimes,1.0,model2_india_crime_type,SingleClassBaseline,2026-05-02T22:49:00.728525
TAMIL NADU,PUDUKOTTAI,2005,2006,other_ipc_crimes,1.0,model2_india_crime_type,SingleClassBaseline,2026-05-02T22:49:00.728525
BIHAR,PATNA RLY.,2006,2007,other_ipc_crimes,1.0,model2_india_crime_type,SingleClassBaseline,2026-05-02T22:49:00.728525
RAJASTHAN,JAISALMER,2002,2003,other_ipc_crimes,1.0,model2_india_crime_type,SingleClassBaseline,2026-05-02T22:49:00.728525
BIHAR,JEHANABAD,2011,2012,other_ipc_crimes,1.0,model2_india_crime_type,SingleClassBaseline,2026-05-02T22:49:00.728525
KERALA,ERNAKULAM COMMR.,2012,2013,other_ipc_crimes,1.0,model2_india_crime_type,SingleClassBaseline,2026-05-02T22:49:00.728525
KERALA,MALAPPURAM,2006,2007,other_ipc_crimes,1.0,model2_india_crime_type,SingleClassBaseline,2026-05-02T22:49:00.728525
GUJARAT,AMRELI,2004,2005,other_ipc_crimes,1.0,model2_india_crime_type,SingleClassBaseline,2026-05-02T22:49:00.728525
KARNATAKA,RAICHUR,2002,2003,other_ipc_crimes,1.0,model2_india_crime_type,SingleClassBaseline,2026-05-02T22:49:00.728525
PUNJAB,JAGRAON,2002,2003,other_ipc_crimes,1.0,model2_india_crime_type,SingleClassBaseline,2026-05-02T22:49:00.728525
WEST BENGAL,BANKURA,2008,2009,other_ipc_crimes,1.0,model2_india_crime_type,SingleClassBaseline,2026-05-02T22:49:00.728525
KARNATAKA,HAVERI,2010,2011,other_ipc_crimes,1.0,model2_india_crime_type,SingleClassBaseline,2026-05-02T22:49:00.728525
BIHAR,BANKA,2004,2005,other_ipc_crimes,1.0,model2_india_crime_type,SingleClassBaseline,2026-05-02T22:49:00.728525
UTTAR PRADESH,J.P.NAGAR,2003,2004,other_ipc_crimes,1.0,model2_india_crime_type,SingleClassBaseline,2026-05-02T22:49:00.728525
MADHYA PRADESH,UMARIYA,2009,2010,other_ipc_crimes,1.0,model2_india_crime_type,SingleClassBaseline,2026-05-02T22:49:00.728525
HIMACHAL PRADESH,KANGRA,2007,2008,other_ipc_crimes,1.0,model2_india_crime_type,SingleClassBaseline,2026-05-02T22:49:00.728525
TAMIL NADU,PERAMBALUR,2004,2005,other_ipc_crimes,1.0,model2_india_crime_type,SingleClassBaseline,2026-05-02T22:49:00.728525
CHHATTISGARH,BALRAMPUR,2005,2006,other_ipc_crimes,1.0,model2_india_crime_type,SingleClassBaseline,2026-05-02T22:49:00.728525
ANDHRA PRADESH,HYDERABAD CITY,2004,2005,other_ipc_crimes,1.0,model2_india_crime_type,SingleClassBaseline,2026-05-02T22:49:00.728525
UTTAR PRADESH,LALITPUR,2009,2010,other_ipc_crimes,1.0,model2_india_crime_type,SingleClassBaseline,2026-05-02T22:49:00.728525
GUJARAT,SURAT COMMR.,2004,2005,other_ipc_crimes,1.0,model2_india_crime_type,SingleClassBaseline,2026-05-02T22:49:00.728525
DELHI UT,CENTRAL,2004,2005,other_ipc_crimes,1.0,model2_india_crime_type,SingleClassBaseline,2026-05-02T22:49:00.728525
MADHYA PRADESH,VIDISHA,2009,2010,other_ipc_crimes,1.0,model2_india_crime_type,SingleClassBaseline,2026-05-02T22:49:00.728525
NAGALAND,PEREN,2007,2008,other_ipc_crimes,1.0,model2_india_crime_type,SingleClassBaseline,2026-05-02T22:49:00.728525
JAMMU AND KASHMIR,UDHAMPUR,2007,2008,other_ipc_crimes,1.0,model2_india_crime_type,SingleClassBaseline,2026-05-02T22:49:00.728525
RAJASTHAN,NAGAUR,2009,2010,other_ipc_crimes,1.0,model2_india_crime_type,SingleClassBaseline,2026-05-02T22:49:00.728525
MEGHALAYA,GARO HILLS EAST,2005,2006,other_ipc_crimes,1.0,model2_india_crime_type,SingleClassBaseline,2026-05-02T22:49:00.728525
BIHAR,SHEOHAR,2010,2011,other_ipc_crimes,1.0,model2_india_crime_type,SingleClassBaseline,2026-05-02T22:49:00.728525
BIHAR,MADHEPURA,2003,2004,other_ipc_crimes,1.0,model2_india_crime_type,SingleClassBaseline,2026-05-02T22:49:00.728525
UTTAR PRADESH,BAREILLY,2006,2007,other_ipc_crimes,1.0,model2_india_crime_type,SingleClassBaseline,2026-05-02T22:49:00.728525
MAHARASHTRA,PUNE RLY.,2001,2002,other_ipc_crimes,1.0,model2_india_crime_type,SingleClassBaseline,2026-05-02T22:49:00.728525
KARNATAKA,K.G.F.,2002,2003,other_ipc_crimes,1.0,model2_india_crime_type,SingleClassBaseline,2026-05-02T22:49:00.728525
WEST BENGAL,PURAB MIDNAPUR,2010,2011,other_ipc_crimes,1.0,model2_india_crime_type,SingleClassBaseline,2026-05-02T22:49:00.728525
KARNATAKA,DHARWAD RURAL,2004,2005,other_ipc_crimes,1.0,model2_india_crime_type,SingleClassBaseline,2026-05-02T22:49:00.728525
KARNATAKA,RAICHUR,2005,2006,other_ipc_crimes,1.0,model2_india_crime_type,SingleClassBaseline,2026-05-02T22:49:00.728525
HARYANA,ROHTAK,2005,2006,other_ipc_crimes,1.0,model2_india_crime_type,SingleClassBaseline,2026-05-02T22:49:00.728525
MADHYA PRADESH,RAJGARH,2005,2006,other_ipc_crimes,1.0,model2_india_crime_type,SingleClassBaseline,2026-05-02T22:49:00.728525
ODISHA,JAGATSINGHPUR,2005,2006,other_ipc_crimes,1.0,model2_india_crime_type,SingleClassBaseline,2026-05-02T22:49:00.728525
JAMMU AND KASHMIR,REASI,2010,2011,other_ipc_crimes,1.0,model2_india_crime_type,SingleClassBaseline,2026-05-02T22:49:00.728525
UTTARAKHAND,DEHRADUN,2003,2004,other_ipc_crimes,1.0,model2_india_crime_type,SingleClassBaseline,2026-05-02T22:49:00.728525
RAJASTHAN,AJMER,2002,2003,other_ipc_crimes,1.0,model2_india_crime_type,SingleClassBaseline,2026-05-02T22:49:00.728525
JAMMU AND KASHMIR,AWANTIPORA,2011,2012,other_ipc_crimes,1.0,model2_india_crime_type,SingleClassBaseline,2026-05-02T22:49:00.728525
JHARKHAND,DEOGHAR,2006,2007,other_ipc_crimes,1.0,model2_india_crime_type,SingleClassBaseline,2026-05-02T22:49:00.728525
WEST BENGAL,BANKURA,2012,2013,other_ipc_crimes,1.0,model2_india_crime_type,SingleClassBaseline,2026-05-02T22:49:00.728525
ASSAM,N.C.HILLS,2002,2003,other_ipc_crimes,1.0,model2_india_crime_type,SingleClassBaseline,2026-05-02T22:49:00.728525
UTTAR PRADESH,LUCKNOW,2003,2004,other_ipc_crimes,1.0,model2_india_crime_type,SingleClassBaseline,2026-05-02T22:49:00.728525
ASSAM,CHIRANG,2010,2011,other_ipc_crimes,1.0,model2_india_crime_type,SingleClassBaseline,2026-05-02T22:49:00.728525
JHARKHAND,HAZARIBAGH,2012,2013,other_ipc_crimes,1.0,model2_india_crime_type,SingleClassBaseline,2026-05-02T22:49:00.728525
DELHI UT,OUTER,2007,2008,other_ipc_crimes,1.0,model2_india_crime_type,SingleClassBaseline,2026-05-02T22:49:00.728525
MADHYA PRADESH,REWA,2010,2011,other_ipc_crimes,1.0,model2_india_crime_type,SingleClassBaseline,2026-05-02T22:49:00.728525
BIHAR,DARBHANGA,2005,2006,other_ipc_crimes,1.0,model2_india_crime_type,SingleClassBaseline,2026-05-02T22:49:00.728525
KARNATAKA,BIDAR,2005,2006,other_ipc_crimes,1.0,model2_india_crime_type,SingleClassBaseline,2026-05-02T22:49:00.728525
MAHARASHTRA,NASIK COMMR.,2010,2011,other_ipc_crimes,1.0,model2_india_crime_type,SingleClassBaseline,2026-05-02T22:49:00.728525
BIHAR,JAMALPUR RLY.,2001,2002,other_ipc_crimes,1.0,model2_india_crime_type,SingleClassBaseline,2026-05-02T22:49:00.728525
HARYANA,REWARI,2003,2004,other_ipc_crimes,1.0,model2_india_crime_type,SingleClassBaseline,2026-05-02T22:49:00.728525
ANDHRA PRADESH,MAHABOOBNAGAR,2005,2006,other_ipc_crimes,1.0,model2_india_crime_type,SingleClassBaseline,2026-05-02T22:49:00.728525
UTTAR PRADESH,HAMIRPUR,2005,2006,other_ipc_crimes,1.0,model2_india_crime_type,SingleClassBaseline,2026-05-02T22:49:00.728525
JHARKHAND,HAZARIBAGH,2006,2007,other_ipc_crimes,1.0,model2_india_crime_type,SingleClassBaseline,2026-05-02T22:49:00.728525
UTTAR PRADESH,GONDA,2012,2013,other_ipc_crimes,1.0,model2_india_crime_type,SingleClassBaseline,2026-05-02T22:49:00.728525
GUJARAT,SURAT RURAL,2012,2013,other_ipc_crimes,1.0,model2_india_crime_type,SingleClassBaseline,2026-05-02T22:49:00.728525
MAHARASHTRA,RAIGAD,2005,2006,other_ipc_crimes,1.0,model2_india_crime_type,SingleClassBaseline,2026-05-02T22:49:00.728525
ODISHA,RAYAGADA,2010,2011,other_ipc_crimes,1.0,model2_india_crime_type,SingleClassBaseline,2026-05-02T22:49:00.728525
ODISHA,BOUDH,2011,2012,other_ipc_crimes,1.0,model2_india_crime_type,SingleClassBaseline,2026-05-02T22:49:00.728525
MADHYA PRADESH,HOSHANGABAD,2011,2012,other_ipc_crimes,1.0,model2_india_crime_type,SingleClassBaseline,2026-05-02T22:49:00.728525
WEST BENGAL,DARJEELING,2001,2002,other_ipc_crimes,1.0,model2_india_crime_type,SingleClassBaseline,2026-05-02T22:49:00.728525
GOA,NORTH GOA,2012,2013,other_ipc_crimes,1.0,model2_india_crime_type,SingleClassBaseline,2026-05-02T22:49:00.728525
GUJARAT,PATAN,2008,2009,other_ipc_crimes,1.0,model2_india_crime_type,SingleClassBaseline,2026-05-02T22:49:00.728525
MAHARASHTRA,NAGPUR RURAL,2012,2013,other_ipc_crimes,1.0,model2_india_crime_type,SingleClassBaseline,2026-05-02T22:49:00.728525
PUNJAB,GURDASPUR,2012,2013,other_ipc_crimes,1.0,model2_india_crime_type,SingleClassBaseline,2026-05-02T22:49:00.728525
UTTAR PRADESH,MAINPURI,2011,2012,other_ipc_crimes,1.0,model2_india_crime_type,SingleClassBaseline,2026-05-02T22:49:00.728525
RAJASTHAN,GANGANAGAR,2010,2011,other_ipc_crimes,1.0,model2_india_crime_type,SingleClassBaseline,2026-05-02T22:49:00.728525
GUJARAT,AHMEDABAD COMMR.,2005,2006,other_ipc_crimes,1.0,model2_india_crime_type,SingleClassBaseline,2026-05-02T22:49:00.728525
MADHYA PRADESH,MANDSAUR,2007,2008,other_ipc_crimes,1.0,model2_india_crime_type,SingleClassBaseline,2026-05-02T22:49:00.728525
BIHAR,SAMASTIPUR,2012,2013,other_ipc_crimes,1.0,model2_india_crime_type,SingleClassBaseline,2026-05-02T22:49:00.728525
PUNJAB,MAJITHA,2002,2003,other_ipc_crimes,1.0,model2_india_crime_type,SingleClassBaseline,2026-05-02T22:49:00.728525
MAHARASHTRA,WARDHA,2003,2004,other_ipc_crimes,1.0,model2_india_crime_type,SingleClassBaseline,2026-05-02T22:49:00.728525
WEST BENGAL,PURAB MIDNAPUR,2004,2005,other_ipc_crimes,1.0,model2_india_crime_type,SingleClassBaseline,2026-05-02T22:49:00.728525
UTTAR PRADESH,GONDA,2005,2006,other_ipc_crimes,1.0,model2_india_crime_type,SingleClassBaseline,2026-05-02T22:49:00.728525
JAMMU AND KASHMIR,GANDERBAL,2001,2002,other_ipc_crimes,1.0,model2_india_crime_type,SingleClassBaseline,2026-05-02T22:49:00.728525
RAJASTHAN,AJMER,2008,2009,other_ipc_crimes,1.0,model2_india_crime_type,SingleClassBaseline,2026-05-02T22:49:00.728525
UTTAR PRADESH,ST.RAVIDASNAGAR,2007,2008,other_ipc_crimes,1.0,model2_india_crime_type,SingleClassBaseline,2026-05-02T22:49:00.728525
CHHATTISGARH,RAIPUR,2012,2013,other_ipc_crimes,1.0,model2_india_crime_type,SingleClassBaseline,2026-05-02T22:49:00.728525
KARNATAKA,BANGALORE COMMR.,2002,2003,other_ipc_crimes,1.0,model2_india_crime_type,SingleClassBaseline,2026-05-02T22:49:00.728525
DAMAN AND DIU,DAMAN,2011,2012,other_ipc_crimes,1.0,model2_india_crime_type,SingleClassBaseline,2026-05-02T22:49:00.728525
MADHYA PRADESH,SIHORE,2010,2011,other_ipc_crimes,1.0,model2_india_crime_type,SingleClassBaseline,2026-05-02T22:49:00.728525
HARYANA,BHIWANI,2004,2005,other_ipc_crimes,1.0,model2_india_crime_type,SingleClassBaseline,2026-05-02T22:49:00.728525
BIHAR,LAKHISARAI,2006,2007,other_ipc_crimes,1.0,model2_india_crime_type,SingleClassBaseline,2026-05-02T22:49:00.728525
MADHYA PRADESH,SIDHI,2006,2007,other_ipc_crimes,1.0,model2_india_crime_type,SingleClassBaseline,2026-05-02T22:49:00.728525
GUJARAT,NAVSARI,2002,2003,other_ipc_crimes,1.0,model2_india_crime_type,SingleClassBaseline,2026-05-02T22:49:00.728525
CHHATTISGARH,JANJGIR,2012,2013,other_ipc_crimes,1.0,model2_india_crime_type,SingleClassBaseline,2026-05-02T22:49:00.728525
KARNATAKA,K.G.F.,2009,2010,other_ipc_crimes,1.0,model2_india_crime_type,SingleClassBaseline,2026-05-02T22:49:00.728525
ODISHA,JAGATSINGHPUR,2012,2013,other_ipc_crimes,1.0,model2_india_crime_type,SingleClassBaseline,2026-05-02T22:49:00.728525
MEGHALAYA,GARO HILLS SOUTH,2008,2009,other_ipc_crimes,1.0,model2_india_crime_type,SingleClassBaseline,2026-05-02T22:49:00.728525
ANDHRA PRADESH,VIJAYAWADA RLY.,2001,2002,other_ipc_crimes,1.0,model2_india_crime_type,SingleClassBaseline,2026-05-02T22:49:00.728525
BIHAR,KHAGARIA,2011,2012,other_ipc_crimes,1.0,model2_india_crime_type,SingleClassBaseline,2026-05-02T22:49:00.728525
UTTAR PRADESH,FIROZABAD,2003,2004,other_ipc_crimes,1.0,model2_india_crime_type,SingleClassBaseline,2026-05-02T22:49:00.728525
RAJASTHAN,DUNGARPUR,2012,2013,other_ipc_crimes,1.0,model2_india_crime_type,SingleClassBaseline,2026-05-02T22:49:00.728525
RAJASTHAN,DHOLPUR,2011,2012,other_ipc_crimes,1.0,model2_india_crime_type,SingleClassBaseline,2026-05-02T22:49:00.728525
HIMACHAL PRADESH,SHIMLA,2011,2012,other_ipc_crimes,1.0,model2_india_crime_type,SingleClassBaseline,2026-05-02T22:49:00.728525
JAMMU AND KASHMIR,SRINAGAR,2011,2012,other_ipc_crimes,1.0,model2_india_crime_type,SingleClassBaseline,2026-05-02T22:49:00.728525
MEGHALAYA,JAINTIA HILLS,2011,2012,other_ipc_crimes,1.0,model2_india_crime_type,SingleClassBaseline,2026-05-02T22:49:00.728525
JHARKHAND,GARHWA,2009,2010,other_ipc_crimes,1.0,model2_india_crime_type,SingleClassBaseline,2026-05-02T22:49:00.728525
MADHYA PRADESH,SHAJAPUR,2006,2007,other_ipc_crimes,1.0,model2_india_crime_type,SingleClassBaseline,2026-05-02T22:49:00.728525
UTTAR PRADESH,MIRZAPUR,2007,2008,other_ipc_crimes,1.0,model2_india_crime_type,SingleClassBaseline,2026-05-02T22:49:00.728525
BIHAR,KISHANGANJ,2012,2013,other_ipc_crimes,1.0,model2_india_crime_type,SingleClassBaseline,2026-05-02T22:49:00.728525
TAMIL NADU,KANCHIPURAM,2009,2010,other_ipc_crimes,1.0,model2_india_crime_type,SingleClassBaseline,2026-05-02T22:49:00.728525
ARUNACHAL PRADESH,SIANG UPPER,2011,2012,other_ipc_crimes,1.0,model2_india_crime_type,SingleClassBaseline,2026-05-02T22:49:00.728525
BIHAR,MADHEPURA,2011,2012,other_ipc_crimes,1.0,model2_india_crime_type,SingleClassBaseline,2026-05-02T22:49:00.728525
HARYANA,KARNAL,2005,2006,other_ipc_crimes,1.0,model2_india_crime_type,SingleClassBaseline,2026-05-02T22:49:00.728525
UTTAR PRADESH,ALIGARH,2009,2010,other_ipc_crimes,1.0,model2_india_crime_type,SingleClassBaseline,2026-05-02T22:49:00.728525
UTTAR PRADESH,CHITRAKOOT DHAM,2004,2005,other_ipc_crimes,1.0,model2_india_crime_type,SingleClassBaseline,2026-05-02T22:49:00.728525
GUJARAT,VADODARA RURAL,2002,2003,other_ipc_crimes,1.0,model2_india_crime_type,SingleClassBaseline,2026-05-02T22:49:00.728525
MADHYA PRADESH,CHHINDWARA,2005,2006,other_ipc_crimes,1.0,model2_india_crime_type,SingleClassBaseline,2026-05-02T22:49:00.728525
TAMIL NADU,THIRUVARUR,2003,2004,other_ipc_crimes,1.0,model2_india_crime_type,SingleClassBaseline,2026-05-02T22:49:00.728525
MADHYA PRADESH,MANDLA,2008,2009,other_ipc_crimes,1.0,model2_india_crime_type,SingleClassBaseline,2026-05-02T22:49:00.728525
MADHYA PRADESH,CHHATARPUR,2003,2004,other_ipc_crimes,1.0,model2_india_crime_type,SingleClassBaseline,2026-05-02T22:49:00.728525
JHARKHAND,GARHWA,2011,2012,other_ipc_crimes,1.0,model2_india_crime_type,SingleClassBaseline,2026-05-02T22:49:00.728525
WEST BENGAL,24 PARGANAS SOUTH,2011,2012,other_ipc_crimes,1.0,model2_india_crime_type,SingleClassBaseline,2026-05-02T22:49:00.728525
ODISHA,KALAHANDI,2012,2013,other_ipc_crimes,1.0,model2_india_crime_type,SingleClassBaseline,2026-05-02T22:49:00.728525
KARNATAKA,DHARWAD RURAL,2003,2004,other_ipc_crimes,1.0,model2_india_crime_type,SingleClassBaseline,2026-05-02T22:49:00.728525
SIKKIM,SOUTH,2008,2009,other_ipc_crimes,1.0,model2_india_crime_type,SingleClassBaseline,2026-05-02T22:49:00.728525
ODISHA,DEOGARH,2008,2009,other_ipc_crimes,1.0,model2_india_crime_type,SingleClassBaseline,2026-05-02T22:49:00.728525
WEST BENGAL,BANKURA,2004,2005,other_ipc_crimes,1.0,model2_india_crime_type,SingleClassBaseline,2026-05-02T22:49:00.728525
UTTAR PRADESH,BAGHPAT,2008,2009,other_ipc_crimes,1.0,model2_india_crime_type,SingleClassBaseline,2026-05-02T22:49:00.728525
ASSAM,DIBRUGARH,2009,2010,other_ipc_crimes,1.0,model2_india_crime_type,SingleClassBaseline,2026-05-02T22:49:00.728525
HARYANA,JHAJJAR,2004,2005,other_ipc_crimes,1.0,model2_india_crime_type,SingleClassBaseline,2026-05-02T22:49:00.728525
MADHYA PRADESH,UMARIYA,2001,2002,other_ipc_crimes,1.0,model2_india_crime_type,SingleClassBaseline,2026-05-02T22:49:00.728525
ASSAM,DHEMAJI,2010,2011,other_ipc_crimes,1.0,model2_india_crime_type,SingleClassBaseline,2026-05-02T22:49:00.728525
MAHARASHTRA,SOLAPUR RURAL,2011,2012,other_ipc_crimes,1.0,model2_india_crime_type,SingleClassBaseline,2026-05-02T22:49:00.728525
ANDHRA PRADESH,MAHABOOBNAGAR,2002,2003,other_ipc_crimes,1.0,model2_india_crime_type,SingleClassBaseline,2026-05-02T22:49:00.728525
GUJARAT,PALANPUR,2007,2008,other_ipc_crimes,1.0,model2_india_crime_type,SingleClassBaseline,2026-05-02T22:49:00.728525
MAHARASHTRA,NAVI MUMBAI,2003,2004,other_ipc_crimes,1.0,model2_india_crime_type,SingleClassBaseline,2026-05-02T22:49:00.728525
ASSAM,KOKRAJHAR,2009,2010,other_ipc_crimes,1.0,model2_india_crime_type,SingleClassBaseline,2026-05-02T22:49:00.728525
UTTAR PRADESH,BANDA,2006,2007,other_ipc_crimes,1.0,model2_india_crime_type,SingleClassBaseline,2026-05-02T22:49:00.728525
MANIPUR,CHANDEL,2011,2012,other_ipc_crimes,1.0,model2_india_crime_type,SingleClassBaseline,2026-05-02T22:49:00.728525
MEGHALAYA,JAINTIA HILLS,2009,2010,other_ipc_crimes,1.0,model2_india_crime_type,SingleClassBaseline,2026-05-02T22:49:00.728525
ANDHRA PRADESH,VIZIANAGARAM,2002,2003,other_ipc_crimes,1.0,model2_india_crime_type,SingleClassBaseline,2026-05-02T22:49:00.728525
ANDHRA PRADESH,GUNTAKAL RLY.,2004,2005,other_ipc_crimes,1.0,model2_india_crime_type,SingleClassBaseline,2026-05-02T22:49:00.728525
UTTAR PRADESH,G.R.P.,2011,2012,other_ipc_crimes,1.0,model2_india_crime_type,SingleClassBaseline,2026-05-02T22:49:00.728525
MAHARASHTRA,SOLAPUR RURAL,2006,2007,other_ipc_crimes,1.0,model2_india_crime_type,SingleClassBaseline,2026-05-02T22:49:00.728525
RAJASTHAN,JAISALMER,2008,2009,other_ipc_crimes,1.0,model2_india_crime_type,SingleClassBaseline,2026-05-02T22:49:00.728525
DELHI UT,CENTRAL,2005,2006,other_ipc_crimes,1.0,model2_india_crime_type,SingleClassBaseline,2026-05-02T22:49:00.728525
KARNATAKA,RAMANAGAR,2010,2011,other_ipc_crimes,1.0,model2_india_crime_type,SingleClassBaseline,2026-05-02T22:49:00.728525
ARUNACHAL PRADESH,TAWANG,2007,2008,other_ipc_crimes,1.0,model2_india_crime_type,SingleClassBaseline,2026-05-02T22:49:00.728525
PUNJAB,JALANDHAR,2004,2005,other_ipc_crimes,1.0,model2_india_crime_type,SingleClassBaseline,2026-05-02T22:49:00.728525
BIHAR,BHABHUA,2007,2008,other_ipc_crimes,1.0,model2_india_crime_type,SingleClassBaseline,2026-05-02T22:49:00.728525
RAJASTHAN,JAIPUR NORTH,2007,2008,other_ipc_crimes,1.0,model2_india_crime_type,SingleClassBaseline,2026-05-02T22:49:00.728525
MAHARASHTRA,BHANDARA,2011,2012,other_ipc_crimes,1.0,model2_india_crime_type,SingleClassBaseline,2026-05-02T22:49:00.728525
CHHATTISGARH,MAHASAMUND,2008,2009,other_ipc_crimes,1.0,model2_india_crime_type,SingleClassBaseline,2026-05-02T22:49:00.728525
MADHYA PRADESH,CHHATARPUR,2008,2009,other_ipc_crimes,1.0,model2_india_crime_type,SingleClassBaseline,2026-05-02T22:49:00.728525
PUNJAB,MUKTSAR,2009,2010,other_ipc_crimes,1.0,model2_india_crime_type,SingleClassBaseline,2026-05-02T22:49:00.728525
ANDHRA PRADESH,GUNTUR,2007,2008,other_ipc_crimes,1.0,model2_india_crime_type,SingleClassBaseline,2026-05-02T22:49:00.728525
DAMAN AND DIU,DIU,2008,2009,other_ipc_crimes,1.0,model2_india_crime_type,SingleClassBaseline,2026-05-02T22:49:00.728525
BIHAR,BHOJPUR,2005,2006,other_ipc_crimes,1.0,model2_india_crime_type,SingleClassBaseline,2026-05-02T22:49:00.728525
ANDHRA PRADESH,KARIMNAGAR,2005,2006,other_ipc_crimes,1.0,model2_india_crime_type,SingleClassBaseline,2026-05-02T22:49:00.728525
UTTAR PRADESH,JALAUN,2012,2013,other_ipc_crimes,1.0,model2_india_crime_type,SingleClassBaseline,2026-05-02T22:49:00.728525
DELHI UT,CENTRAL,2010,2011,other_ipc_crimes,1.0,model2_india_crime_type,SingleClassBaseline,2026-05-02T22:49:00.728525
GUJARAT,NAVSARI,2011,2012,other_ipc_crimes,1.0,model2_india_crime_type,SingleClassBaseline,2026-05-02T22:49:00.728525
ODISHA,BARAGARH,2011,2012,other_ipc_crimes,1.0,model2_india_crime_type,SingleClassBaseline,2026-05-02T22:49:00.728525
UTTAR PRADESH,AZAMGARH,2006,2007,other_ipc_crimes,1.0,model2_india_crime_type,SingleClassBaseline,2026-05-02T22:49:00.728525
MAHARASHTRA,DHULE,2009,2010,other_ipc_crimes,1.0,model2_india_crime_type,SingleClassBaseline,2026-05-02T22:49:00.728525
BIHAR,SIWAN,2003,2004,other_ipc_crimes,1.0,model2_india_crime_type,SingleClassBaseline,2026-05-02T22:49:00.728525
MADHYA PRADESH,BARWANI,2008,2009,other_ipc_crimes,1.0,model2_india_crime_type,SingleClassBaseline,2026-05-02T22:49:00.728525
TRIPURA,SOUTH,2003,2004,other_ipc_crimes,1.0,model2_india_crime_type,SingleClassBaseline,2026-05-02T22:49:00.728525
MAHARASHTRA,GONDIA,2006,2007,other_ipc_crimes,1.0,model2_india_crime_type,SingleClassBaseline,2026-05-02T22:49:00.728525
GUJARAT,PORBANDAR,2005,2006,other_ipc_crimes,1.0,model2_india_crime_type,SingleClassBaseline,2026-05-02T22:49:00.728525
UTTAR PRADESH,JALAUN,2004,2005,other_ipc_crimes,1.0,model2_india_crime_type,SingleClassBaseline,2026-05-02T22:49:00.728525
JAMMU AND KASHMIR,HANDWARA,2007,2008,other_ipc_crimes,1.0,model2_india_crime_type,SingleClassBaseline,2026-05-02T22:49:00.728525
ASSAM,GOLAGHAT,2002,2003,other_ipc_crimes,1.0,model2_india_crime_type,SingleClassBaseline,2026-05-02T22:49:00.728525
MAHARASHTRA,MUMBAI COMMR.,2012,2013,other_ipc_crimes,1.0,model2_india_crime_type,SingleClassBaseline,2026-05-02T22:49:00.728525
MADHYA PRADESH,BHOPAL RLY.,2008,2009,other_ipc_crimes,1.0,model2_india_crime_type,SingleClassBaseline,2026-05-02T22:49:00.728525
HIMACHAL PRADESH,MANDI,2005,2006,other_ipc_crimes,1.0,model2_india_crime_type,SingleClassBaseline,2026-05-02T22:49:00.728525
ANDHRA PRADESH,KURNOOL,2005,2006,other_ipc_crimes,1.0,model2_india_crime_type,SingleClassBaseline,2026-05-02T22:49:00.728525
UTTAR PRADESH,ST.RAVIDASNAGAR,2003,2004,other_ipc_crimes,1.0,model2_india_crime_type,SingleClassBaseline,2026-05-02T22:49:00.728525
ANDHRA PRADESH,WEST GODAVARI,2005,2006,other_ipc_crimes,1.0,model2_india_crime_type,SingleClassBaseline,2026-05-02T22:49:00.728525
WEST BENGAL,HOWRAH CITY,2005,2006,other_ipc_crimes,1.0,model2_india_crime_type,SingleClassBaseline,2026-05-02T22:49:00.728525
RAJASTHAN,JHALAWAR,2005,2006,other_ipc_crimes,1.0,model2_india_crime_type,SingleClassBaseline,2026-05-02T22:49:00.728525
NAGALAND,PEREN,2001,2002,other_ipc_crimes,1.0,model2_india_crime_type,SingleClassBaseline,2026-05-02T22:49:00.728525
HARYANA,PANIPAT,2006,2007,other_ipc_crimes,1.0,model2_india_crime_type,SingleClassBaseline,2026-05-02T22:49:00.728525
ASSAM,NAGAON,2010,2011,other_ipc_crimes,1.0,model2_india_crime_type,SingleClassBaseline,2026-05-02T22:49:00.728525
UTTAR PRADESH,GORAKHPUR,2007,2008,other_ipc_crimes,1.0,model2_india_crime_type,SingleClassBaseline,2026-05-02T22:49:00.728525
DELHI UT,STF,2008,2009,other_ipc_crimes,1.0,model2_india_crime_type,SingleClassBaseline,2026-05-02T22:49:00.728525
RAJASTHAN,GANGANAGAR,2009,2010,other_ipc_crimes,1.0,model2_india_crime_type,SingleClassBaseline,2026-05-02T22:49:00.728525
GUJARAT,KUTCH (WEST-BHUJ),2011,2012,other_ipc_crimes,1.0,model2_india_crime_type,SingleClassBaseline,2026-05-02T22:49:00.728525
HARYANA,GURGAON,2001,2002,other_ipc_crimes,1.0,model2_india_crime_type,SingleClassBaseline,2026-05-02T22:49:00.728525
KARNATAKA,BAGALKOT,2010,2011,other_ipc_crimes,1.0,model2_india_crime_type,SingleClassBaseline,2026-05-02T22:49:00.728525
UTTAR PRADESH,HARDOI,2012,2013,other_ipc_crimes,1.0,model2_india_crime_type,SingleClassBaseline,2026-05-02T22:49:00.728525
MANIPUR,CHANDEL,2010,2011,other_ipc_crimes,1.0,model2_india_crime_type,SingleClassBaseline,2026-05-02T22:49:00.728525
UTTAR PRADESH,BAREILLY,2004,2005,other_ipc_crimes,1.0,model2_india_crime_type,SingleClassBaseline,2026-05-02T22:49:00.728525
ODISHA,NAYAGARH,2008,2009,other_ipc_crimes,1.0,model2_india_crime_type,SingleClassBaseline,2026-05-02T22:49:00.728525
UTTAR PRADESH,JHANSI,2011,2012,other_ipc_crimes,1.0,model2_india_crime_type,SingleClassBaseline,2026-05-02T22:49:00.728525
HARYANA,YAMUNANAGAR,2012,2013,other_ipc_crimes,1.0,model2_india_crime_type,SingleClassBaseline,2026-05-02T22:49:00.728525
TAMIL NADU,KANYAKUMARI,2006,2007,other_ipc_crimes,1.0,model2_india_crime_type,SingleClassBaseline,2026-05-02T22:49:00.728525
GUJARAT,HIMATNAGAR,2008,2009,other_ipc_crimes,1.0,model2_india_crime_type,SingleClassBaseline,2026-05-02T22:49:00.728525
MANIPUR,IMPHAL WEST,2007,2008,other_ipc_crimes,1.0,model2_india_crime_type,SingleClassBaseline,2026-05-02T22:49:00.728525
DELHI UT,NORTH EAST,2001,2002,other_ipc_crimes,1.0,model2_india_crime_type,SingleClassBaseline,2026-05-02T22:49:00.728525
RAJASTHAN,AJMER,2007,2008,other_ipc_crimes,1.0,model2_india_crime_type,SingleClassBaseline,2026-05-02T22:49:00.728525
MAHARASHTRA,SANGLI,2011,2012,other_ipc_crimes,1.0,model2_india_crime_type,SingleClassBaseline,2026-05-02T22:49:00.728525
ODISHA,SONEPUR,2001,2002,other_ipc_crimes,1.0,model2_india_crime_type,SingleClassBaseline,2026-05-02T22:49:00.728525
ANDHRA PRADESH,GUNTUR,2001,2002,other_ipc_crimes,1.0,model2_india_crime_type,SingleClassBaseline,2026-05-02T22:49:00.728525
RAJASTHAN,JAIPUR,2004,2005,other_ipc_crimes,1.0,model2_india_crime_type,SingleClassBaseline,2026-05-02T22:49:00.728525
BIHAR,VAISHALI,2005,2006,other_ipc_crimes,1.0,model2_india_crime_type,SingleClassBaseline,2026-05-02T22:49:00.728525
ODISHA,KENDRAPARA,2006,2007,other_ipc_crimes,1.0,model2_india_crime_type,SingleClassBaseline,2026-05-02T22:49:00.728525
MADHYA PRADESH,KHANDWA,2007,2008,other_ipc_crimes,1.0,model2_india_crime_type,SingleClassBaseline,2026-05-02T22:49:00.728525
TRIPURA,DHALAI,2012,2013,other_ipc_crimes,1.0,model2_india_crime_type,SingleClassBaseline,2026-05-02T22:49:00.728525
DELHI UT,I.G.I. AIRPORT,2002,2003,other_ipc_crimes,1.0,model2_india_crime_type,SingleClassBaseline,2026-05-02T22:49:00.728525
RAJASTHAN,BHILWARA,2001,2002,other_ipc_crimes,1.0,model2_india_crime_type,SingleClassBaseline,2026-05-02T22:49:00.728525
MAHARASHTRA,JALGAON,2005,2006,other_ipc_crimes,1.0,model2_india_crime_type,SingleClassBaseline,2026-05-02T22:49:00.728525
ODISHA,BOUDH,2005,2006,other_ipc_crimes,1.0,model2_india_crime_type,SingleClassBaseline,2026-05-02T22:49:00.728525
CHHATTISGARH,KORIYA,2011,2012,other_ipc_crimes,1.0,model2_india_crime_type,SingleClassBaseline,2026-05-02T22:49:00.728525
KERALA,KOZHIKODE RURAL,2005,2006,other_ipc_crimes,1.0,model2_india_crime_type,SingleClassBaseline,2026-05-02T22:49:00.728525
MADHYA PRADESH,ANUPPUR,2011,2012,other_ipc_crimes,1.0,model2_india_crime_type,SingleClassBaseline,2026-05-02T22:49:00.728525
BIHAR,ROHTAS,2002,2003,other_ipc_crimes,1.0,model2_india_crime_type,SingleClassBaseline,2026-05-02T22:49:00.728525
UTTAR PRADESH,MEERUT,2003,2004,other_ipc_crimes,1.0,model2_india_crime_type,SingleClassBaseline,2026-05-02T22:49:00.728525
JHARKHAND,CHAIBASA,2001,2002,other_ipc_crimes,1.0,model2_india_crime_type,SingleClassBaseline,2026-05-02T22:49:00.728525
MADHYA PRADESH,JABALPUR RLY.,2010,2011,other_ipc_crimes,1.0,model2_india_crime_type,SingleClassBaseline,2026-05-02T22:49:00.728525
HIMACHAL PRADESH,HAMIRPUR,2006,2007,other_ipc_crimes,1.0,model2_india_crime_type,SingleClassBaseline,2026-05-02T22:49:00.728525
UTTARAKHAND,BAGESHWAR,2010,2011,other_ipc_crimes,1.0,model2_india_crime_type,SingleClassBaseline,2026-05-02T22:49:00.728525
PUNJAB,JALANDHAR RURAL,2010,2011,other_ipc_crimes,1.0,model2_india_crime_type,SingleClassBaseline,2026-05-02T22:49:00.728525
CHHATTISGARH,JASHPUR,2004,2005,other_ipc_crimes,1.0,model2_india_crime_type,SingleClassBaseline,2026-05-02T22:49:00.728525
CHHATTISGARH,BALOD,2012,2013,other_ipc_crimes,1.0,model2_india_crime_type,SingleClassBaseline,2026-05-02T22:49:00.728525
UTTAR PRADESH,HATHRAS,2012,2013,other_ipc_crimes,1.0,model2_india_crime_type,SingleClassBaseline,2026-05-02T22:49:00.728525
RAJASTHAN,JHALAWAR,2012,2013,other_ipc_crimes,1.0,model2_india_crime_type,SingleClassBaseline,2026-05-02T22:49:00.728525
UTTAR PRADESH,GHAZIPUR,2008,2009,other_ipc_crimes,1.0,model2_india_crime_type,SingleClassBaseline,2026-05-02T22:49:00.728525
UTTAR PRADESH,MORADABAD,2007,2008,other_ipc_crimes,1.0,model2_india_crime_type,SingleClassBaseline,2026-05-02T22:49:00.728525
ANDHRA PRADESH,CYBERABAD,2010,2011,other_ipc_crimes,1.0,model2_india_crime_type,SingleClassBaseline,2026-05-02T22:49:00.728525
UTTARAKHAND,HARIDWAR,2011,2012,other_ipc_crimes,1.0,model2_india_crime_type,SingleClassBaseline,2026-05-02T22:49:00.728525
D AND N HAVELI,D AND N HAVELI,2001,2002,other_ipc_crimes,1.0,model2_india_crime_type,SingleClassBaseline,2026-05-02T22:49:00.728525
RAJASTHAN,SAWAI MADHOPUR,2009,2010,other_ipc_crimes,1.0,model2_india_crime_type,SingleClassBaseline,2026-05-02T22:49:00.728525
MEGHALAYA,GARO HILLS WEST,2006,2007,other_ipc_crimes,1.0,model2_india_crime_type,SingleClassBaseline,2026-05-02T22:49:00.728525
PUNJAB,FATEHGARH SAHIB,2006,2007,other_ipc_crimes,1.0,model2_india_crime_type,SingleClassBaseline,2026-05-02T22:49:00.728525
MADHYA PRADESH,SATNA,2011,2012,other_ipc_crimes,1.0,model2_india_crime_type,SingleClassBaseline,2026-05-02T22:49:00.728525
UTTAR PRADESH,JAUNPUR,2002,2003,other_ipc_crimes,1.0,model2_india_crime_type,SingleClassBaseline,2026-05-02T22:49:00.728525
WEST BENGAL,DAKSHIN DINAJPUR,2011,2012,other_ipc_crimes,1.0,model2_india_crime_type,SingleClassBaseline,2026-05-02T22:49:00.728525
CHHATTISGARH,RAIPUR,2006,2007,other_ipc_crimes,1.0,model2_india_crime_type,SingleClassBaseline,2026-05-02T22:49:00.728525
MAHARASHTRA,SOLAPUR COMMR.,2007,2008,other_ipc_crimes,1.0,model2_india_crime_type,SingleClassBaseline,2026-05-02T22:49:00.728525
ODISHA,JAJPUR,2006,2007,other_ipc_crimes,1.0,model2_india_crime_type,SingleClassBaseline,2026-05-02T22:49:00.728525
DELHI UT,NORTH-WEST,2009,2010,other_ipc_crimes,1.0,model2_india_crime_type,SingleClassBaseline,2026-05-02T22:49:00.728525
BIHAR,MOTIHARI,2010,2011,other_ipc_crimes,1.0,model2_india_crime_type,SingleClassBaseline,2026-05-02T22:49:00.728525
UTTAR PRADESH,BAGHPAT,2012,2013,other_ipc_crimes,1.0,model2_india_crime_type,SingleClassBaseline,2026-05-02T22:49:00.728525
TAMIL NADU,MADURAI URBAN,2005,2006,other_ipc_crimes,1.0,model2_india_crime_type,SingleClassBaseline,2026-05-02T22:49:00.728525
GUJARAT,AHWA-DANG,2011,2012,other_ipc_crimes,1.0,model2_india_crime_type,SingleClassBaseline,2026-05-02T22:49:00.728525
UTTAR PRADESH,HAMIRPUR,2007,2008,other_ipc_crimes,1.0,model2_india_crime_type,SingleClassBaseline,2026-05-02T22:49:00.728525
RAJASTHAN,JHUNJHUNU,2007,2008,other_ipc_crimes,1.0,model2_india_crime_type,SingleClassBaseline,2026-05-02T22:49:00.728525
GUJARAT,BHAVNAGAR,2006,2007,other_ipc_crimes,1.0,model2_india_crime_type,SingleClassBaseline,2026-05-02T22:49:00.728525
ANDHRA PRADESH,ANANTAPUR,2002,2003,other_ipc_crimes,1.0,model2_india_crime_type,SingleClassBaseline,2026-05-02T22:49:00.728525
WEST BENGAL,24 PARGANAS SOUTH,2005,2006,other_ipc_crimes,1.0,model2_india_crime_type,SingleClassBaseline,2026-05-02T22:49:00.728525
KARNATAKA,KODAGU,2004,2005,other_ipc_crimes,1.0,model2_india_crime_type,SingleClassBaseline,2026-05-02T22:49:00.728525
RAJASTHAN,BARMER,2007,2008,other_ipc_crimes,1.0,model2_india_crime_type,SingleClassBaseline,2026-05-02T22:49:00.728525
HARYANA,PANIPAT,2001,2002,other_ipc_crimes,1.0,model2_india_crime_type,SingleClassBaseline,2026-05-02T22:49:00.728525
ANDHRA PRADESH,KURNOOL,2006,2007,other_ipc_crimes,1.0,model2_india_crime_type,SingleClassBaseline,2026-05-02T22:49:00.728525
DAMAN AND DIU,DAMAN,2009,2010,other_ipc_crimes,1.0,model2_india_crime_type,SingleClassBaseline,2026-05-02T22:49:00.728525
UTTAR PRADESH,ST.RAVIDASNAGAR,2008,2009,other_ipc_crimes,1.0,model2_india_crime_type,SingleClassBaseline,2026-05-02T22:49:00.728525
MAHARASHTRA,YAVATMAL,2012,2013,other_ipc_crimes,1.0,model2_india_crime_type,SingleClassBaseline,2026-05-02T22:49:00.728525
JAMMU AND KASHMIR,REASI,2007,2008,other_ipc_crimes,1.0,model2_india_crime_type,SingleClassBaseline,2026-05-02T22:49:00.728525
UTTAR PRADESH,HARDOI,2007,2008,other_ipc_crimes,1.0,model2_india_crime_type,SingleClassBaseline,2026-05-02T22:49:00.728525
MADHYA PRADESH,RAISEN,2008,2009,other_ipc_crimes,1.0,model2_india_crime_type,SingleClassBaseline,2026-05-02T22:49:00.728525
ASSAM,MORIGAON,2004,2005,other_ipc_crimes,1.0,model2_india_crime_type,SingleClassBaseline,2026-05-02T22:49:00.728525
JAMMU AND KASHMIR,BUDGAM,2002,2003,other_ipc_crimes,1.0,model2_india_crime_type,SingleClassBaseline,2026-05-02T22:49:00.728525
PUNJAB,SAS NGR,2009,2010,other_ipc_crimes,1.0,model2_india_crime_type,SingleClassBaseline,2026-05-02T22:49:00.728525
MAHARASHTRA,AHMEDNAGAR,2004,2005,other_ipc_crimes,1.0,model2_india_crime_type,SingleClassBaseline,2026-05-02T22:49:00.728525
PUNJAB,MUKTSAR,2003,2004,other_ipc_crimes,1.0,model2_india_crime_type,SingleClassBaseline,2026-05-02T22:49:00.728525
TAMIL NADU,TRICHY RLY.,2005,2006,other_ipc_crimes,1.0,model2_india_crime_type,SingleClassBaseline,2026-05-02T22:49:00.728525
BIHAR,NALANDA,2001,2002,other_ipc_crimes,1.0,model2_india_crime_type,SingleClassBaseline,2026-05-02T22:49:00.728525
TRIPURA,SOUTH,2011,2012,other_ipc_crimes,1.0,model2_india_crime_type,SingleClassBaseline,2026-05-02T22:49:00.728525
UTTAR PRADESH,SULTANPUR,2003,2004,other_ipc_crimes,1.0,model2_india_crime_type,SingleClassBaseline,2026-05-02T22:49:00.728525
GUJARAT,BHARUCH,2001,2002,other_ipc_crimes,1.0,model2_india_crime_type,SingleClassBaseline,2026-05-02T22:49:00.728525
NAGALAND,TUENSANG,2011,2012,other_ipc_crimes,1.0,model2_india_crime_type,SingleClassBaseline,2026-05-02T22:49:00.728525
MAHARASHTRA,WARDHA,2002,2003,other_ipc_crimes,1.0,model2_india_crime_type,SingleClassBaseline,2026-05-02T22:49:00.728525
CHHATTISGARH,BIZAPUR,2007,2008,other_ipc_crimes,1.0,model2_india_crime_type,SingleClassBaseline,2026-05-02T22:49:00.728525
UTTAR PRADESH,BADAUN,2001,2002,other_ipc_crimes,1.0,model2_india_crime_type,SingleClassBaseline,2026-05-02T22:49:00.728525
ANDHRA PRADESH,ADILABAD,2009,2010,other_ipc_crimes,1.0,model2_india_crime_type,SingleClassBaseline,2026-05-02T22:49:00.728525
MIZORAM,MAMIT,2012,2013,other_ipc_crimes,1.0,model2_india_crime_type,SingleClassBaseline,2026-05-02T22:49:00.728525
HARYANA,FARIDABAD,2007,2008,other_ipc_crimes,1.0,model2_india_crime_type,SingleClassBaseline,2026-05-02T22:49:00.728525
KARNATAKA,CHAMARAJNAGAR,2005,2006,other_ipc_crimes,1.0,model2_india_crime_type,SingleClassBaseline,2026-05-02T22:49:00.728525
KARNATAKA,UTTAR KANNADA,2003,2004,other_ipc_crimes,1.0,model2_india_crime_type,SingleClassBaseline,2026-05-02T22:49:00.728525
UTTAR PRADESH,BALRAMPUR,2012,2013,other_ipc_crimes,1.0,model2_india_crime_type,SingleClassBaseline,2026-05-02T22:49:00.728525
BIHAR,PURNEA,2001,2002,other_ipc_crimes,1.0,model2_india_crime_type,SingleClassBaseline,2026-05-02T22:49:00.728525
UTTAR PRADESH,MAHARAJGANJ,2008,2009,other_ipc_crimes,1.0,model2_india_crime_type,SingleClassBaseline,2026-05-02T22:49:00.728525
ODISHA,KORAPUT,2003,2004,other_ipc_crimes,1.0,model2_india_crime_type,SingleClassBaseline,2026-05-02T22:49:00.728525
TAMIL NADU,SALEM URBAN,2003,2004,other_ipc_crimes,1.0,model2_india_crime_type,SingleClassBaseline,2026-05-02T22:49:00.728525
ODISHA,KANDHAMAL,2005,2006,other_ipc_crimes,1.0,model2_india_crime_type,SingleClassBaseline,2026-05-02T22:49:00.728525
TAMIL NADU,MADURAI URBAN,2001,2002,other_ipc_crimes,1.0,model2_india_crime_type,SingleClassBaseline,2026-05-02T22:49:00.728525
UTTAR PRADESH,MUZAFFARNAGAR,2009,2010,other_ipc_crimes,1.0,model2_india_crime_type,SingleClassBaseline,2026-05-02T22:49:00.728525
ARUNACHAL PRADESH,SUBANSIRI LOWER,2001,2002,other_ipc_crimes,1.0,model2_india_crime_type,SingleClassBaseline,2026-05-02T22:49:00.728525
TAMIL NADU,RAMNATHAPURAM,2010,2011,other_ipc_crimes,1.0,model2_india_crime_type,SingleClassBaseline,2026-05-02T22:49:00.728525
ARUNACHAL PRADESH,LOHIT,2001,2002,other_ipc_crimes,1.0,model2_india_crime_type,SingleClassBaseline,2026-05-02T22:49:00.728525
KARNATAKA,CHAMARAJNAGAR,2001,2002,other_ipc_crimes,1.0,model2_india_crime_type,SingleClassBaseline,2026-05-02T22:49:00.728525
KARNATAKA,RAICHUR,2012,2013,other_ipc_crimes,1.0,model2_india_crime_type,SingleClassBaseline,2026-05-02T22:49:00.728525
GUJARAT,PANCHMAHAL,2005,2006,other_ipc_crimes,1.0,model2_india_crime_type,SingleClassBaseline,2026-05-02T22:49:00.728525
MADHYA PRADESH,ANUPPUR,2012,2013,other_ipc_crimes,1.0,model2_india_crime_type,SingleClassBaseline,2026-05-02T22:49:00.728525
UTTAR PRADESH,G.R.P.,2009,2010,other_ipc_crimes,1.0,model2_india_crime_type,SingleClassBaseline,2026-05-02T22:49:00.728525
TAMIL NADU,COIMBATORE RURAL,2009,2010,other_ipc_crimes,1.0,model2_india_crime_type,SingleClassBaseline,2026-05-02T22:49:00.728525
GUJARAT,KUTCH,2007,2008,other_ipc_crimes,1.0,model2_india_crime_type,SingleClassBaseline,2026-05-02T22:49:00.728525
MADHYA PRADESH,MORENA,2006,2007,other_ipc_crimes,1.0,model2_india_crime_type,SingleClassBaseline,2026-05-02T22:49:00.728525
GUJARAT,SURENDRANAGAR,2005,2006,other_ipc_crimes,1.0,model2_india_crime_type,SingleClassBaseline,2026-05-02T22:49:00.728525
UTTAR PRADESH,MATHURA,2007,2008,other_ipc_crimes,1.0,model2_india_crime_type,SingleClassBaseline,2026-05-02T22:49:00.728525
GUJARAT,VADODARA RURAL,2010,2011,other_ipc_crimes,1.0,model2_india_crime_type,SingleClassBaseline,2026-05-02T22:49:00.728525
UTTARAKHAND,ALMORA,2010,2011,other_ipc_crimes,1.0,model2_india_crime_type,SingleClassBaseline,2026-05-02T22:49:00.728525
MANIPUR,TAMENGLONG,2002,2003,other_ipc_crimes,1.0,model2_india_crime_type,SingleClassBaseline,2026-05-02T22:49:00.728525
MAHARASHTRA,GADCHIROLI,2004,2005,other_ipc_crimes,1.0,model2_india_crime_type,SingleClassBaseline,2026-05-02T22:49:00.728525
HARYANA,SIRSA,2004,2005,other_ipc_crimes,1.0,model2_india_crime_type,SingleClassBaseline,2026-05-02T22:49:00.728525
BIHAR,DARBHANGA,2002,2003,other_ipc_crimes,1.0,model2_india_crime_type,SingleClassBaseline,2026-05-02T22:49:00.728525
JAMMU AND KASHMIR,LEH,2012,2013,other_ipc_crimes,1.0,model2_india_crime_type,SingleClassBaseline,2026-05-02T22:49:00.728525
HARYANA,PANCHKULA,2006,2007,other_ipc_crimes,1.0,model2_india_crime_type,SingleClassBaseline,2026-05-02T22:49:00.728525
MADHYA PRADESH,JABALPUR,2010,2011,other_ipc_crimes,1.0,model2_india_crime_type,SingleClassBaseline,2026-05-02T22:49:00.728525
UTTAR PRADESH,G.R.P.,2001,2002,other_ipc_crimes,1.0,model2_india_crime_type,SingleClassBaseline,2026-05-02T22:49:00.728525
GUJARAT,PANCHMAHAL,2012,2013,other_ipc_crimes,1.0,model2_india_crime_type,SingleClassBaseline,2026-05-02T22:49:00.728525
MAHARASHTRA,YAVATMAL,2008,2009,other_ipc_crimes,1.0,model2_india_crime_type,SingleClassBaseline,2026-05-02T22:49:00.728525
ANDHRA PRADESH,GUNTUR,2008,2009,other_ipc_crimes,1.0,model2_india_crime_type,SingleClassBaseline,2026-05-02T22:49:00.728525
UTTAR PRADESH,AGRA,2009,2010,other_ipc_crimes,1.0,model2_india_crime_type,SingleClassBaseline,2026-05-02T22:49:00.728525
MIZORAM,KOLASIB,2011,2012,other_ipc_crimes,1.0,model2_india_crime_type,SingleClassBaseline,2026-05-02T22:49:00.728525
BIHAR,SUPAUL,2005,2006,other_ipc_crimes,1.0,model2_india_crime_type,SingleClassBaseline,2026-05-02T22:49:00.728525
ARUNACHAL PRADESH,TAWANG,2011,2012,other_ipc_crimes,1.0,model2_india_crime_type,SingleClassBaseline,2026-05-02T22:49:00.728525
UTTAR PRADESH,PRATAPGARH,2010,2011,other_ipc_crimes,1.0,model2_india_crime_type,SingleClassBaseline,2026-05-02T22:49:00.728525
MAHARASHTRA,RAIGAD,2004,2005,other_ipc_crimes,1.0,model2_india_crime_type,SingleClassBaseline,2026-05-02T22:49:00.728525
ASSAM,BONGAIGAON,2009,2010,other_ipc_crimes,1.0,model2_india_crime_type,SingleClassBaseline,2026-05-02T22:49:00.728525
WEST BENGAL,NADIA,2011,2012,other_ipc_crimes,1.0,model2_india_crime_type,SingleClassBaseline,2026-05-02T22:49:00.728525
MAHARASHTRA,SOLAPUR RURAL,2001,2002,other_ipc_crimes,1.0,model2_india_crime_type,SingleClassBaseline,2026-05-02T22:49:00.728525
ODISHA,SUNDARGARH,2012,2013,other_ipc_crimes,1.0,model2_india_crime_type,SingleClassBaseline,2026-05-02T22:49:00.728525
TAMIL NADU,PUDUKOTTAI,2011,2012,other_ipc_crimes,1.0,model2_india_crime_type,SingleClassBaseline,2026-05-02T22:49:00.728525
ODISHA,JHARSUGUDA,2007,2008,other_ipc_crimes,1.0,model2_india_crime_type,SingleClassBaseline,2026-05-02T22:49:00.728525
MADHYA PRADESH,BHIND,2004,2005,other_ipc_crimes,1.0,model2_india_crime_type,SingleClassBaseline,2026-05-02T22:49:00.728525
ARUNACHAL PRADESH,SIANG WEST,2004,2005,other_ipc_crimes,1.0,model2_india_crime_type,SingleClassBaseline,2026-05-02T22:49:00.728525
ODISHA,KENDRAPARA,2007,2008,other_ipc_crimes,1.0,model2_india_crime_type,SingleClassBaseline,2026-05-02T22:49:00.728525
ANDHRA PRADESH,NELLORE,2008,2009,other_ipc_crimes,1.0,model2_india_crime_type,SingleClassBaseline,2026-05-02T22:49:00.728525
HARYANA,MEWAT,2007,2008,other_ipc_crimes,1.0,model2_india_crime_type,SingleClassBaseline,2026-05-02T22:49:00.728525
RAJASTHAN,JAIPUR SOUTH,2010,2011,other_ipc_crimes,1.0,model2_india_crime_type,SingleClassBaseline,2026-05-02T22:49:00.728525
JHARKHAND,DEOGHAR,2004,2005,other_ipc_crimes,1.0,model2_india_crime_type,SingleClassBaseline,2026-05-02T22:49:00.728525
MANIPUR,IMPHAL EAST,2006,2007,other_ipc_crimes,1.0,model2_india_crime_type,SingleClassBaseline,2026-05-02T22:49:00.728525
MAHARASHTRA,WARDHA,2006,2007,other_ipc_crimes,1.0,model2_india_crime_type,SingleClassBaseline,2026-05-02T22:49:00.728525
ASSAM,R.P.O.,2003,2004,other_ipc_crimes,1.0,model2_india_crime_type,SingleClassBaseline,2026-05-02T22:49:00.728525
HARYANA,FARIDABAD,2002,2003,other_ipc_crimes,1.0,model2_india_crime_type,SingleClassBaseline,2026-05-02T22:49:00.728525
KARNATAKA,DAKSHIN KANNADA,2012,2013,other_ipc_crimes,1.0,model2_india_crime_type,SingleClassBaseline,2026-05-02T22:49:00.728525
MEGHALAYA,KHASI HILLS EAST,2010,2011,other_ipc_crimes,1.0,model2_india_crime_type,SingleClassBaseline,2026-05-02T22:49:00.728525
KERALA,WAYANADU,2010,2011,other_ipc_crimes,1.0,model2_india_crime_type,SingleClassBaseline,2026-05-02T22:49:00.728525
HARYANA,SIRSA,2007,2008,other_ipc_crimes,1.0,model2_india_crime_type,SingleClassBaseline,2026-05-02T22:49:00.728525
GUJARAT,SURAT RURAL,2006,2007,other_ipc_crimes,1.0,model2_india_crime_type,SingleClassBaseline,2026-05-02T22:49:00.728525
CHHATTISGARH,KORIYA,2010,2011,other_ipc_crimes,1.0,model2_india_crime_type,SingleClassBaseline,2026-05-02T22:49:00.728525
MAHARASHTRA,NAGPUR RURAL,2003,2004,other_ipc_crimes,1.0,model2_india_crime_type,SingleClassBaseline,2026-05-02T22:49:00.728525
HARYANA,JIND,2006,2007,other_ipc_crimes,1.0,model2_india_crime_type,SingleClassBaseline,2026-05-02T22:49:00.728525
JHARKHAND,BOKARO,2001,2002,other_ipc_crimes,1.0,model2_india_crime_type,SingleClassBaseline,2026-05-02T22:49:00.728525
HIMACHAL PRADESH,LAHAUL-SPITI,2004,2005,other_ipc_crimes,1.0,model2_india_crime_type,SingleClassBaseline,2026-05-02T22:49:00.728525
ARUNACHAL PRADESH,DIBANG VALLEY,2007,2008,other_ipc_crimes,1.0,model2_india_crime_type,SingleClassBaseline,2026-05-02T22:49:00.728525
BIHAR,ROHTAS,2004,2005,other_ipc_crimes,1.0,model2_india_crime_type,SingleClassBaseline,2026-05-02T22:49:00.728525
HARYANA,GRP,2002,2003,other_ipc_crimes,1.0,model2_india_crime_type,SingleClassBaseline,2026-05-02T22:49:00.728525
ANDHRA PRADESH,HYDERABAD CITY,2007,2008,other_ipc_crimes,1.0,model2_india_crime_type,SingleClassBaseline,2026-05-02T22:49:00.728525
ARUNACHAL PRADESH,DIBANG VALLEY,2011,2012,other_ipc_crimes,1.0,model2_india_crime_type,SingleClassBaseline,2026-05-02T22:49:00.728525
ANDHRA PRADESH,GUNTUR,2012,2013,other_ipc_crimes,1.0,model2_india_crime_type,SingleClassBaseline,2026-05-02T22:49:00.728525
GUJARAT,KUTCH (EAST(G)),2012,2013,other_ipc_crimes,1.0,model2_india_crime_type,SingleClassBaseline,2026-05-02T22:49:00.728525
MAHARASHTRA,WASHIM,2009,2010,other_ipc_crimes,1.0,model2_india_crime_type,SingleClassBaseline,2026-05-02T22:49:00.728525
HIMACHAL PRADESH,BADDIPOLICEDIST,2009,2010,other_ipc_crimes,1.0,model2_india_crime_type,SingleClassBaseline,2026-05-02T22:49:00.728525
MIZORAM,SERCHHIP,2011,2012,other_ipc_crimes,1.0,model2_india_crime_type,SingleClassBaseline,2026-05-02T22:49:00.728525
GUJARAT,RAJKOT COMMR.,2004,2005,other_ipc_crimes,1.0,model2_india_crime_type,SingleClassBaseline,2026-05-02T22:49:00.728525
RAJASTHAN,CHITTORGARH,2004,2005,other_ipc_crimes,1.0,model2_india_crime_type,SingleClassBaseline,2026-05-02T22:49:00.728525
PUNJAB,TARN TARAN,2003,2004,other_ipc_crimes,1.0,model2_india_crime_type,SingleClassBaseline,2026-05-02T22:49:00.728525
JAMMU AND KASHMIR,CRIME SRINAGAR,2006,2007,other_ipc_crimes,1.0,model2_india_crime_type,SingleClassBaseline,2026-05-02T22:49:00.728525
RAJASTHAN,G.R.P.JODHPUR,2012,2013,other_ipc_crimes,1.0,model2_india_crime_type,SingleClassBaseline,2026-05-02T22:49:00.728525
CHHATTISGARH,JANJGIR,2011,2012,other_ipc_crimes,1.0,model2_india_crime_type,SingleClassBaseline,2026-05-02T22:49:00.728525
RAJASTHAN,KOTA CITY,2009,2010,other_ipc_crimes,1.0,model2_india_crime_type,SingleClassBaseline,2026-05-02T22:49:00.728525
MANIPUR,IMPHAL(EAST),2004,2005,other_ipc_crimes,1.0,model2_india_crime_type,SingleClassBaseline,2026-05-02T22:49:00.728525
ASSAM,BASKA,2007,2008,other_ipc_crimes,1.0,model2_india_crime_type,SingleClassBaseline,2026-05-02T22:49:00.728525
WEST BENGAL,KHARAGPUR G.R.P.,2012,2013,other_ipc_crimes,1.0,model2_india_crime_type,SingleClassBaseline,2026-05-02T22:49:00.728525
PUNJAB,CP LUDHIANA,2010,2011,other_ipc_crimes,1.0,model2_india_crime_type,SingleClassBaseline,2026-05-02T22:49:00.728525
JHARKHAND,SIMDEGA,2005,2006,other_ipc_crimes,1.0,model2_india_crime_type,SingleClassBaseline,2026-05-02T22:49:00.728525
HARYANA,PALWAL,2009,2010,other_ipc_crimes,1.0,model2_india_crime_type,SingleClassBaseline,2026-05-02T22:49:00.728525
JAMMU AND KASHMIR,KULGAM,2002,2003,other_ipc_crimes,1.0,model2_india_crime_type,SingleClassBaseline,2026-05-02T22:49:00.728525
BIHAR,SIWAN,2010,2011,other_ipc_crimes,1.0,model2_india_crime_type,SingleClassBaseline,2026-05-02T22:49:00.728525
ARUNACHAL PRADESH,TAWANG,2012,2013,other_ipc_crimes,1.0,model2_india_crime_type,SingleClassBaseline,2026-05-02T22:49:00.728525
KERALA,KOLLAM,2004,2005,other_ipc_crimes,1.0,model2_india_crime_type,SingleClassBaseline,2026-05-02T22:49:00.728525
UTTAR PRADESH,FATEHPUR,2006,2007,other_ipc_crimes,1.0,model2_india_crime_type,SingleClassBaseline,2026-05-02T22:49:00.728525
MADHYA PRADESH,REWA,2012,2013,other_ipc_crimes,1.0,model2_india_crime_type,SingleClassBaseline,2026-05-02T22:49:00.728525
UTTAR PRADESH,SANT KABIRNAGAR,2002,2003,other_ipc_crimes,1.0,model2_india_crime_type,SingleClassBaseline,2026-05-02T22:49:00.728525
CHANDIGARH,CHANDIGARH,2001,2002,other_ipc_crimes,1.0,model2_india_crime_type,SingleClassBaseline,2026-05-02T22:49:00.728525
MAHARASHTRA,NANDED,2006,2007,other_ipc_crimes,1.0,model2_india_crime_type,SingleClassBaseline,2026-05-02T22:49:00.728525
HIMACHAL PRADESH,MANDI,2002,2003,other_ipc_crimes,1.0,model2_india_crime_type,SingleClassBaseline,2026-05-02T22:49:00.728525
BIHAR,MUZAFFARPUR,2004,2005,other_ipc_crimes,1.0,model2_india_crime_type,SingleClassBaseline,2026-05-02T22:49:00.728525
UTTARAKHAND,TEHRI GARHWAL,2006,2007,other_ipc_crimes,1.0,model2_india_crime_type,SingleClassBaseline,2026-05-02T22:49:00.728525
JHARKHAND,HAZARIBAGH,2011,2012,other_ipc_crimes,1.0,model2_india_crime_type,SingleClassBaseline,2026-05-02T22:49:00.728525
MAHARASHTRA,AMRAVATI RURAL,2003,2004,other_ipc_crimes,1.0,model2_india_crime_type,SingleClassBaseline,2026-05-02T22:49:00.728525
CHHATTISGARH,BALRAMPUR,2007,2008,other_ipc_crimes,1.0,model2_india_crime_type,SingleClassBaseline,2026-05-02T22:49:00.728525
GUJARAT,AHWA-DANG,2004,2005,other_ipc_crimes,1.0,model2_india_crime_type,SingleClassBaseline,2026-05-02T22:49:00.728525
ARUNACHAL PRADESH,SIANG EAST,2010,2011,other_ipc_crimes,1.0,model2_india_crime_type,SingleClassBaseline,2026-05-02T22:49:00.728525
TAMIL NADU,RAMNATHAPURAM,2006,2007,other_ipc_crimes,1.0,model2_india_crime_type,SingleClassBaseline,2026-05-02T22:49:00.728525
MADHYA PRADESH,DAMOH,2005,2006,other_ipc_crimes,1.0,model2_india_crime_type,SingleClassBaseline,2026-05-02T22:49:00.728525
ASSAM,SONITPUR,2008,2009,other_ipc_crimes,1.0,model2_india_crime_type,SingleClassBaseline,2026-05-02T22:49:00.728525
ANDHRA PRADESH,CHITTOOR,2010,2011,other_ipc_crimes,1.0,model2_india_crime_type,SingleClassBaseline,2026-05-02T22:49:00.728525
MADHYA PRADESH,KHANDWA,2010,2011,other_ipc_crimes,1.0,model2_india_crime_type,SingleClassBaseline,2026-05-02T22:49:00.728525
MAHARASHTRA,RATNAGIRI,2008,2009,other_ipc_crimes,1.0,model2_india_crime_type,SingleClassBaseline,2026-05-02T22:49:00.728525
KERALA,PALAKKAD,2012,2013,other_ipc_crimes,1.0,model2_india_crime_type,SingleClassBaseline,2026-05-02T22:49:00.728525
PUNJAB,AMRITSAR RURAL,2012,2013,other_ipc_crimes,1.0,model2_india_crime_type,SingleClassBaseline,2026-05-02T22:49:00.728525
ARUNACHAL PRADESH,SIANG EAST,2006,2007,other_ipc_crimes,1.0,model2_india_crime_type,SingleClassBaseline,2026-05-02T22:49:00.728525
MIZORAM,AIZAWL,2007,2008,other_ipc_crimes,1.0,model2_india_crime_type,SingleClassBaseline,2026-05-02T22:49:00.728525
KARNATAKA,BELLARY,2012,2013,other_ipc_crimes,1.0,model2_india_crime_type,SingleClassBaseline,2026-05-02T22:49:00.728525
TAMIL NADU,THENI,2012,2013,other_ipc_crimes,1.0,model2_india_crime_type,SingleClassBaseline,2026-05-02T22:49:00.728525
ANDHRA PRADESH,RAJAHMUNDRY,2010,2011,other_ipc_crimes,1.0,model2_india_crime_type,SingleClassBaseline,2026-05-02T22:49:00.728525
KERALA,PATHANAMTHITTA,2010,2011,other_ipc_crimes,1.0,model2_india_crime_type,SingleClassBaseline,2026-05-02T22:49:00.728525
RAJASTHAN,UDAIPUR,2010,2011,other_ipc_crimes,1.0,model2_india_crime_type,SingleClassBaseline,2026-05-02T22:49:00.728525
ASSAM,SIBSAGAR,2004,2005,other_ipc_crimes,1.0,model2_india_crime_type,SingleClassBaseline,2026-05-02T22:49:00.728525
ASSAM,KARBI ANGLONG,2008,2009,other_ipc_crimes,1.0,model2_india_crime_type,SingleClassBaseline,2026-05-02T22:49:00.728525
JHARKHAND,GARHWA,2012,2013,other_ipc_crimes,1.0,model2_india_crime_type,SingleClassBaseline,2026-05-02T22:49:00.728525
MAHARASHTRA,RAIGAD,2008,2009,other_ipc_crimes,1.0,model2_india_crime_type,SingleClassBaseline,2026-05-02T22:49:00.728525
TAMIL NADU,THIRUVALLUR,2012,2013,other_ipc_crimes,1.0,model2_india_crime_type,SingleClassBaseline,2026-05-02T22:49:00.728525
RAJASTHAN,JAIPUR RURAL,2008,2009,other_ipc_crimes,1.0,model2_india_crime_type,SingleClassBaseline,2026-05-02T22:49:00.728525
DELHI UT,CENTRAL,2003,2004,other_ipc_crimes,1.0,model2_india_crime_type,SingleClassBaseline,2026-05-02T22:49:00.728525
MAHARASHTRA,RAIGAD,2009,2010,other_ipc_crimes,1.0,model2_india_crime_type,SingleClassBaseline,2026-05-02T22:49:00.728525
ARUNACHAL PRADESH,KAMENG WEST,2001,2002,other_ipc_crimes,1.0,model2_india_crime_type,SingleClassBaseline,2026-05-02T22:49:00.728525
ANDHRA PRADESH,MEDAK,2002,2003,other_ipc_crimes,1.0,model2_india_crime_type,SingleClassBaseline,2026-05-02T22:49:00.728525
KERALA,RAILWAYS,2003,2004,other_ipc_crimes,1.0,model2_india_crime_type,SingleClassBaseline,2026-05-02T22:49:00.728525
NAGALAND,MOKOKCHUNG,2011,2012,other_ipc_crimes,1.0,model2_india_crime_type,SingleClassBaseline,2026-05-02T22:49:00.728525
ANDHRA PRADESH,NIZAMABAD,2006,2007,other_ipc_crimes,1.0,model2_india_crime_type,SingleClassBaseline,2026-05-02T22:49:00.728525
PUNJAB,AMRITSAR,2004,2005,other_ipc_crimes,1.0,model2_india_crime_type,SingleClassBaseline,2026-05-02T22:49:00.728525
DAMAN AND DIU,DIU,2007,2008,other_ipc_crimes,1.0,model2_india_crime_type,SingleClassBaseline,2026-05-02T22:49:00.728525
ASSAM,GOLAGHAT,2001,2002,other_ipc_crimes,1.0,model2_india_crime_type,SingleClassBaseline,2026-05-02T22:49:00.728525
BIHAR,DARBHANGA,2004,2005,other_ipc_crimes,1.0,model2_india_crime_type,SingleClassBaseline,2026-05-02T22:49:00.728525
MAHARASHTRA,PUNE COMMR.,2005,2006,other_ipc_crimes,1.0,model2_india_crime_type,SingleClassBaseline,2026-05-02T22:49:00.728525
TAMIL NADU,THIRUVARUR,2002,2003,other_ipc_crimes,1.0,model2_india_crime_type,SingleClassBaseline,2026-05-02T22:49:00.728525
RAJASTHAN,KOTA,2002,2003,other_ipc_crimes,1.0,model2_india_crime_type,SingleClassBaseline,2026-05-02T22:49:00.728525
JHARKHAND,GODDA,2008,2009,other_ipc_crimes,1.0,model2_india_crime_type,SingleClassBaseline,2026-05-02T22:49:00.728525
JHARKHAND,DEOGHAR,2012,2013,other_ipc_crimes,1.0,model2_india_crime_type,SingleClassBaseline,2026-05-02T22:49:00.728525
MADHYA PRADESH,REWA,2011,2012,other_ipc_crimes,1.0,model2_india_crime_type,SingleClassBaseline,2026-05-02T22:49:00.728525
TAMIL NADU,THENI,2003,2004,other_ipc_crimes,1.0,model2_india_crime_type,SingleClassBaseline,2026-05-02T22:49:00.728525
ASSAM,LAKHIMPUR,2012,2013,other_ipc_crimes,1.0,model2_india_crime_type,SingleClassBaseline,2026-05-02T22:49:00.728525
CHHATTISGARH,DANTEWARA,2003,2004,other_ipc_crimes,1.0,model2_india_crime_type,SingleClassBaseline,2026-05-02T22:49:00.728525
SIKKIM,SOUTH,2006,2007,other_ipc_crimes,1.0,model2_india_crime_type,SingleClassBaseline,2026-05-02T22:49:00.728525
PUNJAB,FARIDKOT,2011,2012,other_ipc_crimes,1.0,model2_india_crime_type,SingleClassBaseline,2026-05-02T22:49:00.728525
TAMIL NADU,VILLUPURAM,2006,2007,other_ipc_crimes,1.0,model2_india_crime_type,SingleClassBaseline,2026-05-02T22:49:00.728525
MADHYA PRADESH,DHAR,2006,2007,other_ipc_crimes,1.0,model2_india_crime_type,SingleClassBaseline,2026-05-02T22:49:00.728525
BIHAR,KATIHAR RLY.,2007,2008,other_ipc_crimes,1.0,model2_india_crime_type,SingleClassBaseline,2026-05-02T22:49:00.728525
PUNJAB,HOSHIARPUR,2012,2013,other_ipc_crimes,1.0,model2_india_crime_type,SingleClassBaseline,2026-05-02T22:49:00.728525
PUNJAB,KAPURTHALA,2001,2002,other_ipc_crimes,1.0,model2_india_crime_type,SingleClassBaseline,2026-05-02T22:49:00.728525
KARNATAKA,RAICHUR,2009,2010,other_ipc_crimes,1.0,model2_india_crime_type,SingleClassBaseline,2026-05-02T22:49:00.728525
HARYANA,AMBALA,2004,2005,other_ipc_crimes,1.0,model2_india_crime_type,SingleClassBaseline,2026-05-02T22:49:00.728525
ANDHRA PRADESH,CUDDAPAH,2005,2006,other_ipc_crimes,1.0,model2_india_crime_type,SingleClassBaseline,2026-05-02T22:49:00.728525
TAMIL NADU,CHENNAI,2003,2004,other_ipc_crimes,1.0,model2_india_crime_type,SingleClassBaseline,2026-05-02T22:49:00.728525
DELHI UT,NEW DELHI,2011,2012,other_ipc_crimes,1.0,model2_india_crime_type,SingleClassBaseline,2026-05-02T22:49:00.728525
JAMMU AND KASHMIR,RAILWAYS KASHMIR,2012,2013,other_ipc_crimes,1.0,model2_india_crime_type,SingleClassBaseline,2026-05-02T22:49:00.728525
HARYANA,BHIWANI,2003,2004,other_ipc_crimes,1.0,model2_india_crime_type,SingleClassBaseline,2026-05-02T22:49:00.728525
MAHARASHTRA,SANGLI,2009,2010,other_ipc_crimes,1.0,model2_india_crime_type,SingleClassBaseline,2026-05-02T22:49:00.728525
ODISHA,KALAHANDI,2010,2011,other_ipc_crimes,1.0,model2_india_crime_type,SingleClassBaseline,2026-05-02T22:49:00.728525
WEST BENGAL,DARJEELING,2002,2003,other_ipc_crimes,1.0,model2_india_crime_type,SingleClassBaseline,2026-05-02T22:49:00.728525
ANDHRA PRADESH,GUNTAKAL RLY.,2009,2010,other_ipc_crimes,1.0,model2_india_crime_type,SingleClassBaseline,2026-05-02T22:49:00.728525
UTTAR PRADESH,LALITPUR,2011,2012,other_ipc_crimes,1.0,model2_india_crime_type,SingleClassBaseline,2026-05-02T22:49:00.728525
BIHAR,BANKA,2007,2008,other_ipc_crimes,1.0,model2_india_crime_type,SingleClassBaseline,2026-05-02T22:49:00.728525
ANDHRA PRADESH,VISAKHAPATNAM,2003,2004,other_ipc_crimes,1.0,model2_india_crime_type,SingleClassBaseline,2026-05-02T22:49:00.728525
MAHARASHTRA,PUNE RURAL,2001,2002,other_ipc_crimes,1.0,model2_india_crime_type,SingleClassBaseline,2026-05-02T22:49:00.728525
CHHATTISGARH,NARAYANPUR,2003,2004,other_ipc_crimes,1.0,model2_india_crime_type,SingleClassBaseline,2026-05-02T22:49:00.728525
ASSAM,SONITPUR,2004,2005,other_ipc_crimes,1.0,model2_india_crime_type,SingleClassBaseline,2026-05-02T22:49:00.728525
MEGHALAYA,JAINTIA HILLS,2002,2003,other_ipc_crimes,1.0,model2_india_crime_type,SingleClassBaseline,2026-05-02T22:49:00.728525
KERALA,TRIVANDRUM COMMR.,2007,2008,other_ipc_crimes,1.0,model2_india_crime_type,SingleClassBaseline,2026-05-02T22:49:00.728525
ANDHRA PRADESH,KRISHNA,2006,2007,other_ipc_crimes,1.0,model2_india_crime_type,SingleClassBaseline,2026-05-02T22:49:00.728525
RAJASTHAN,G.R.P.,2002,2003,other_ipc_crimes,1.0,model2_india_crime_type,SingleClassBaseline,2026-05-02T22:49:00.728525
UTTAR PRADESH,MAINPURI,2008,2009,other_ipc_crimes,1.0,model2_india_crime_type,SingleClassBaseline,2026-05-02T22:49:00.728525
GUJARAT,W.RLY,2006,2007,other_ipc_crimes,1.0,model2_india_crime_type,SingleClassBaseline,2026-05-02T22:49:00.728525
KERALA,RAILWAYS,2006,2007,other_ipc_crimes,1.0,model2_india_crime_type,SingleClassBaseline,2026-05-02T22:49:00.728525
UTTAR PRADESH,AZAMGARH,2002,2003,other_ipc_crimes,1.0,model2_india_crime_type,SingleClassBaseline,2026-05-02T22:49:00.728525
ASSAM,CACHAR,2011,2012,other_ipc_crimes,1.0,model2_india_crime_type,SingleClassBaseline,2026-05-02T22:49:00.728525
MADHYA PRADESH,BHOPAL RLY.,2011,2012,other_ipc_crimes,1.0,model2_india_crime_type,SingleClassBaseline,2026-05-02T22:49:00.728525
GUJARAT,SURENDRANAGAR,2004,2005,other_ipc_crimes,1.0,model2_india_crime_type,SingleClassBaseline,2026-05-02T22:49:00.728525
KARNATAKA,KODAGU,2002,2003,other_ipc_crimes,1.0,model2_india_crime_type,SingleClassBaseline,2026-05-02T22:49:00.728525
UTTAR PRADESH,MEERUT,2010,2011,other_ipc_crimes,1.0,model2_india_crime_type,SingleClassBaseline,2026-05-02T22:49:00.728525
BIHAR,MADHUBANI,2007,2008,other_ipc_crimes,1.0,model2_india_crime_type,SingleClassBaseline,2026-05-02T22:49:00.728525
ODISHA,JAGATSINGHPUR,2008,2009,other_ipc_crimes,1.0,model2_india_crime_type,SingleClassBaseline,2026-05-02T22:49:00.728525
RAJASTHAN,KARAULI,2010,2011,other_ipc_crimes,1.0,model2_india_crime_type,SingleClassBaseline,2026-05-02T22:49:00.728525
MADHYA PRADESH,DINDORI,2005,2006,other_ipc_crimes,1.0,model2_india_crime_type,SingleClassBaseline,2026-05-02T22:49:00.728525
ARUNACHAL PRADESH,LOHIT,2011,2012,other_ipc_crimes,1.0,model2_india_crime_type,SingleClassBaseline,2026-05-02T22:49:00.728525
HARYANA,KAITHAL,2004,2005,other_ipc_crimes,1.0,model2_india_crime_type,SingleClassBaseline,2026-05-02T22:49:00.728525
NAGALAND,PHEK,2002,2003,other_ipc_crimes,1.0,model2_india_crime_type,SingleClassBaseline,2026-05-02T22:49:00.728525
HARYANA,FATEHABAD,2010,2011,other_ipc_crimes,1.0,model2_india_crime_type,SingleClassBaseline,2026-05-02T22:49:00.728525
ASSAM,C.I.D.,2004,2005,other_ipc_crimes,1.0,model2_india_crime_type,SingleClassBaseline,2026-05-02T22:49:00.728525
MADHYA PRADESH,BHIND,2011,2012,other_ipc_crimes,1.0,model2_india_crime_type,SingleClassBaseline,2026-05-02T22:49:00.728525
MEGHALAYA,KHASI HILLS WEST,2003,2004,other_ipc_crimes,1.0,model2_india_crime_type,SingleClassBaseline,2026-05-02T22:49:00.728525
MEGHALAYA,JAINTIA HILLS,2006,2007,other_ipc_crimes,1.0,model2_india_crime_type,SingleClassBaseline,2026-05-02T22:49:00.728525
CHHATTISGARH,SURAJPUR,2005,2006,other_ipc_crimes,1.0,model2_india_crime_type,SingleClassBaseline,2026-05-02T22:49:00.728525
UTTARAKHAND,CHAMOLI,2007,2008,other_ipc_crimes,1.0,model2_india_crime_type,SingleClassBaseline,2026-05-02T22:49:00.728525
HIMACHAL PRADESH,HAMIRPUR,2003,2004,other_ipc_crimes,1.0,model2_india_crime_type,SingleClassBaseline,2026-05-02T22:49:00.728525
WEST BENGAL,MALDA,2009,2010,other_ipc_crimes,1.0,model2_india_crime_type,SingleClassBaseline,2026-05-02T22:49:00.728525
UTTAR PRADESH,BAREILLY,2011,2012,other_ipc_crimes,1.0,model2_india_crime_type,SingleClassBaseline,2026-05-02T22:49:00.728525
ASSAM,NALBARI,2010,2011,other_ipc_crimes,1.0,model2_india_crime_type,SingleClassBaseline,2026-05-02T22:49:00.728525
DELHI UT,OUTER,2012,2013,other_ipc_crimes,1.0,model2_india_crime_type,SingleClassBaseline,2026-05-02T22:49:00.728525
WEST BENGAL,JALPAIGURI,2011,2012,other_ipc_crimes,1.0,model2_india_crime_type,SingleClassBaseline,2026-05-02T22:49:00.728525
ASSAM,DARRANG,2004,2005,other_ipc_crimes,1.0,model2_india_crime_type,SingleClassBaseline,2026-05-02T22:49:00.728525
UTTAR PRADESH,MIRZAPUR,2009,2010,other_ipc_crimes,1.0,model2_india_crime_type,SingleClassBaseline,2026-05-02T22:49:00.728525
RAJASTHAN,KOTA RURAL,2012,2013,other_ipc_crimes,1.0,model2_india_crime_type,SingleClassBaseline,2026-05-02T22:49:00.728525
WEST BENGAL,BANKURA,2005,2006,other_ipc_crimes,1.0,model2_india_crime_type,SingleClassBaseline,2026-05-02T22:49:00.728525
ODISHA,MAYURBHANJ,2007,2008,other_ipc_crimes,1.0,model2_india_crime_type,SingleClassBaseline,2026-05-02T22:49:00.728525
MADHYA PRADESH,SAGAR,2005,2006,other_ipc_crimes,1.0,model2_india_crime_type,SingleClassBaseline,2026-05-02T22:49:00.728525
WEST BENGAL,BIRBHUM,2008,2009,other_ipc_crimes,1.0,model2_india_crime_type,SingleClassBaseline,2026-05-02T22:49:00.728525
ASSAM,KARBI ANGLONG,2003,2004,other_ipc_crimes,1.0,model2_india_crime_type,SingleClassBaseline,2026-05-02T22:49:00.728525
PUNJAB,G.R.P,2008,2009,other_ipc_crimes,1.0,model2_india_crime_type,SingleClassBaseline,2026-05-02T22:49:00.728525
ODISHA,SONEPUR,2008,2009,other_ipc_crimes,1.0,model2_india_crime_type,SingleClassBaseline,2026-05-02T22:49:00.728525
MAHARASHTRA,NAGPUR RURAL,2010,2011,other_ipc_crimes,1.0,model2_india_crime_type,SingleClassBaseline,2026-05-02T22:49:00.728525
RAJASTHAN,NAGAUR,2012,2013,other_ipc_crimes,1.0,model2_india_crime_type,SingleClassBaseline,2026-05-02T22:49:00.728525
JHARKHAND,JAMSHEDPUR RLY.,2004,2005,other_ipc_crimes,1.0,model2_india_crime_type,SingleClassBaseline,2026-05-02T22:49:00.728525
WEST BENGAL,DAKSHIN DINAJPUR,2004,2005,other_ipc_crimes,1.0,model2_india_crime_type,SingleClassBaseline,2026-05-02T22:49:00.728525
PUNJAB,MOGA,2003,2004,other_ipc_crimes,1.0,model2_india_crime_type,SingleClassBaseline,2026-05-02T22:49:00.728525
MADHYA PRADESH,BURHANPUR,2005,2006,other_ipc_crimes,1.0,model2_india_crime_type,SingleClassBaseline,2026-05-02T22:49:00.728525
GUJARAT,VALSAD,2001,2002,other_ipc_crimes,1.0,model2_india_crime_type,SingleClassBaseline,2026-05-02T22:49:00.728525
NAGALAND,LONGLENG,2011,2012,other_ipc_crimes,1.0,model2_india_crime_type,SingleClassBaseline,2026-05-02T22:49:00.728525
TRIPURA,WEST,2005,2006,other_ipc_crimes,1.0,model2_india_crime_type,SingleClassBaseline,2026-05-02T22:49:00.728525
JHARKHAND,RAMGARH,2009,2010,other_ipc_crimes,1.0,model2_india_crime_type,SingleClassBaseline,2026-05-02T22:49:00.728525
MAHARASHTRA,PUNE RURAL,2010,2011,other_ipc_crimes,1.0,model2_india_crime_type,SingleClassBaseline,2026-05-02T22:49:00.728525
PUNJAB,PATIALA,2012,2013,other_ipc_crimes,1.0,model2_india_crime_type,SingleClassBaseline,2026-05-02T22:49:00.728525
RAJASTHAN,BHILWARA,2002,2003,other_ipc_crimes,1.0,model2_india_crime_type,SingleClassBaseline,2026-05-02T22:49:00.728525
