state,district,year,risk_score,main_crime_driver,prediction_year,predicted_risk_score,predicted_risk_level,confidence_score,recommendation,model_name,algorithm,created_at
ANDHRA PRADESH,ADILABAD,2012,14.03,total_ipc_crimes,2013,14.52,green,0.9528,Regular monitoring required. Risk score: 14.5. Main driver: total_ipc_crimes,model1_india_ipc,RandomForestRegressor,2026-05-02T19:45:44.761456
ANDHRA PRADESH,ANANTAPUR,2012,13.93,total_ipc_crimes,2013,14.59,green,0.9528,Regular monitoring required. Risk score: 14.6. Main driver: total_ipc_crimes,model1_india_ipc,RandomForestRegressor,2026-05-02T19:45:44.761456
ANDHRA PRADESH,CHITTOOR,2012,10.63,total_ipc_crimes,2013,12.94,green,0.9528,Regular monitoring required. Risk score: 12.9. Main driver: total_ipc_crimes,model1_india_ipc,RandomForestRegressor,2026-05-02T19:45:44.761456
ANDHRA PRADESH,CUDDAPAH,2012,14.9,total_ipc_crimes,2013,15.79,green,0.9528,Regular monitoring required. Risk score: 15.8. Main driver: total_ipc_crimes,model1_india_ipc,RandomForestRegressor,2026-05-02T19:45:44.761456
ANDHRA PRADESH,CYBERABAD,2012,49.36,total_ipc_crimes,2013,50.21,yellow,0.9528,Medium priority surveillance required. Risk score: 50.2. Main driver: total_ipc_crimes,model1_india_ipc,RandomForestRegressor,2026-05-02T19:45:44.761456
ANDHRA PRADESH,EAST GODAVARI,2012,17.75,total_ipc_crimes,2013,17.7,green,0.9528,Regular monitoring required. Risk score: 17.7. Main driver: total_ipc_crimes,model1_india_ipc,RandomForestRegressor,2026-05-02T19:45:44.761456
ANDHRA PRADESH,GUNTAKAL RLY.,2012,1.29,total_ipc_crimes,2013,1.41,green,0.9528,Regular monitoring required. Risk score: 1.4. Main driver: total_ipc_crimes,model1_india_ipc,RandomForestRegressor,2026-05-02T19:45:44.761456
ANDHRA PRADESH,GUNTUR,2012,17.32,total_ipc_crimes,2013,17.15,green,0.9528,Regular monitoring required. Risk score: 17.1. Main driver: total_ipc_crimes,model1_india_ipc,RandomForestRegressor,2026-05-02T19:45:44.761456
ANDHRA PRADESH,GUNTUR URBAN,2012,12.32,total_ipc_crimes,2013,12.95,green,0.9528,Regular monitoring required. Risk score: 12.9. Main driver: total_ipc_crimes,model1_india_ipc,RandomForestRegressor,2026-05-02T19:45:44.761456
ANDHRA PRADESH,HYDERABAD CITY,2012,43.05,total_ipc_crimes,2013,47.26,yellow,0.9528,Medium priority surveillance required. Risk score: 47.3. Main driver: total_ipc_crimes,model1_india_ipc,RandomForestRegressor,2026-05-02T19:45:44.761456
ANDHRA PRADESH,KARIMNAGAR,2012,21.9,total_ipc_crimes,2013,21.83,green,0.9528,Regular monitoring required. Risk score: 21.8. Main driver: total_ipc_crimes,model1_india_ipc,RandomForestRegressor,2026-05-02T19:45:44.761456
ANDHRA PRADESH,KHAMMAM,2012,15.19,total_ipc_crimes,2013,15.61,green,0.9528,Regular monitoring required. Risk score: 15.6. Main driver: total_ipc_crimes,model1_india_ipc,RandomForestRegressor,2026-05-02T19:45:44.761456
ANDHRA PRADESH,KRISHNA,2012,18.06,total_ipc_crimes,2013,17.66,green,0.9528,Regular monitoring required. Risk score: 17.7. Main driver: total_ipc_crimes,model1_india_ipc,RandomForestRegressor,2026-05-02T19:45:44.761456
ANDHRA PRADESH,KURNOOL,2012,16.17,total_ipc_crimes,2013,16.02,green,0.9528,Regular monitoring required. Risk score: 16.0. Main driver: total_ipc_crimes,model1_india_ipc,RandomForestRegressor,2026-05-02T19:45:44.761456
ANDHRA PRADESH,MAHABOOBNAGAR,2012,16.92,total_ipc_crimes,2013,16.75,green,0.9528,Regular monitoring required. Risk score: 16.8. Main driver: total_ipc_crimes,model1_india_ipc,RandomForestRegressor,2026-05-02T19:45:44.761456
ANDHRA PRADESH,MEDAK,2012,15.33,total_ipc_crimes,2013,15.07,green,0.9528,Regular monitoring required. Risk score: 15.1. Main driver: total_ipc_crimes,model1_india_ipc,RandomForestRegressor,2026-05-02T19:45:44.761456
ANDHRA PRADESH,NALGONDA,2012,21.45,total_ipc_crimes,2013,20.22,green,0.9528,Regular monitoring required. Risk score: 20.2. Main driver: total_ipc_crimes,model1_india_ipc,RandomForestRegressor,2026-05-02T19:45:44.761456
ANDHRA PRADESH,NELLORE,2012,17.34,total_ipc_crimes,2013,17.38,green,0.9528,Regular monitoring required. Risk score: 17.4. Main driver: total_ipc_crimes,model1_india_ipc,RandomForestRegressor,2026-05-02T19:45:44.761456
ANDHRA PRADESH,NIZAMABAD,2012,13.7,total_ipc_crimes,2013,14.0,green,0.9528,Regular monitoring required. Risk score: 14.0. Main driver: total_ipc_crimes,model1_india_ipc,RandomForestRegressor,2026-05-02T19:45:44.761456
ANDHRA PRADESH,PRAKASHAM,2012,16.69,total_ipc_crimes,2013,16.48,green,0.9528,Regular monitoring required. Risk score: 16.5. Main driver: total_ipc_crimes,model1_india_ipc,RandomForestRegressor,2026-05-02T19:45:44.761456
ANDHRA PRADESH,RAJAHMUNDRY,2012,5.67,total_ipc_crimes,2013,5.91,green,0.9528,Regular monitoring required. Risk score: 5.9. Main driver: total_ipc_crimes,model1_india_ipc,RandomForestRegressor,2026-05-02T19:45:44.761456
ANDHRA PRADESH,RANGA REDDY,2012,5.3,total_ipc_crimes,2013,5.44,green,0.9528,Regular monitoring required. Risk score: 5.4. Main driver: total_ipc_crimes,model1_india_ipc,RandomForestRegressor,2026-05-02T19:45:44.761456
ANDHRA PRADESH,SECUNDERABAD RLY.,2012,3.57,total_ipc_crimes,2013,3.24,green,0.9528,Regular monitoring required. Risk score: 3.2. Main driver: total_ipc_crimes,model1_india_ipc,RandomForestRegressor,2026-05-02T19:45:44.761456
ANDHRA PRADESH,SRIKAKULAM,2012,8.92,total_ipc_crimes,2013,8.97,green,0.9528,Regular monitoring required. Risk score: 9.0. Main driver: total_ipc_crimes,model1_india_ipc,RandomForestRegressor,2026-05-02T19:45:44.761456
ANDHRA PRADESH,TIRUPATHI URBAN,2012,7.19,total_ipc_crimes,2013,7.99,green,0.9528,Regular monitoring required. Risk score: 8.0. Main driver: total_ipc_crimes,model1_india_ipc,RandomForestRegressor,2026-05-02T19:45:44.761456
ANDHRA PRADESH,VIJAYAWADA CITY,2012,20.36,total_ipc_crimes,2013,20.74,green,0.9528,Regular monitoring required. Risk score: 20.7. Main driver: total_ipc_crimes,model1_india_ipc,RandomForestRegressor,2026-05-02T19:45:44.761456
ANDHRA PRADESH,VIJAYAWADA RLY.,2012,2.78,total_ipc_crimes,2013,2.52,green,0.9528,Regular monitoring required. Risk score: 2.5. Main driver: total_ipc_crimes,model1_india_ipc,RandomForestRegressor,2026-05-02T19:45:44.761456
ANDHRA PRADESH,VISAKHA RURAL,2012,6.9,total_ipc_crimes,2013,7.83,green,0.9528,Regular monitoring required. Risk score: 7.8. Main driver: total_ipc_crimes,model1_india_ipc,RandomForestRegressor,2026-05-02T19:45:44.761456
ANDHRA PRADESH,VISAKHAPATNAM,2012,13.02,total_ipc_crimes,2013,13.56,green,0.9528,Regular monitoring required. Risk score: 13.6. Main driver: total_ipc_crimes,model1_india_ipc,RandomForestRegressor,2026-05-02T19:45:44.761456
ANDHRA PRADESH,VIZIANAGARAM,2012,10.15,total_ipc_crimes,2013,9.67,green,0.9528,Regular monitoring required. Risk score: 9.7. Main driver: total_ipc_crimes,model1_india_ipc,RandomForestRegressor,2026-05-02T19:45:44.761456
ANDHRA PRADESH,WARANGAL,2012,11.22,total_ipc_crimes,2013,12.12,green,0.9528,Regular monitoring required. Risk score: 12.1. Main driver: total_ipc_crimes,model1_india_ipc,RandomForestRegressor,2026-05-02T19:45:44.761456
ANDHRA PRADESH,WARANGAL URBAN,2012,8.91,total_ipc_crimes,2013,9.1,green,0.9528,Regular monitoring required. Risk score: 9.1. Main driver: total_ipc_crimes,model1_india_ipc,RandomForestRegressor,2026-05-02T19:45:44.761456
ANDHRA PRADESH,WEST GODAVARI,2012,20.64,total_ipc_crimes,2013,20.88,green,0.9528,Regular monitoring required. Risk score: 20.9. Main driver: total_ipc_crimes,model1_india_ipc,RandomForestRegressor,2026-05-02T19:45:44.761456
ARUNACHAL PRADESH,ANJAW,2012,0.03,total_ipc_crimes,2013,0.03,green,0.9528,Regular monitoring required. Risk score: 0.0. Main driver: total_ipc_crimes,model1_india_ipc,RandomForestRegressor,2026-05-02T19:45:44.761456
ARUNACHAL PRADESH,CHANGLANG,2012,0.56,total_ipc_crimes,2013,0.57,green,0.9528,Regular monitoring required. Risk score: 0.6. Main driver: total_ipc_crimes,model1_india_ipc,RandomForestRegressor,2026-05-02T19:45:44.761456
ARUNACHAL PRADESH,DIBANG VALLEY,2012,0.22,total_ipc_crimes,2013,0.26,green,0.9528,Regular monitoring required. Risk score: 0.3. Main driver: total_ipc_crimes,model1_india_ipc,RandomForestRegressor,2026-05-02T19:45:44.761456
ARUNACHAL PRADESH,K/KUMEY,2012,0.08,total_ipc_crimes,2013,0.09,green,0.9528,Regular monitoring required. Risk score: 0.1. Main driver: total_ipc_crimes,model1_india_ipc,RandomForestRegressor,2026-05-02T19:45:44.761456
ARUNACHAL PRADESH,KAMENG EAST,2012,0.35,total_ipc_crimes,2013,0.36,green,0.9528,Regular monitoring required. Risk score: 0.4. Main driver: total_ipc_crimes,model1_india_ipc,RandomForestRegressor,2026-05-02T19:45:44.761456
ARUNACHAL PRADESH,KAMENG WEST,2012,0.29,total_ipc_crimes,2013,0.31,green,0.9528,Regular monitoring required. Risk score: 0.3. Main driver: total_ipc_crimes,model1_india_ipc,RandomForestRegressor,2026-05-02T19:45:44.761456
ARUNACHAL PRADESH,LOHIT,2012,0.59,total_ipc_crimes,2013,0.56,green,0.9528,Regular monitoring required. Risk score: 0.6. Main driver: total_ipc_crimes,model1_india_ipc,RandomForestRegressor,2026-05-02T19:45:44.761456
ARUNACHAL PRADESH,PAPUM PARE,2012,1.3,total_ipc_crimes,2013,1.38,green,0.9528,Regular monitoring required. Risk score: 1.4. Main driver: total_ipc_crimes,model1_india_ipc,RandomForestRegressor,2026-05-02T19:45:44.761456
ARUNACHAL PRADESH,RURAL,2012,0.29,total_ipc_crimes,2013,0.29,green,0.9528,Regular monitoring required. Risk score: 0.3. Main driver: total_ipc_crimes,model1_india_ipc,RandomForestRegressor,2026-05-02T19:45:44.761456
ARUNACHAL PRADESH,SIANG EAST,2012,0.48,total_ipc_crimes,2013,0.57,green,0.9528,Regular monitoring required. Risk score: 0.6. Main driver: total_ipc_crimes,model1_india_ipc,RandomForestRegressor,2026-05-02T19:45:44.761456
ARUNACHAL PRADESH,SIANG UPPER,2012,0.15,total_ipc_crimes,2013,0.15,green,0.9528,Regular monitoring required. Risk score: 0.1. Main driver: total_ipc_crimes,model1_india_ipc,RandomForestRegressor,2026-05-02T19:45:44.761456
ARUNACHAL PRADESH,SIANG WEST,2012,0.56,total_ipc_crimes,2013,0.54,green,0.9528,Regular monitoring required. Risk score: 0.5. Main driver: total_ipc_crimes,model1_india_ipc,RandomForestRegressor,2026-05-02T19:45:44.761456
ARUNACHAL PRADESH,SUBANSIRI LOWER,2012,0.32,total_ipc_crimes,2013,0.36,green,0.9528,Regular monitoring required. Risk score: 0.4. Main driver: total_ipc_crimes,model1_india_ipc,RandomForestRegressor,2026-05-02T19:45:44.761456
ARUNACHAL PRADESH,SUBANSIRI UPPER,2012,0.42,total_ipc_crimes,2013,0.37,green,0.9528,Regular monitoring required. Risk score: 0.4. Main driver: total_ipc_crimes,model1_india_ipc,RandomForestRegressor,2026-05-02T19:45:44.761456
ARUNACHAL PRADESH,TAWANG,2012,0.13,total_ipc_crimes,2013,0.13,green,0.9528,Regular monitoring required. Risk score: 0.1. Main driver: total_ipc_crimes,model1_india_ipc,RandomForestRegressor,2026-05-02T19:45:44.761456
ARUNACHAL PRADESH,TIRAP,2012,0.45,total_ipc_crimes,2013,0.42,green,0.9528,Regular monitoring required. Risk score: 0.4. Main driver: total_ipc_crimes,model1_india_ipc,RandomForestRegressor,2026-05-02T19:45:44.761456
ARUNACHAL PRADESH,UPPER DIBANG VALLEY,2012,0.03,total_ipc_crimes,2013,0.03,green,0.9528,Regular monitoring required. Risk score: 0.0. Main driver: total_ipc_crimes,model1_india_ipc,RandomForestRegressor,2026-05-02T19:45:44.761456
ASSAM,BAKSA,2012,1.72,total_ipc_crimes,2013,1.75,green,0.9528,Regular monitoring required. Risk score: 1.8. Main driver: total_ipc_crimes,model1_india_ipc,RandomForestRegressor,2026-05-02T19:45:44.761456
ASSAM,BARPETA,2012,9.8,total_ipc_crimes,2013,9.69,green,0.9528,Regular monitoring required. Risk score: 9.7. Main driver: total_ipc_crimes,model1_india_ipc,RandomForestRegressor,2026-05-02T19:45:44.761456
ASSAM,BIEO,2012,0.04,criminal_breach_of_trust,2013,0.04,green,0.9528,Regular monitoring required. Risk score: 0.0. Main driver: criminal_breach_of_trust,model1_india_ipc,RandomForestRegressor,2026-05-02T19:45:44.761456
ASSAM,BONGAIGAON,2012,3.31,total_ipc_crimes,2013,4.17,green,0.9528,Regular monitoring required. Risk score: 4.2. Main driver: total_ipc_crimes,model1_india_ipc,RandomForestRegressor,2026-05-02T19:45:44.761456
ASSAM,C.I.D.,2012,0.12,total_ipc_crimes,2013,0.14,green,0.9528,Regular monitoring required. Risk score: 0.1. Main driver: total_ipc_crimes,model1_india_ipc,RandomForestRegressor,2026-05-02T19:45:44.761456
ASSAM,CACHAR,2012,10.5,total_ipc_crimes,2013,11.58,green,0.9528,Regular monitoring required. Risk score: 11.6. Main driver: total_ipc_crimes,model1_india_ipc,RandomForestRegressor,2026-05-02T19:45:44.761456
ASSAM,CHIRANG,2012,1.68,total_ipc_crimes,2013,1.74,green,0.9528,Regular monitoring required. Risk score: 1.7. Main driver: total_ipc_crimes,model1_india_ipc,RandomForestRegressor,2026-05-02T19:45:44.761456
ASSAM,DARRANG,2012,6.31,total_ipc_crimes,2013,7.57,green,0.9528,Regular monitoring required. Risk score: 7.6. Main driver: total_ipc_crimes,model1_india_ipc,RandomForestRegressor,2026-05-02T19:45:44.761456
ASSAM,DHEMAJI,2012,2.65,total_ipc_crimes,2013,2.98,green,0.9528,Regular monitoring required. Risk score: 3.0. Main driver: total_ipc_crimes,model1_india_ipc,RandomForestRegressor,2026-05-02T19:45:44.761456
ASSAM,DHUBRI,2012,11.29,total_ipc_crimes,2013,12.67,green,0.9528,Regular monitoring required. Risk score: 12.7. Main driver: total_ipc_crimes,model1_india_ipc,RandomForestRegressor,2026-05-02T19:45:44.761456
ASSAM,DIBRUGARH,2012,7.52,total_ipc_crimes,2013,8.06,green,0.9528,Regular monitoring required. Risk score: 8.1. Main driver: total_ipc_crimes,model1_india_ipc,RandomForestRegressor,2026-05-02T19:45:44.761456
ASSAM,G.R.P.,2012,1.39,total_ipc_crimes,2013,1.44,green,0.9528,Regular monitoring required. Risk score: 1.4. Main driver: total_ipc_crimes,model1_india_ipc,RandomForestRegressor,2026-05-02T19:45:44.761456
ASSAM,GOALPARA,2012,5.94,total_ipc_crimes,2013,6.21,green,0.9528,Regular monitoring required. Risk score: 6.2. Main driver: total_ipc_crimes,model1_india_ipc,RandomForestRegressor,2026-05-02T19:45:44.761456
ASSAM,GOLAGHAT,2012,5.83,total_ipc_crimes,2013,6.09,green,0.9528,Regular monitoring required. Risk score: 6.1. Main driver: total_ipc_crimes,model1_india_ipc,RandomForestRegressor,2026-05-02T19:45:44.761456
ASSAM,GUWAHATI CITY,2012,22.21,total_ipc_crimes,2013,21.78,green,0.9528,Regular monitoring required. Risk score: 21.8. Main driver: total_ipc_crimes,model1_india_ipc,RandomForestRegressor,2026-05-02T19:45:44.761456
ASSAM,HAILAKANDI,2012,3.27,total_ipc_crimes,2013,3.62,green,0.9528,Regular monitoring required. Risk score: 3.6. Main driver: total_ipc_crimes,model1_india_ipc,RandomForestRegressor,2026-05-02T19:45:44.761456
ASSAM,HAMREN,2012,0.44,total_ipc_crimes,2013,0.47,green,0.9528,Regular monitoring required. Risk score: 0.5. Main driver: total_ipc_crimes,model1_india_ipc,RandomForestRegressor,2026-05-02T19:45:44.761456
ASSAM,JORHAT,2012,6.57,total_ipc_crimes,2013,6.61,green,0.9528,Regular monitoring required. Risk score: 6.6. Main driver: total_ipc_crimes,model1_india_ipc,RandomForestRegressor,2026-05-02T19:45:44.761456
ASSAM,KAMRUP,2012,8.92,total_ipc_crimes,2013,8.94,green,0.9528,Regular monitoring required. Risk score: 8.9. Main driver: total_ipc_crimes,model1_india_ipc,RandomForestRegressor,2026-05-02T19:45:44.761456
ASSAM,KARBI ANGLONG,2012,2.16,total_ipc_crimes,2013,2.33,green,0.9528,Regular monitoring required. Risk score: 2.3. Main driver: total_ipc_crimes,model1_india_ipc,RandomForestRegressor,2026-05-02T19:45:44.761456
ASSAM,KARIMGANJ,2012,4.58,total_ipc_crimes,2013,4.81,green,0.9528,Regular monitoring required. Risk score: 4.8. Main driver: total_ipc_crimes,model1_india_ipc,RandomForestRegressor,2026-05-02T19:45:44.761456
ASSAM,KOKRAJHAR,2012,17.33,total_ipc_crimes,2013,16.32,green,0.9528,Regular monitoring required. Risk score: 16.3. Main driver: total_ipc_crimes,model1_india_ipc,RandomForestRegressor,2026-05-02T19:45:44.761456
ASSAM,LAKHIMPUR,2012,4.12,total_ipc_crimes,2013,4.69,green,0.9528,Regular monitoring required. Risk score: 4.7. Main driver: total_ipc_crimes,model1_india_ipc,RandomForestRegressor,2026-05-02T19:45:44.761456
ASSAM,MORIGAON,2012,3.83,total_ipc_crimes,2013,4.11,green,0.9528,Regular monitoring required. Risk score: 4.1. Main driver: total_ipc_crimes,model1_india_ipc,RandomForestRegressor,2026-05-02T19:45:44.761456
ASSAM,N.C.HILLS,2012,0.64,total_ipc_crimes,2013,0.64,green,0.9528,Regular monitoring required. Risk score: 0.6. Main driver: total_ipc_crimes,model1_india_ipc,RandomForestRegressor,2026-05-02T19:45:44.761456
ASSAM,NAGAON,2012,14.53,total_ipc_crimes,2013,14.88,green,0.9528,Regular monitoring required. Risk score: 14.9. Main driver: total_ipc_crimes,model1_india_ipc,RandomForestRegressor,2026-05-02T19:45:44.761456
ASSAM,NALBARI,2012,4.18,total_ipc_crimes,2013,4.51,green,0.9528,Regular monitoring required. Risk score: 4.5. Main driver: total_ipc_crimes,model1_india_ipc,RandomForestRegressor,2026-05-02T19:45:44.761456
ASSAM,R.P.O.,2012,0.15,total_ipc_crimes,2013,0.19,green,0.9528,Regular monitoring required. Risk score: 0.2. Main driver: total_ipc_crimes,model1_india_ipc,RandomForestRegressor,2026-05-02T19:45:44.761456
ASSAM,SIBSAGAR,2012,6.93,total_ipc_crimes,2013,7.16,green,0.9528,Regular monitoring required. Risk score: 7.2. Main driver: total_ipc_crimes,model1_india_ipc,RandomForestRegressor,2026-05-02T19:45:44.761456
ASSAM,SONITPUR,2012,9.28,total_ipc_crimes,2013,9.61,green,0.9528,Regular monitoring required. Risk score: 9.6. Main driver: total_ipc_crimes,model1_india_ipc,RandomForestRegressor,2026-05-02T19:45:44.761456
ASSAM,TINSUKIA,2012,6.43,total_ipc_crimes,2013,6.98,green,0.9528,Regular monitoring required. Risk score: 7.0. Main driver: total_ipc_crimes,model1_india_ipc,RandomForestRegressor,2026-05-02T19:45:44.761456
ASSAM,UDALGURI,2012,2.15,total_ipc_crimes,2013,2.36,green,0.9528,Regular monitoring required. Risk score: 2.4. Main driver: total_ipc_crimes,model1_india_ipc,RandomForestRegressor,2026-05-02T19:45:44.761456
BIHAR,ARARIA,2012,5.96,total_ipc_crimes,2013,5.84,green,0.9528,Regular monitoring required. Risk score: 5.8. Main driver: total_ipc_crimes,model1_india_ipc,RandomForestRegressor,2026-05-02T19:45:44.761456
BIHAR,ARWAL,2012,2.19,total_ipc_crimes,2013,2.6,green,0.9528,Regular monitoring required. Risk score: 2.6. Main driver: total_ipc_crimes,model1_india_ipc,RandomForestRegressor,2026-05-02T19:45:44.761456
BIHAR,AURANGABAD,2012,8.58,total_ipc_crimes,2013,8.82,green,0.9528,Regular monitoring required. Risk score: 8.8. Main driver: total_ipc_crimes,model1_india_ipc,RandomForestRegressor,2026-05-02T19:45:44.761456
BIHAR,BAGAHA,2012,3.27,total_ipc_crimes,2013,3.54,green,0.9528,Regular monitoring required. Risk score: 3.5. Main driver: total_ipc_crimes,model1_india_ipc,RandomForestRegressor,2026-05-02T19:45:44.761456
BIHAR,BANKA,2012,4.71,total_ipc_crimes,2013,4.84,green,0.9528,Regular monitoring required. Risk score: 4.8. Main driver: total_ipc_crimes,model1_india_ipc,RandomForestRegressor,2026-05-02T19:45:44.761456
BIHAR,BEGUSARAI,2012,9.75,total_ipc_crimes,2013,9.58,green,0.9528,Regular monitoring required. Risk score: 9.6. Main driver: total_ipc_crimes,model1_india_ipc,RandomForestRegressor,2026-05-02T19:45:44.761456
BIHAR,BETTIAH,2012,13.24,total_ipc_crimes,2013,13.71,green,0.9528,Regular monitoring required. Risk score: 13.7. Main driver: total_ipc_crimes,model1_india_ipc,RandomForestRegressor,2026-05-02T19:45:44.761456
BIHAR,BHABHUA,2012,4.99,total_ipc_crimes,2013,5.07,green,0.9528,Regular monitoring required. Risk score: 5.1. Main driver: total_ipc_crimes,model1_india_ipc,RandomForestRegressor,2026-05-02T19:45:44.761456
BIHAR,BHAGALPUR,2012,7.75,total_ipc_crimes,2013,8.9,green,0.9528,Regular monitoring required. Risk score: 8.9. Main driver: total_ipc_crimes,model1_india_ipc,RandomForestRegressor,2026-05-02T19:45:44.761456
BIHAR,BHOJPUR,2012,9.77,total_ipc_crimes,2013,9.75,green,0.9528,Regular monitoring required. Risk score: 9.8. Main driver: total_ipc_crimes,model1_india_ipc,RandomForestRegressor,2026-05-02T19:45:44.761456
BIHAR,BUXAR,2012,6.09,total_ipc_crimes,2013,6.05,green,0.9528,Regular monitoring required. Risk score: 6.0. Main driver: total_ipc_crimes,model1_india_ipc,RandomForestRegressor,2026-05-02T19:45:44.761456
BIHAR,DARBHANGA,2012,15.8,total_ipc_crimes,2013,15.09,green,0.9528,Regular monitoring required. Risk score: 15.1. Main driver: total_ipc_crimes,model1_india_ipc,RandomForestRegressor,2026-05-02T19:45:44.761456
BIHAR,GAYA,2012,13.06,total_ipc_crimes,2013,13.53,green,0.9528,Regular monitoring required. Risk score: 13.5. Main driver: total_ipc_crimes,model1_india_ipc,RandomForestRegressor,2026-05-02T19:45:44.761456
BIHAR,GOPALGANJ,2012,10.08,total_ipc_crimes,2013,9.98,green,0.9528,Regular monitoring required. Risk score: 10.0. Main driver: total_ipc_crimes,model1_india_ipc,RandomForestRegressor,2026-05-02T19:45:44.761456
BIHAR,JAMALPUR RLY.,2012,0.99,total_ipc_crimes,2013,0.99,green,0.9528,Regular monitoring required. Risk score: 1.0. Main driver: total_ipc_crimes,model1_india_ipc,RandomForestRegressor,2026-05-02T19:45:44.761456
BIHAR,JAMUI,2012,4.65,total_ipc_crimes,2013,4.64,green,0.9528,Regular monitoring required. Risk score: 4.6. Main driver: total_ipc_crimes,model1_india_ipc,RandomForestRegressor,2026-05-02T19:45:44.761456
BIHAR,JEHANABAD,2012,3.65,total_ipc_crimes,2013,3.76,green,0.9528,Regular monitoring required. Risk score: 3.8. Main driver: total_ipc_crimes,model1_india_ipc,RandomForestRegressor,2026-05-02T19:45:44.761456
BIHAR,KATIHAR,2012,10.27,total_ipc_crimes,2013,10.37,green,0.9528,Regular monitoring required. Risk score: 10.4. Main driver: total_ipc_crimes,model1_india_ipc,RandomForestRegressor,2026-05-02T19:45:44.761456
BIHAR,KATIHAR RLY.,2012,1.01,total_ipc_crimes,2013,1.07,green,0.9528,Regular monitoring required. Risk score: 1.1. Main driver: total_ipc_crimes,model1_india_ipc,RandomForestRegressor,2026-05-02T19:45:44.761456
BIHAR,KHAGARIA,2012,5.59,total_ipc_crimes,2013,5.83,green,0.9528,Regular monitoring required. Risk score: 5.8. Main driver: total_ipc_crimes,model1_india_ipc,RandomForestRegressor,2026-05-02T19:45:44.761456
BIHAR,KISHANGANJ,2012,3.3,total_ipc_crimes,2013,3.56,green,0.9528,Regular monitoring required. Risk score: 3.6. Main driver: total_ipc_crimes,model1_india_ipc,RandomForestRegressor,2026-05-02T19:45:44.761456
BIHAR,LAKHISARAI,2012,3.11,total_ipc_crimes,2013,3.37,green,0.9528,Regular monitoring required. Risk score: 3.4. Main driver: total_ipc_crimes,model1_india_ipc,RandomForestRegressor,2026-05-02T19:45:44.761456
BIHAR,MADHEPURA,2012,6.21,total_ipc_crimes,2013,6.33,green,0.9528,Regular monitoring required. Risk score: 6.3. Main driver: total_ipc_crimes,model1_india_ipc,RandomForestRegressor,2026-05-02T19:45:44.761456
BIHAR,MADHUBANI,2012,11.82,total_ipc_crimes,2013,11.91,green,0.9528,Regular monitoring required. Risk score: 11.9. Main driver: total_ipc_crimes,model1_india_ipc,RandomForestRegressor,2026-05-02T19:45:44.761456
BIHAR,MOTIHARI,2012,17.48,total_ipc_crimes,2013,17.44,green,0.9528,Regular monitoring required. Risk score: 17.4. Main driver: total_ipc_crimes,model1_india_ipc,RandomForestRegressor,2026-05-02T19:45:44.761456
BIHAR,MUNGER,2012,4.19,total_ipc_crimes,2013,4.86,green,0.9528,Regular monitoring required. Risk score: 4.9. Main driver: total_ipc_crimes,model1_india_ipc,RandomForestRegressor,2026-05-02T19:45:44.761456
BIHAR,MUZAFFARPUR,2012,20.55,total_ipc_crimes,2013,20.79,green,0.9528,Regular monitoring required. Risk score: 20.8. Main driver: total_ipc_crimes,model1_india_ipc,RandomForestRegressor,2026-05-02T19:45:44.761456
BIHAR,MUZAFFARPUR RLY.,2012,1.69,total_ipc_crimes,2013,1.74,green,0.9528,Regular monitoring required. Risk score: 1.7. Main driver: total_ipc_crimes,model1_india_ipc,RandomForestRegressor,2026-05-02T19:45:44.761456
BIHAR,NALANDA,2012,11.85,total_ipc_crimes,2013,12.22,green,0.9528,Regular monitoring required. Risk score: 12.2. Main driver: total_ipc_crimes,model1_india_ipc,RandomForestRegressor,2026-05-02T19:45:44.761456
BIHAR,NAUGACHIA,2012,3.62,total_ipc_crimes,2013,3.64,green,0.9528,Regular monitoring required. Risk score: 3.6. Main driver: total_ipc_crimes,model1_india_ipc,RandomForestRegressor,2026-05-02T19:45:44.761456
BIHAR,NAWADAH,2012,6.07,total_ipc_crimes,2013,6.13,green,0.9528,Regular monitoring required. Risk score: 6.1. Main driver: total_ipc_crimes,model1_india_ipc,RandomForestRegressor,2026-05-02T19:45:44.761456
BIHAR,PATNA,2012,37.36,total_ipc_crimes,2013,39.01,green,0.9528,Regular monitoring required. Risk score: 39.0. Main driver: total_ipc_crimes,model1_india_ipc,RandomForestRegressor,2026-05-02T19:45:44.761456
BIHAR,PATNA RLY.,2012,3.87,total_ipc_crimes,2013,3.87,green,0.9528,Regular monitoring required. Risk score: 3.9. Main driver: total_ipc_crimes,model1_india_ipc,RandomForestRegressor,2026-05-02T19:45:44.761456
BIHAR,PURNEA,2012,10.12,total_ipc_crimes,2013,9.75,green,0.9528,Regular monitoring required. Risk score: 9.8. Main driver: total_ipc_crimes,model1_india_ipc,RandomForestRegressor,2026-05-02T19:45:44.761456
BIHAR,ROHTAS,2012,9.33,total_ipc_crimes,2013,9.59,green,0.9528,Regular monitoring required. Risk score: 9.6. Main driver: total_ipc_crimes,model1_india_ipc,RandomForestRegressor,2026-05-02T19:45:44.761456
BIHAR,SAHARSA,2012,5.48,total_ipc_crimes,2013,5.58,green,0.9528,Regular monitoring required. Risk score: 5.6. Main driver: total_ipc_crimes,model1_india_ipc,RandomForestRegressor,2026-05-02T19:45:44.761456
BIHAR,SAMASTIPUR,2012,9.84,total_ipc_crimes,2013,10.04,green,0.9528,Regular monitoring required. Risk score: 10.0. Main driver: total_ipc_crimes,model1_india_ipc,RandomForestRegressor,2026-05-02T19:45:44.761456
BIHAR,SARAN,2012,12.11,total_ipc_crimes,2013,11.51,green,0.9528,Regular monitoring required. Risk score: 11.5. Main driver: total_ipc_crimes,model1_india_ipc,RandomForestRegressor,2026-05-02T19:45:44.761456
BIHAR,SHEIKHPURA,2012,2.89,total_ipc_crimes,2013,3.08,green,0.9528,Regular monitoring required. Risk score: 3.1. Main driver: total_ipc_crimes,model1_india_ipc,RandomForestRegressor,2026-05-02T19:45:44.761456
BIHAR,SHEOHAR,2012,1.63,total_ipc_crimes,2013,1.61,green,0.9528,Regular monitoring required. Risk score: 1.6. Main driver: total_ipc_crimes,model1_india_ipc,RandomForestRegressor,2026-05-02T19:45:44.761456
BIHAR,SITAMARHI,2012,10.39,total_ipc_crimes,2013,10.69,green,0.9528,Regular monitoring required. Risk score: 10.7. Main driver: total_ipc_crimes,model1_india_ipc,RandomForestRegressor,2026-05-02T19:45:44.761456
BIHAR,SIWAN,2012,8.75,total_ipc_crimes,2013,9.17,green,0.9528,Regular monitoring required. Risk score: 9.2. Main driver: total_ipc_crimes,model1_india_ipc,RandomForestRegressor,2026-05-02T19:45:44.761456
BIHAR,SUPAUL,2012,6.66,total_ipc_crimes,2013,7.19,green,0.9528,Regular monitoring required. Risk score: 7.2. Main driver: total_ipc_crimes,model1_india_ipc,RandomForestRegressor,2026-05-02T19:45:44.761456
BIHAR,VAISHALI,2012,14.18,total_ipc_crimes,2013,13.92,green,0.9528,Regular monitoring required. Risk score: 13.9. Main driver: total_ipc_crimes,model1_india_ipc,RandomForestRegressor,2026-05-02T19:45:44.761456
CHANDIGARH,CHANDIGARH,2012,10.54,total_ipc_crimes,2013,11.06,green,0.9528,Regular monitoring required. Risk score: 11.1. Main driver: total_ipc_crimes,model1_india_ipc,RandomForestRegressor,2026-05-02T19:45:44.761456
CHHATTISGARH,BALOD,2012,2.23,total_ipc_crimes,2013,2.46,green,0.9528,Regular monitoring required. Risk score: 2.5. Main driver: total_ipc_crimes,model1_india_ipc,RandomForestRegressor,2026-05-02T19:45:44.761456
CHHATTISGARH,BALODA BAZAR,2012,5.7,total_ipc_crimes,2013,5.77,green,0.9528,Regular monitoring required. Risk score: 5.8. Main driver: total_ipc_crimes,model1_india_ipc,RandomForestRegressor,2026-05-02T19:45:44.761456
CHHATTISGARH,BALRAMPUR,2012,2.26,total_ipc_crimes,2013,2.46,green,0.9528,Regular monitoring required. Risk score: 2.5. Main driver: total_ipc_crimes,model1_india_ipc,RandomForestRegressor,2026-05-02T19:45:44.761456
CHHATTISGARH,BEMETARA,2012,2.63,total_ipc_crimes,2013,2.71,green,0.9528,Regular monitoring required. Risk score: 2.7. Main driver: total_ipc_crimes,model1_india_ipc,RandomForestRegressor,2026-05-02T19:45:44.761456
CHHATTISGARH,BILASPUR,2012,11.31,total_ipc_crimes,2013,11.81,green,0.9528,Regular monitoring required. Risk score: 11.8. Main driver: total_ipc_crimes,model1_india_ipc,RandomForestRegressor,2026-05-02T19:45:44.761456
CHHATTISGARH,BIZAPUR,2012,0.78,total_ipc_crimes,2013,0.9,green,0.9528,Regular monitoring required. Risk score: 0.9. Main driver: total_ipc_crimes,model1_india_ipc,RandomForestRegressor,2026-05-02T19:45:44.761456
CHHATTISGARH,DANTEWARA,2012,0.82,total_ipc_crimes,2013,1.01,green,0.9528,Regular monitoring required. Risk score: 1.0. Main driver: total_ipc_crimes,model1_india_ipc,RandomForestRegressor,2026-05-02T19:45:44.761456
CHHATTISGARH,DHAMTARI,2012,2.37,total_ipc_crimes,2013,2.47,green,0.9528,Regular monitoring required. Risk score: 2.5. Main driver: total_ipc_crimes,model1_india_ipc,RandomForestRegressor,2026-05-02T19:45:44.761456
CHHATTISGARH,DURG,2012,14.2,total_ipc_crimes,2013,14.23,green,0.9528,Regular monitoring required. Risk score: 14.2. Main driver: total_ipc_crimes,model1_india_ipc,RandomForestRegressor,2026-05-02T19:45:44.761456
CHHATTISGARH,GARIYABAND,2012,2.01,total_ipc_crimes,2013,2.13,green,0.9528,Regular monitoring required. Risk score: 2.1. Main driver: total_ipc_crimes,model1_india_ipc,RandomForestRegressor,2026-05-02T19:45:44.761456
CHHATTISGARH,GRP RAIPUR,2012,1.01,total_ipc_crimes,2013,1.11,green,0.9528,Regular monitoring required. Risk score: 1.1. Main driver: total_ipc_crimes,model1_india_ipc,RandomForestRegressor,2026-05-02T19:45:44.761456
CHHATTISGARH,JAGDALPUR,2012,3.39,total_ipc_crimes,2013,4.03,green,0.9528,Regular monitoring required. Risk score: 4.0. Main driver: total_ipc_crimes,model1_india_ipc,RandomForestRegressor,2026-05-02T19:45:44.761456
CHHATTISGARH,JANJGIR,2012,8.23,total_ipc_crimes,2013,8.34,green,0.9528,Regular monitoring required. Risk score: 8.3. Main driver: total_ipc_crimes,model1_india_ipc,RandomForestRegressor,2026-05-02T19:45:44.761456
CHHATTISGARH,JASHPUR,2012,2.92,total_ipc_crimes,2013,3.13,green,0.9528,Regular monitoring required. Risk score: 3.1. Main driver: total_ipc_crimes,model1_india_ipc,RandomForestRegressor,2026-05-02T19:45:44.761456
CHHATTISGARH,KABIRDHAM,2012,3.18,total_ipc_crimes,2013,3.23,green,0.9528,Regular monitoring required. Risk score: 3.2. Main driver: total_ipc_crimes,model1_india_ipc,RandomForestRegressor,2026-05-02T19:45:44.761456
CHHATTISGARH,KANKER,2012,1.95,total_ipc_crimes,2013,2.03,green,0.9528,Regular monitoring required. Risk score: 2.0. Main driver: total_ipc_crimes,model1_india_ipc,RandomForestRegressor,2026-05-02T19:45:44.761456
CHHATTISGARH,KONDAGAON,2012,1.16,total_ipc_crimes,2013,1.28,green,0.9528,Regular monitoring required. Risk score: 1.3. Main driver: total_ipc_crimes,model1_india_ipc,RandomForestRegressor,2026-05-02T19:45:44.761456
CHHATTISGARH,KORBA,2012,5.18,total_ipc_crimes,2013,5.2,green,0.9528,Regular monitoring required. Risk score: 5.2. Main driver: total_ipc_crimes,model1_india_ipc,RandomForestRegressor,2026-05-02T19:45:44.761456
CHHATTISGARH,KORIYA,2012,3.85,total_ipc_crimes,2013,4.05,green,0.9528,Regular monitoring required. Risk score: 4.0. Main driver: total_ipc_crimes,model1_india_ipc,RandomForestRegressor,2026-05-02T19:45:44.761456
CHHATTISGARH,MAHASAMUND,2012,4.24,total_ipc_crimes,2013,4.52,green,0.9528,Regular monitoring required. Risk score: 4.5. Main driver: total_ipc_crimes,model1_india_ipc,RandomForestRegressor,2026-05-02T19:45:44.761456
CHHATTISGARH,MUNGELI,2012,2.01,total_ipc_crimes,2013,2.06,green,0.9528,Regular monitoring required. Risk score: 2.1. Main driver: total_ipc_crimes,model1_india_ipc,RandomForestRegressor,2026-05-02T19:45:44.761456
CHHATTISGARH,NARAYANPUR,2012,0.47,total_ipc_crimes,2013,0.49,green,0.9528,Regular monitoring required. Risk score: 0.5. Main driver: total_ipc_crimes,model1_india_ipc,RandomForestRegressor,2026-05-02T19:45:44.761456
CHHATTISGARH,RAIGARH,2012,7.61,total_ipc_crimes,2013,7.59,green,0.9528,Regular monitoring required. Risk score: 7.6. Main driver: total_ipc_crimes,model1_india_ipc,RandomForestRegressor,2026-05-02T19:45:44.761456
CHHATTISGARH,RAIPUR,2012,20.23,total_ipc_crimes,2013,20.61,green,0.9528,Regular monitoring required. Risk score: 20.6. Main driver: total_ipc_crimes,model1_india_ipc,RandomForestRegressor,2026-05-02T19:45:44.761456
CHHATTISGARH,RAJNANDGAON,2012,5.43,total_ipc_crimes,2013,5.88,green,0.9528,Regular monitoring required. Risk score: 5.9. Main driver: total_ipc_crimes,model1_india_ipc,RandomForestRegressor,2026-05-02T19:45:44.761456
CHHATTISGARH,SARGUJA,2012,3.76,total_ipc_crimes,2013,4.05,green,0.9528,Regular monitoring required. Risk score: 4.0. Main driver: total_ipc_crimes,model1_india_ipc,RandomForestRegressor,2026-05-02T19:45:44.761456
CHHATTISGARH,SUKMA,2012,0.51,total_ipc_crimes,2013,0.55,green,0.9528,Regular monitoring required. Risk score: 0.6. Main driver: total_ipc_crimes,model1_india_ipc,RandomForestRegressor,2026-05-02T19:45:44.761456
CHHATTISGARH,SURAJPUR,2012,3.87,total_ipc_crimes,2013,4.13,green,0.9528,Regular monitoring required. Risk score: 4.1. Main driver: total_ipc_crimes,model1_india_ipc,RandomForestRegressor,2026-05-02T19:45:44.761456
DAMAN AND DIU,DAMAN,2012,0.6,total_ipc_crimes,2013,0.53,green,0.9528,Regular monitoring required. Risk score: 0.5. Main driver: total_ipc_crimes,model1_india_ipc,RandomForestRegressor,2026-05-02T19:45:44.761456
DAMAN AND DIU,DIU,2012,0.09,total_ipc_crimes,2013,0.11,green,0.9528,Regular monitoring required. Risk score: 0.1. Main driver: total_ipc_crimes,model1_india_ipc,RandomForestRegressor,2026-05-02T19:45:44.761456
DELHI UT,CAW,2012,0.43,cruelty_by_husband_or_his_relatives,2013,0.39,green,0.9528,Regular monitoring required. Risk score: 0.4. Main driver: cruelty_by_husband_or_his_relatives,model1_india_ipc,RandomForestRegressor,2026-05-02T19:45:44.761456
DELHI UT,CENTRAL,2012,9.19,total_ipc_crimes,2013,8.91,green,0.9528,Regular monitoring required. Risk score: 8.9. Main driver: total_ipc_crimes,model1_india_ipc,RandomForestRegressor,2026-05-02T19:45:44.761456
DELHI UT,CRIME BRANCH,2012,0.2,total_ipc_crimes,2013,0.2,green,0.9528,Regular monitoring required. Risk score: 0.2. Main driver: total_ipc_crimes,model1_india_ipc,RandomForestRegressor,2026-05-02T19:45:44.761456
DELHI UT,EAST,2012,21.37,total_ipc_crimes,2013,21.84,green,0.9528,Regular monitoring required. Risk score: 21.8. Main driver: total_ipc_crimes,model1_india_ipc,RandomForestRegressor,2026-05-02T19:45:44.761456
DELHI UT,EOW,2012,0.3,total_ipc_crimes,2013,0.36,green,0.9528,Regular monitoring required. Risk score: 0.4. Main driver: total_ipc_crimes,model1_india_ipc,RandomForestRegressor,2026-05-02T19:45:44.761456
DELHI UT,GRP(RLY),2012,3.09,total_ipc_crimes,2013,3.18,green,0.9528,Regular monitoring required. Risk score: 3.2. Main driver: total_ipc_crimes,model1_india_ipc,RandomForestRegressor,2026-05-02T19:45:44.761456
DELHI UT,IGI AIRPORT,2012,1.01,total_ipc_crimes,2013,1.2,green,0.9528,Regular monitoring required. Risk score: 1.2. Main driver: total_ipc_crimes,model1_india_ipc,RandomForestRegressor,2026-05-02T19:45:44.761456
DELHI UT,NEW DELHI,2012,2.95,total_ipc_crimes,2013,3.18,green,0.9528,Regular monitoring required. Risk score: 3.2. Main driver: total_ipc_crimes,model1_india_ipc,RandomForestRegressor,2026-05-02T19:45:44.761456
DELHI UT,NORTH,2012,7.38,total_ipc_crimes,2013,8.08,green,0.9528,Regular monitoring required. Risk score: 8.1. Main driver: total_ipc_crimes,model1_india_ipc,RandomForestRegressor,2026-05-02T19:45:44.761456
DELHI UT,NORTH-EAST,2012,17.65,total_ipc_crimes,2013,18.28,green,0.9528,Regular monitoring required. Risk score: 18.3. Main driver: total_ipc_crimes,model1_india_ipc,RandomForestRegressor,2026-05-02T19:45:44.761456
DELHI UT,NORTH-WEST,2012,13.23,total_ipc_crimes,2013,14.15,green,0.9528,Regular monitoring required. Risk score: 14.2. Main driver: total_ipc_crimes,model1_india_ipc,RandomForestRegressor,2026-05-02T19:45:44.761456
DELHI UT,OUTER,2012,17.34,total_ipc_crimes,2013,18.2,green,0.9528,Regular monitoring required. Risk score: 18.2. Main driver: total_ipc_crimes,model1_india_ipc,RandomForestRegressor,2026-05-02T19:45:44.761456
DELHI UT,SOUTH,2012,14.44,total_ipc_crimes,2013,14.58,green,0.9528,Regular monitoring required. Risk score: 14.6. Main driver: total_ipc_crimes,model1_india_ipc,RandomForestRegressor,2026-05-02T19:45:44.761456
DELHI UT,SOUTH-EAST,2012,20.52,total_ipc_crimes,2013,20.56,green,0.9528,Regular monitoring required. Risk score: 20.6. Main driver: total_ipc_crimes,model1_india_ipc,RandomForestRegressor,2026-05-02T19:45:44.761456
DELHI UT,SOUTH-WEST,2012,10.71,total_ipc_crimes,2013,10.84,green,0.9528,Regular monitoring required. Risk score: 10.8. Main driver: total_ipc_crimes,model1_india_ipc,RandomForestRegressor,2026-05-02T19:45:44.761456
DELHI UT,STF,2012,0.01,total_ipc_crimes,2013,0.03,green,0.9528,Regular monitoring required. Risk score: 0.0. Main driver: total_ipc_crimes,model1_india_ipc,RandomForestRegressor,2026-05-02T19:45:44.761456
DELHI UT,WEST,2012,16.86,total_ipc_crimes,2013,17.39,green,0.9528,Regular monitoring required. Risk score: 17.4. Main driver: total_ipc_crimes,model1_india_ipc,RandomForestRegressor,2026-05-02T19:45:44.761456
GOA,NORTH GOA,2012,5.62,total_ipc_crimes,2013,5.68,green,0.9528,Regular monitoring required. Risk score: 5.7. Main driver: total_ipc_crimes,model1_india_ipc,RandomForestRegressor,2026-05-02T19:45:44.761456
GOA,SOUTH GOA,2012,3.97,total_ipc_crimes,2013,4.07,green,0.9528,Regular monitoring required. Risk score: 4.1. Main driver: total_ipc_crimes,model1_india_ipc,RandomForestRegressor,2026-05-02T19:45:44.761456
GUJARAT,AHMEDABAD COMMR.,2012,44.66,total_ipc_crimes,2013,45.32,yellow,0.9528,Medium priority surveillance required. Risk score: 45.3. Main driver: total_ipc_crimes,model1_india_ipc,RandomForestRegressor,2026-05-02T19:45:44.761456
GUJARAT,AHMEDABAD RURAL,2012,7.61,total_ipc_crimes,2013,7.63,green,0.9528,Regular monitoring required. Risk score: 7.6. Main driver: total_ipc_crimes,model1_india_ipc,RandomForestRegressor,2026-05-02T19:45:44.761456
GUJARAT,AHWA-DANG,2012,0.4,total_ipc_crimes,2013,0.4,green,0.9528,Regular monitoring required. Risk score: 0.4. Main driver: total_ipc_crimes,model1_india_ipc,RandomForestRegressor,2026-05-02T19:45:44.761456
GUJARAT,AMRELI,2012,4.52,total_ipc_crimes,2013,4.75,green,0.9528,Regular monitoring required. Risk score: 4.8. Main driver: total_ipc_crimes,model1_india_ipc,RandomForestRegressor,2026-05-02T19:45:44.761456
GUJARAT,ANAND,2012,6.08,total_ipc_crimes,2013,6.32,green,0.9528,Regular monitoring required. Risk score: 6.3. Main driver: total_ipc_crimes,model1_india_ipc,RandomForestRegressor,2026-05-02T19:45:44.761456
GUJARAT,BHARUCH,2012,5.83,total_ipc_crimes,2013,5.9,green,0.9528,Regular monitoring required. Risk score: 5.9. Main driver: total_ipc_crimes,model1_india_ipc,RandomForestRegressor,2026-05-02T19:45:44.761456
GUJARAT,BHAVNAGAR,2012,8.38,total_ipc_crimes,2013,8.34,green,0.9528,Regular monitoring required. Risk score: 8.3. Main driver: total_ipc_crimes,model1_india_ipc,RandomForestRegressor,2026-05-02T19:45:44.761456
GUJARAT,CID CRIME,2012,0.04,total_ipc_crimes,2013,0.04,green,0.9528,Regular monitoring required. Risk score: 0.0. Main driver: total_ipc_crimes,model1_india_ipc,RandomForestRegressor,2026-05-02T19:45:44.761456
GUJARAT,DAHOD,2012,4.14,total_ipc_crimes,2013,4.63,green,0.9528,Regular monitoring required. Risk score: 4.6. Main driver: total_ipc_crimes,model1_india_ipc,RandomForestRegressor,2026-05-02T19:45:44.761456
GUJARAT,GANDHINAGAR,2012,10.51,total_ipc_crimes,2013,10.67,green,0.9528,Regular monitoring required. Risk score: 10.7. Main driver: total_ipc_crimes,model1_india_ipc,RandomForestRegressor,2026-05-02T19:45:44.761456
GUJARAT,HIMATNAGAR,2012,10.0,total_ipc_crimes,2013,9.62,green,0.9528,Regular monitoring required. Risk score: 9.6. Main driver: total_ipc_crimes,model1_india_ipc,RandomForestRegressor,2026-05-02T19:45:44.761456
GUJARAT,JAMNAGAR,2012,10.07,total_ipc_crimes,2013,9.87,green,0.9528,Regular monitoring required. Risk score: 9.9. Main driver: total_ipc_crimes,model1_india_ipc,RandomForestRegressor,2026-05-02T19:45:44.761456
GUJARAT,JUNAGADH,2012,7.88,total_ipc_crimes,2013,8.31,green,0.9528,Regular monitoring required. Risk score: 8.3. Main driver: total_ipc_crimes,model1_india_ipc,RandomForestRegressor,2026-05-02T19:45:44.761456
GUJARAT,KHEDA NORTH,2012,8.39,total_ipc_crimes,2013,8.42,green,0.9528,Regular monitoring required. Risk score: 8.4. Main driver: total_ipc_crimes,model1_india_ipc,RandomForestRegressor,2026-05-02T19:45:44.761456
GUJARAT,KUTCH (EAST(G)),2012,5.53,total_ipc_crimes,2013,5.79,green,0.9528,Regular monitoring required. Risk score: 5.8. Main driver: total_ipc_crimes,model1_india_ipc,RandomForestRegressor,2026-05-02T19:45:44.761456
GUJARAT,KUTCH (WEST-BHUJ),2012,3.45,total_ipc_crimes,2013,3.77,green,0.9528,Regular monitoring required. Risk score: 3.8. Main driver: total_ipc_crimes,model1_india_ipc,RandomForestRegressor,2026-05-02T19:45:44.761456
GUJARAT,MEHSANA,2012,10.23,total_ipc_crimes,2013,9.81,green,0.9528,Regular monitoring required. Risk score: 9.8. Main driver: total_ipc_crimes,model1_india_ipc,RandomForestRegressor,2026-05-02T19:45:44.761456
GUJARAT,NARMADA,2012,1.37,total_ipc_crimes,2013,1.49,green,0.9528,Regular monitoring required. Risk score: 1.5. Main driver: total_ipc_crimes,model1_india_ipc,RandomForestRegressor,2026-05-02T19:45:44.761456
GUJARAT,NAVSARI,2012,3.11,total_ipc_crimes,2013,3.51,green,0.9528,Regular monitoring required. Risk score: 3.5. Main driver: total_ipc_crimes,model1_india_ipc,RandomForestRegressor,2026-05-02T19:45:44.761456
GUJARAT,PALANPUR,2012,10.05,total_ipc_crimes,2013,9.98,green,0.9528,Regular monitoring required. Risk score: 10.0. Main driver: total_ipc_crimes,model1_india_ipc,RandomForestRegressor,2026-05-02T19:45:44.761456
GUJARAT,PANCHMAHAL,2012,6.66,total_ipc_crimes,2013,6.84,green,0.9528,Regular monitoring required. Risk score: 6.8. Main driver: total_ipc_crimes,model1_india_ipc,RandomForestRegressor,2026-05-02T19:45:44.761456
GUJARAT,PATAN,2012,6.0,total_ipc_crimes,2013,6.16,green,0.9528,Regular monitoring required. Risk score: 6.2. Main driver: total_ipc_crimes,model1_india_ipc,RandomForestRegressor,2026-05-02T19:45:44.761456
GUJARAT,PORBANDAR,2012,1.82,total_ipc_crimes,2013,1.89,green,0.9528,Regular monitoring required. Risk score: 1.9. Main driver: total_ipc_crimes,model1_india_ipc,RandomForestRegressor,2026-05-02T19:45:44.761456
GUJARAT,RAJKOT COMMR.,2012,10.21,total_ipc_crimes,2013,9.93,green,0.9528,Regular monitoring required. Risk score: 9.9. Main driver: total_ipc_crimes,model1_india_ipc,RandomForestRegressor,2026-05-02T19:45:44.761456
GUJARAT,RAJKOT RURAL,2012,8.13,total_ipc_crimes,2013,8.31,green,0.9528,Regular monitoring required. Risk score: 8.3. Main driver: total_ipc_crimes,model1_india_ipc,RandomForestRegressor,2026-05-02T19:45:44.761456
GUJARAT,SURAT COMMR.,2012,19.8,total_ipc_crimes,2013,19.46,green,0.9528,Regular monitoring required. Risk score: 19.5. Main driver: total_ipc_crimes,model1_india_ipc,RandomForestRegressor,2026-05-02T19:45:44.761456
GUJARAT,SURAT RURAL,2012,7.63,total_ipc_crimes,2013,7.69,green,0.9528,Regular monitoring required. Risk score: 7.7. Main driver: total_ipc_crimes,model1_india_ipc,RandomForestRegressor,2026-05-02T19:45:44.761456
GUJARAT,SURENDRANAGAR,2012,6.14,total_ipc_crimes,2013,6.28,green,0.9528,Regular monitoring required. Risk score: 6.3. Main driver: total_ipc_crimes,model1_india_ipc,RandomForestRegressor,2026-05-02T19:45:44.761456
GUJARAT,TAPI,2012,1.77,total_ipc_crimes,2013,1.99,green,0.9528,Regular monitoring required. Risk score: 2.0. Main driver: total_ipc_crimes,model1_india_ipc,RandomForestRegressor,2026-05-02T19:45:44.761456
GUJARAT,VADODARA COMMR.,2012,14.26,total_ipc_crimes,2013,14.18,green,0.9528,Regular monitoring required. Risk score: 14.2. Main driver: total_ipc_crimes,model1_india_ipc,RandomForestRegressor,2026-05-02T19:45:44.761456
GUJARAT,VADODARA RURAL,2012,7.09,total_ipc_crimes,2013,7.14,green,0.9528,Regular monitoring required. Risk score: 7.1. Main driver: total_ipc_crimes,model1_india_ipc,RandomForestRegressor,2026-05-02T19:45:44.761456
GUJARAT,VALSAD,2012,6.3,total_ipc_crimes,2013,6.39,green,0.9528,Regular monitoring required. Risk score: 6.4. Main driver: total_ipc_crimes,model1_india_ipc,RandomForestRegressor,2026-05-02T19:45:44.761456
GUJARAT,W.RLY AHMEDABAD,2012,1.19,total_ipc_crimes,2013,1.27,green,0.9528,Regular monitoring required. Risk score: 1.3. Main driver: total_ipc_crimes,model1_india_ipc,RandomForestRegressor,2026-05-02T19:45:44.761456
GUJARAT,W.RLY VADODARA,2012,1.96,total_ipc_crimes,2013,2.03,green,0.9528,Regular monitoring required. Risk score: 2.0. Main driver: total_ipc_crimes,model1_india_ipc,RandomForestRegressor,2026-05-02T19:45:44.761456
HARYANA,AMBALA RURAL,2012,2.54,total_ipc_crimes,2013,2.8,green,0.9528,Regular monitoring required. Risk score: 2.8. Main driver: total_ipc_crimes,model1_india_ipc,RandomForestRegressor,2026-05-02T19:45:44.761456
HARYANA,AMBALA URBAN,2012,5.98,total_ipc_crimes,2013,5.81,green,0.9528,Regular monitoring required. Risk score: 5.8. Main driver: total_ipc_crimes,model1_india_ipc,RandomForestRegressor,2026-05-02T19:45:44.761456
HARYANA,BHIWANI,2012,8.33,total_ipc_crimes,2013,8.63,green,0.9528,Regular monitoring required. Risk score: 8.6. Main driver: total_ipc_crimes,model1_india_ipc,RandomForestRegressor,2026-05-02T19:45:44.761456
HARYANA,FARIDABAD,2012,14.25,total_ipc_crimes,2013,13.94,green,0.9528,Regular monitoring required. Risk score: 13.9. Main driver: total_ipc_crimes,model1_india_ipc,RandomForestRegressor,2026-05-02T19:45:44.761456
HARYANA,FATEHABAD,2012,3.76,total_ipc_crimes,2013,3.84,green,0.9528,Regular monitoring required. Risk score: 3.8. Main driver: total_ipc_crimes,model1_india_ipc,RandomForestRegressor,2026-05-02T19:45:44.761456
HARYANA,GRP,2012,2.93,total_ipc_crimes,2013,3.02,green,0.9528,Regular monitoring required. Risk score: 3.0. Main driver: total_ipc_crimes,model1_india_ipc,RandomForestRegressor,2026-05-02T19:45:44.761456
HARYANA,GURGAON,2012,21.92,total_ipc_crimes,2013,22.0,green,0.9528,Regular monitoring required. Risk score: 22.0. Main driver: total_ipc_crimes,model1_india_ipc,RandomForestRegressor,2026-05-02T19:45:44.761456
HARYANA,HISSAR,2012,11.4,total_ipc_crimes,2013,12.12,green,0.9528,Regular monitoring required. Risk score: 12.1. Main driver: total_ipc_crimes,model1_india_ipc,RandomForestRegressor,2026-05-02T19:45:44.761456
HARYANA,JHAJJAR,2012,5.41,total_ipc_crimes,2013,5.67,green,0.9528,Regular monitoring required. Risk score: 5.7. Main driver: total_ipc_crimes,model1_india_ipc,RandomForestRegressor,2026-05-02T19:45:44.761456
HARYANA,JIND,2012,6.03,total_ipc_crimes,2013,6.22,green,0.9528,Regular monitoring required. Risk score: 6.2. Main driver: total_ipc_crimes,model1_india_ipc,RandomForestRegressor,2026-05-02T19:45:44.761456
HARYANA,KAITHAL,2012,4.19,total_ipc_crimes,2013,4.57,green,0.9528,Regular monitoring required. Risk score: 4.6. Main driver: total_ipc_crimes,model1_india_ipc,RandomForestRegressor,2026-05-02T19:45:44.761456
HARYANA,KARNAL,2012,10.56,total_ipc_crimes,2013,11.1,green,0.9528,Regular monitoring required. Risk score: 11.1. Main driver: total_ipc_crimes,model1_india_ipc,RandomForestRegressor,2026-05-02T19:45:44.761456
HARYANA,KURUKSHETRA,2012,5.79,total_ipc_crimes,2013,6.06,green,0.9528,Regular monitoring required. Risk score: 6.1. Main driver: total_ipc_crimes,model1_india_ipc,RandomForestRegressor,2026-05-02T19:45:44.761456
HARYANA,MAHENDRAGARH,2012,4.09,total_ipc_crimes,2013,4.32,green,0.9528,Regular monitoring required. Risk score: 4.3. Main driver: total_ipc_crimes,model1_india_ipc,RandomForestRegressor,2026-05-02T19:45:44.761456
HARYANA,MEWAT,2012,5.32,total_ipc_crimes,2013,5.48,green,0.9528,Regular monitoring required. Risk score: 5.5. Main driver: total_ipc_crimes,model1_india_ipc,RandomForestRegressor,2026-05-02T19:45:44.761456
HARYANA,PALWAL,2012,6.16,total_ipc_crimes,2013,6.14,green,0.9528,Regular monitoring required. Risk score: 6.1. Main driver: total_ipc_crimes,model1_india_ipc,RandomForestRegressor,2026-05-02T19:45:44.761456
HARYANA,PANCHKULA,2012,3.54,total_ipc_crimes,2013,3.61,green,0.9528,Regular monitoring required. Risk score: 3.6. Main driver: total_ipc_crimes,model1_india_ipc,RandomForestRegressor,2026-05-02T19:45:44.761456
HARYANA,PANIPAT,2012,8.35,total_ipc_crimes,2013,8.97,green,0.9528,Regular monitoring required. Risk score: 9.0. Main driver: total_ipc_crimes,model1_india_ipc,RandomForestRegressor,2026-05-02T19:45:44.761456
HARYANA,REWARI,2012,6.29,total_ipc_crimes,2013,6.19,green,0.9528,Regular monitoring required. Risk score: 6.2. Main driver: total_ipc_crimes,model1_india_ipc,RandomForestRegressor,2026-05-02T19:45:44.761456
HARYANA,ROHTAK,2012,8.0,total_ipc_crimes,2013,8.65,green,0.9528,Regular monitoring required. Risk score: 8.7. Main driver: total_ipc_crimes,model1_india_ipc,RandomForestRegressor,2026-05-02T19:45:44.761456
HARYANA,SIRSA,2012,5.5,total_ipc_crimes,2013,5.64,green,0.9528,Regular monitoring required. Risk score: 5.6. Main driver: total_ipc_crimes,model1_india_ipc,RandomForestRegressor,2026-05-02T19:45:44.761456
HARYANA,SONIPAT,2012,9.07,total_ipc_crimes,2013,9.27,green,0.9528,Regular monitoring required. Risk score: 9.3. Main driver: total_ipc_crimes,model1_india_ipc,RandomForestRegressor,2026-05-02T19:45:44.761456
HARYANA,YAMUNANAGAR,2012,5.01,total_ipc_crimes,2013,5.44,green,0.9528,Regular monitoring required. Risk score: 5.4. Main driver: total_ipc_crimes,model1_india_ipc,RandomForestRegressor,2026-05-02T19:45:44.761456
HIMACHAL PRADESH,BADDIPOLICEDIST,2012,1.33,total_ipc_crimes,2013,1.38,green,0.9528,Regular monitoring required. Risk score: 1.4. Main driver: total_ipc_crimes,model1_india_ipc,RandomForestRegressor,2026-05-02T19:45:44.761456
HIMACHAL PRADESH,BILASPUR,2012,1.77,total_ipc_crimes,2013,1.84,green,0.9528,Regular monitoring required. Risk score: 1.8. Main driver: total_ipc_crimes,model1_india_ipc,RandomForestRegressor,2026-05-02T19:45:44.761456
HIMACHAL PRADESH,CHAMBA,2012,1.16,total_ipc_crimes,2013,1.33,green,0.9528,Regular monitoring required. Risk score: 1.3. Main driver: total_ipc_crimes,model1_india_ipc,RandomForestRegressor,2026-05-02T19:45:44.761456
HIMACHAL PRADESH,CID,2012,0.01,total_ipc_crimes,2013,0.02,green,0.9528,Regular monitoring required. Risk score: 0.0. Main driver: total_ipc_crimes,model1_india_ipc,RandomForestRegressor,2026-05-02T19:45:44.761456
HIMACHAL PRADESH,G.R.P.,2012,0.03,total_ipc_crimes,2013,0.04,green,0.9528,Regular monitoring required. Risk score: 0.0. Main driver: total_ipc_crimes,model1_india_ipc,RandomForestRegressor,2026-05-02T19:45:44.761456
HIMACHAL PRADESH,HAMIRPUR,2012,1.64,total_ipc_crimes,2013,1.74,green,0.9528,Regular monitoring required. Risk score: 1.7. Main driver: total_ipc_crimes,model1_india_ipc,RandomForestRegressor,2026-05-02T19:45:44.761456
HIMACHAL PRADESH,KANGRA,2012,5.0,total_ipc_crimes,2013,5.02,green,0.9528,Regular monitoring required. Risk score: 5.0. Main driver: total_ipc_crimes,model1_india_ipc,RandomForestRegressor,2026-05-02T19:45:44.761456
HIMACHAL PRADESH,KINNAUR,2012,0.43,total_ipc_crimes,2013,0.41,green,0.9528,Regular monitoring required. Risk score: 0.4. Main driver: total_ipc_crimes,model1_india_ipc,RandomForestRegressor,2026-05-02T19:45:44.761456
HIMACHAL PRADESH,KULLU,2012,1.41,total_ipc_crimes,2013,1.62,green,0.9528,Regular monitoring required. Risk score: 1.6. Main driver: total_ipc_crimes,model1_india_ipc,RandomForestRegressor,2026-05-02T19:45:44.761456
HIMACHAL PRADESH,LAHAUL-SPITI,2012,0.17,total_ipc_crimes,2013,0.18,green,0.9528,Regular monitoring required. Risk score: 0.2. Main driver: total_ipc_crimes,model1_india_ipc,RandomForestRegressor,2026-05-02T19:45:44.761456
HIMACHAL PRADESH,MANDI,2012,3.37,total_ipc_crimes,2013,3.47,green,0.9528,Regular monitoring required. Risk score: 3.5. Main driver: total_ipc_crimes,model1_india_ipc,RandomForestRegressor,2026-05-02T19:45:44.761456
HIMACHAL PRADESH,SHIMLA,2012,3.32,total_ipc_crimes,2013,4.37,green,0.9528,Regular monitoring required. Risk score: 4.4. Main driver: total_ipc_crimes,model1_india_ipc,RandomForestRegressor,2026-05-02T19:45:44.761456
HIMACHAL PRADESH,SIRMAUR,2012,1.73,total_ipc_crimes,2013,1.81,green,0.9528,Regular monitoring required. Risk score: 1.8. Main driver: total_ipc_crimes,model1_india_ipc,RandomForestRegressor,2026-05-02T19:45:44.761456
HIMACHAL PRADESH,SOLAN,2012,1.81,total_ipc_crimes,2013,1.92,green,0.9528,Regular monitoring required. Risk score: 1.9. Main driver: total_ipc_crimes,model1_india_ipc,RandomForestRegressor,2026-05-02T19:45:44.761456
HIMACHAL PRADESH,UNA,2012,1.82,total_ipc_crimes,2013,1.89,green,0.9528,Regular monitoring required. Risk score: 1.9. Main driver: total_ipc_crimes,model1_india_ipc,RandomForestRegressor,2026-05-02T19:45:44.761456
JAMMU AND KASHMIR,ANANTNAG,2012,2.95,total_ipc_crimes,2013,3.18,green,0.9528,Regular monitoring required. Risk score: 3.2. Main driver: total_ipc_crimes,model1_india_ipc,RandomForestRegressor,2026-05-02T19:45:44.761456
JAMMU AND KASHMIR,AWANTIPORA,2012,0.66,total_ipc_crimes,2013,0.8,green,0.9528,Regular monitoring required. Risk score: 0.8. Main driver: total_ipc_crimes,model1_india_ipc,RandomForestRegressor,2026-05-02T19:45:44.761456
JAMMU AND KASHMIR,BANDIPORA,2012,1.19,total_ipc_crimes,2013,1.24,green,0.9528,Regular monitoring required. Risk score: 1.2. Main driver: total_ipc_crimes,model1_india_ipc,RandomForestRegressor,2026-05-02T19:45:44.761456
JAMMU AND KASHMIR,BARAMULLA,2012,2.46,total_ipc_crimes,2013,2.52,green,0.9528,Regular monitoring required. Risk score: 2.5. Main driver: total_ipc_crimes,model1_india_ipc,RandomForestRegressor,2026-05-02T19:45:44.761456
JAMMU AND KASHMIR,BUDGAM,2012,2.79,total_ipc_crimes,2013,3.07,green,0.9528,Regular monitoring required. Risk score: 3.1. Main driver: total_ipc_crimes,model1_india_ipc,RandomForestRegressor,2026-05-02T19:45:44.761456
JAMMU AND KASHMIR,CRIME JAMMU,2012,0.03,cheating,2013,0.03,green,0.9528,Regular monitoring required. Risk score: 0.0. Main driver: cheating,model1_india_ipc,RandomForestRegressor,2026-05-02T19:45:44.761456
JAMMU AND KASHMIR,CRIME SRINAGAR,2012,0.08,total_ipc_crimes,2013,0.09,green,0.9528,Regular monitoring required. Risk score: 0.1. Main driver: total_ipc_crimes,model1_india_ipc,RandomForestRegressor,2026-05-02T19:45:44.761456
JAMMU AND KASHMIR,DODA,2012,1.35,total_ipc_crimes,2013,1.36,green,0.9528,Regular monitoring required. Risk score: 1.4. Main driver: total_ipc_crimes,model1_india_ipc,RandomForestRegressor,2026-05-02T19:45:44.761456
JAMMU AND KASHMIR,GANDERBAL,2012,1.13,total_ipc_crimes,2013,1.19,green,0.9528,Regular monitoring required. Risk score: 1.2. Main driver: total_ipc_crimes,model1_india_ipc,RandomForestRegressor,2026-05-02T19:45:44.761456
JAMMU AND KASHMIR,HANDWARA,2012,1.12,total_ipc_crimes,2013,1.08,green,0.9528,Regular monitoring required. Risk score: 1.1. Main driver: total_ipc_crimes,model1_india_ipc,RandomForestRegressor,2026-05-02T19:45:44.761456
JAMMU AND KASHMIR,JAMMU,2012,8.16,total_ipc_crimes,2013,7.93,green,0.9528,Regular monitoring required. Risk score: 7.9. Main driver: total_ipc_crimes,model1_india_ipc,RandomForestRegressor,2026-05-02T19:45:44.761456
JAMMU AND KASHMIR,KARGIL,2012,0.19,total_ipc_crimes,2013,0.21,green,0.9528,Regular monitoring required. Risk score: 0.2. Main driver: total_ipc_crimes,model1_india_ipc,RandomForestRegressor,2026-05-02T19:45:44.761456
JAMMU AND KASHMIR,KATHUA,2012,2.22,total_ipc_crimes,2013,2.31,green,0.9528,Regular monitoring required. Risk score: 2.3. Main driver: total_ipc_crimes,model1_india_ipc,RandomForestRegressor,2026-05-02T19:45:44.761456
JAMMU AND KASHMIR,KISHTWAR,2012,0.75,total_ipc_crimes,2013,0.86,green,0.9528,Regular monitoring required. Risk score: 0.9. Main driver: total_ipc_crimes,model1_india_ipc,RandomForestRegressor,2026-05-02T19:45:44.761456
JAMMU AND KASHMIR,KULGAM,2012,1.71,total_ipc_crimes,2013,1.72,green,0.9528,Regular monitoring required. Risk score: 1.7. Main driver: total_ipc_crimes,model1_india_ipc,RandomForestRegressor,2026-05-02T19:45:44.761456
JAMMU AND KASHMIR,KUPWARA,2012,1.82,total_ipc_crimes,2013,1.8,green,0.9528,Regular monitoring required. Risk score: 1.8. Main driver: total_ipc_crimes,model1_india_ipc,RandomForestRegressor,2026-05-02T19:45:44.761456
JAMMU AND KASHMIR,LEH,2012,0.29,total_ipc_crimes,2013,0.33,green,0.9528,Regular monitoring required. Risk score: 0.3. Main driver: total_ipc_crimes,model1_india_ipc,RandomForestRegressor,2026-05-02T19:45:44.761456
JAMMU AND KASHMIR,POONCH,2012,1.57,total_ipc_crimes,2013,1.57,green,0.9528,Regular monitoring required. Risk score: 1.6. Main driver: total_ipc_crimes,model1_india_ipc,RandomForestRegressor,2026-05-02T19:45:44.761456
JAMMU AND KASHMIR,PULWAMA,2012,0.94,total_ipc_crimes,2013,1.07,green,0.9528,Regular monitoring required. Risk score: 1.1. Main driver: total_ipc_crimes,model1_india_ipc,RandomForestRegressor,2026-05-02T19:45:44.761456
JAMMU AND KASHMIR,RAILWAYS JAMMU,2012,0.03,total_ipc_crimes,2013,0.04,green,0.9528,Regular monitoring required. Risk score: 0.0. Main driver: total_ipc_crimes,model1_india_ipc,RandomForestRegressor,2026-05-02T19:45:44.761456
JAMMU AND KASHMIR,RAILWAYS KASHMIR,2012,0.05,total_ipc_crimes,2013,0.06,green,0.9528,Regular monitoring required. Risk score: 0.1. Main driver: total_ipc_crimes,model1_india_ipc,RandomForestRegressor,2026-05-02T19:45:44.761456
JAMMU AND KASHMIR,RAILWAYS KATRA,2012,0.01,theft,2013,0.03,green,0.9528,Regular monitoring required. Risk score: 0.0. Main driver: theft,model1_india_ipc,RandomForestRegressor,2026-05-02T19:45:44.761456
JAMMU AND KASHMIR,RAJOURI,2012,3.32,total_ipc_crimes,2013,3.47,green,0.9528,Regular monitoring required. Risk score: 3.5. Main driver: total_ipc_crimes,model1_india_ipc,RandomForestRegressor,2026-05-02T19:45:44.761456
JAMMU AND KASHMIR,RAMBAN,2012,1.17,total_ipc_crimes,2013,1.24,green,0.9528,Regular monitoring required. Risk score: 1.2. Main driver: total_ipc_crimes,model1_india_ipc,RandomForestRegressor,2026-05-02T19:45:44.761456
JAMMU AND KASHMIR,REASI,2012,1.18,total_ipc_crimes,2013,1.27,green,0.9528,Regular monitoring required. Risk score: 1.3. Main driver: total_ipc_crimes,model1_india_ipc,RandomForestRegressor,2026-05-02T19:45:44.761456
JAMMU AND KASHMIR,SAMBA,2012,1.24,total_ipc_crimes,2013,1.25,green,0.9528,Regular monitoring required. Risk score: 1.2. Main driver: total_ipc_crimes,model1_india_ipc,RandomForestRegressor,2026-05-02T19:45:44.761456
JAMMU AND KASHMIR,SHOPIAN,2012,1.22,total_ipc_crimes,2013,1.35,green,0.9528,Regular monitoring required. Risk score: 1.4. Main driver: total_ipc_crimes,model1_india_ipc,RandomForestRegressor,2026-05-02T19:45:44.761456
JAMMU AND KASHMIR,SOPORE,2012,1.75,total_ipc_crimes,2013,1.61,green,0.9528,Regular monitoring required. Risk score: 1.6. Main driver: total_ipc_crimes,model1_india_ipc,RandomForestRegressor,2026-05-02T19:45:44.761456
JAMMU AND KASHMIR,SRINAGAR,2012,5.68,total_ipc_crimes,2013,6.13,green,0.9528,Regular monitoring required. Risk score: 6.1. Main driver: total_ipc_crimes,model1_india_ipc,RandomForestRegressor,2026-05-02T19:45:44.761456
JAMMU AND KASHMIR,UDHAMPUR,2012,1.84,total_ipc_crimes,2013,1.88,green,0.9528,Regular monitoring required. Risk score: 1.9. Main driver: total_ipc_crimes,model1_india_ipc,RandomForestRegressor,2026-05-02T19:45:44.761456
JHARKHAND,BOKARO,2012,7.91,total_ipc_crimes,2013,8.74,green,0.9528,Regular monitoring required. Risk score: 8.7. Main driver: total_ipc_crimes,model1_india_ipc,RandomForestRegressor,2026-05-02T19:45:44.761456
JHARKHAND,CHAIBASA,2012,2.58,total_ipc_crimes,2013,2.74,green,0.9528,Regular monitoring required. Risk score: 2.7. Main driver: total_ipc_crimes,model1_india_ipc,RandomForestRegressor,2026-05-02T19:45:44.761456
JHARKHAND,CHATRA,2012,2.47,total_ipc_crimes,2013,2.56,green,0.9528,Regular monitoring required. Risk score: 2.6. Main driver: total_ipc_crimes,model1_india_ipc,RandomForestRegressor,2026-05-02T19:45:44.761456
JHARKHAND,DEOGHAR,2012,5.46,total_ipc_crimes,2013,5.64,green,0.9528,Regular monitoring required. Risk score: 5.6. Main driver: total_ipc_crimes,model1_india_ipc,RandomForestRegressor,2026-05-02T19:45:44.761456
JHARKHAND,DHANBAD,2012,10.29,total_ipc_crimes,2013,10.59,green,0.9528,Regular monitoring required. Risk score: 10.6. Main driver: total_ipc_crimes,model1_india_ipc,RandomForestRegressor,2026-05-02T19:45:44.761456
JHARKHAND,DHANBAD RLY.,2012,1.15,total_ipc_crimes,2013,1.21,green,0.9528,Regular monitoring required. Risk score: 1.2. Main driver: total_ipc_crimes,model1_india_ipc,RandomForestRegressor,2026-05-02T19:45:44.761456
JHARKHAND,DUMKA,2012,3.73,total_ipc_crimes,2013,3.88,green,0.9528,Regular monitoring required. Risk score: 3.9. Main driver: total_ipc_crimes,model1_india_ipc,RandomForestRegressor,2026-05-02T19:45:44.761456
JHARKHAND,GARHWA,2012,4.84,total_ipc_crimes,2013,4.83,green,0.9528,Regular monitoring required. Risk score: 4.8. Main driver: total_ipc_crimes,model1_india_ipc,RandomForestRegressor,2026-05-02T19:45:44.761456
JHARKHAND,GIRIDIH,2012,6.76,total_ipc_crimes,2013,6.94,green,0.9528,Regular monitoring required. Risk score: 6.9. Main driver: total_ipc_crimes,model1_india_ipc,RandomForestRegressor,2026-05-02T19:45:44.761456
JHARKHAND,GODDA,2012,3.02,total_ipc_crimes,2013,3.3,green,0.9528,Regular monitoring required. Risk score: 3.3. Main driver: total_ipc_crimes,model1_india_ipc,RandomForestRegressor,2026-05-02T19:45:44.761456
JHARKHAND,GUMLA,2012,2.84,total_ipc_crimes,2013,2.9,green,0.9528,Regular monitoring required. Risk score: 2.9. Main driver: total_ipc_crimes,model1_india_ipc,RandomForestRegressor,2026-05-02T19:45:44.761456
JHARKHAND,HAZARIBAGH,2012,4.92,total_ipc_crimes,2013,5.1,green,0.9528,Regular monitoring required. Risk score: 5.1. Main driver: total_ipc_crimes,model1_india_ipc,RandomForestRegressor,2026-05-02T19:45:44.761456
JHARKHAND,JAMSHEDPUR,2012,10.38,total_ipc_crimes,2013,10.72,green,0.9528,Regular monitoring required. Risk score: 10.7. Main driver: total_ipc_crimes,model1_india_ipc,RandomForestRegressor,2026-05-02T19:45:44.761456
JHARKHAND,JAMSHEDPUR RLY.,2012,0.77,total_ipc_crimes,2013,0.89,green,0.9528,Regular monitoring required. Risk score: 0.9. Main driver: total_ipc_crimes,model1_india_ipc,RandomForestRegressor,2026-05-02T19:45:44.761456
JHARKHAND,JAMTARA,2012,2.26,total_ipc_crimes,2013,2.41,green,0.9528,Regular monitoring required. Risk score: 2.4. Main driver: total_ipc_crimes,model1_india_ipc,RandomForestRegressor,2026-05-02T19:45:44.761456
JHARKHAND,KHUNTI,2012,1.14,total_ipc_crimes,2013,1.16,green,0.9528,Regular monitoring required. Risk score: 1.2. Main driver: total_ipc_crimes,model1_india_ipc,RandomForestRegressor,2026-05-02T19:45:44.761456
JHARKHAND,KODERMA,2012,2.65,total_ipc_crimes,2013,2.68,green,0.9528,Regular monitoring required. Risk score: 2.7. Main driver: total_ipc_crimes,model1_india_ipc,RandomForestRegressor,2026-05-02T19:45:44.761456
JHARKHAND,LATEHAR,2012,1.47,total_ipc_crimes,2013,1.49,green,0.9528,Regular monitoring required. Risk score: 1.5. Main driver: total_ipc_crimes,model1_india_ipc,RandomForestRegressor,2026-05-02T19:45:44.761456
JHARKHAND,LOHARDAGGA,2012,1.26,total_ipc_crimes,2013,1.3,green,0.9528,Regular monitoring required. Risk score: 1.3. Main driver: total_ipc_crimes,model1_india_ipc,RandomForestRegressor,2026-05-02T19:45:44.761456
JHARKHAND,PAKUR,2012,2.75,total_ipc_crimes,2013,2.73,green,0.9528,Regular monitoring required. Risk score: 2.7. Main driver: total_ipc_crimes,model1_india_ipc,RandomForestRegressor,2026-05-02T19:45:44.761456
JHARKHAND,PALAMU,2012,5.13,total_ipc_crimes,2013,5.05,green,0.9528,Regular monitoring required. Risk score: 5.0. Main driver: total_ipc_crimes,model1_india_ipc,RandomForestRegressor,2026-05-02T19:45:44.761456
JHARKHAND,RAMGARH,2012,2.94,total_ipc_crimes,2013,3.01,green,0.9528,Regular monitoring required. Risk score: 3.0. Main driver: total_ipc_crimes,model1_india_ipc,RandomForestRegressor,2026-05-02T19:45:44.761456
JHARKHAND,RANCHI,2012,7.16,total_ipc_crimes,2013,7.98,green,0.9528,Regular monitoring required. Risk score: 8.0. Main driver: total_ipc_crimes,model1_india_ipc,RandomForestRegressor,2026-05-02T19:45:44.761456
JHARKHAND,SAHEBGANJ,2012,3.63,total_ipc_crimes,2013,3.56,green,0.9528,Regular monitoring required. Risk score: 3.6. Main driver: total_ipc_crimes,model1_india_ipc,RandomForestRegressor,2026-05-02T19:45:44.761456
JHARKHAND,SARAIKELA,2012,2.83,total_ipc_crimes,2013,2.77,green,0.9528,Regular monitoring required. Risk score: 2.8. Main driver: total_ipc_crimes,model1_india_ipc,RandomForestRegressor,2026-05-02T19:45:44.761456
JHARKHAND,SIMDEGA,2012,1.41,total_ipc_crimes,2013,1.35,green,0.9528,Regular monitoring required. Risk score: 1.4. Main driver: total_ipc_crimes,model1_india_ipc,RandomForestRegressor,2026-05-02T19:45:44.761456
KARNATAKA,BAGALKOT,2012,4.52,total_ipc_crimes,2013,4.76,green,0.9528,Regular monitoring required. Risk score: 4.8. Main driver: total_ipc_crimes,model1_india_ipc,RandomForestRegressor,2026-05-02T19:45:44.761456
KARNATAKA,BANGALORE COMMR.,2012,81.76,total_ipc_crimes,2013,78.64,red,0.9528,High priority monitoring required. Risk score: 78.6. Main driver: total_ipc_crimes,model1_india_ipc,RandomForestRegressor,2026-05-02T19:45:44.761456
KARNATAKA,BANGALORE RURAL,2012,11.54,total_ipc_crimes,2013,11.7,green,0.9528,Regular monitoring required. Risk score: 11.7. Main driver: total_ipc_crimes,model1_india_ipc,RandomForestRegressor,2026-05-02T19:45:44.761456
KARNATAKA,BELGAUM,2012,13.87,total_ipc_crimes,2013,14.6,green,0.9528,Regular monitoring required. Risk score: 14.6. Main driver: total_ipc_crimes,model1_india_ipc,RandomForestRegressor,2026-05-02T19:45:44.761456
KARNATAKA,BELLARY,2012,6.65,total_ipc_crimes,2013,6.7,green,0.9528,Regular monitoring required. Risk score: 6.7. Main driver: total_ipc_crimes,model1_india_ipc,RandomForestRegressor,2026-05-02T19:45:44.761456
KARNATAKA,BIDAR,2012,6.92,total_ipc_crimes,2013,7.07,green,0.9528,Regular monitoring required. Risk score: 7.1. Main driver: total_ipc_crimes,model1_india_ipc,RandomForestRegressor,2026-05-02T19:45:44.761456
KARNATAKA,BIJAPUR,2012,5.72,total_ipc_crimes,2013,6.53,green,0.9528,Regular monitoring required. Risk score: 6.5. Main driver: total_ipc_crimes,model1_india_ipc,RandomForestRegressor,2026-05-02T19:45:44.761456
KARNATAKA,CBPURA,2012,5.76,total_ipc_crimes,2013,5.95,green,0.9528,Regular monitoring required. Risk score: 6.0. Main driver: total_ipc_crimes,model1_india_ipc,RandomForestRegressor,2026-05-02T19:45:44.761456
KARNATAKA,CHAMARAJNAGAR,2012,3.63,total_ipc_crimes,2013,3.81,green,0.9528,Regular monitoring required. Risk score: 3.8. Main driver: total_ipc_crimes,model1_india_ipc,RandomForestRegressor,2026-05-02T19:45:44.761456
KARNATAKA,CHICKMAGALUR,2012,5.03,total_ipc_crimes,2013,5.28,green,0.9528,Regular monitoring required. Risk score: 5.3. Main driver: total_ipc_crimes,model1_india_ipc,RandomForestRegressor,2026-05-02T19:45:44.761456
KARNATAKA,CHITRADURGA,2012,8.02,total_ipc_crimes,2013,8.24,green,0.9528,Regular monitoring required. Risk score: 8.2. Main driver: total_ipc_crimes,model1_india_ipc,RandomForestRegressor,2026-05-02T19:45:44.761456
KARNATAKA,DAKSHIN KANNADA,2012,3.53,total_ipc_crimes,2013,3.97,green,0.9528,Regular monitoring required. Risk score: 4.0. Main driver: total_ipc_crimes,model1_india_ipc,RandomForestRegressor,2026-05-02T19:45:44.761456
KARNATAKA,DAVANAGERE,2012,6.83,total_ipc_crimes,2013,6.86,green,0.9528,Regular monitoring required. Risk score: 6.9. Main driver: total_ipc_crimes,model1_india_ipc,RandomForestRegressor,2026-05-02T19:45:44.761456
KARNATAKA,DHARWAD COMMR.,2012,4.35,total_ipc_crimes,2013,4.74,green,0.9528,Regular monitoring required. Risk score: 4.7. Main driver: total_ipc_crimes,model1_india_ipc,RandomForestRegressor,2026-05-02T19:45:44.761456
KARNATAKA,DHARWAD RURAL,2012,2.56,total_ipc_crimes,2013,2.73,green,0.9528,Regular monitoring required. Risk score: 2.7. Main driver: total_ipc_crimes,model1_india_ipc,RandomForestRegressor,2026-05-02T19:45:44.761456
KARNATAKA,GADAG,2012,2.45,total_ipc_crimes,2013,2.48,green,0.9528,Regular monitoring required. Risk score: 2.5. Main driver: total_ipc_crimes,model1_india_ipc,RandomForestRegressor,2026-05-02T19:45:44.761456
KARNATAKA,GULBARGA,2012,8.92,total_ipc_crimes,2013,9.4,green,0.9528,Regular monitoring required. Risk score: 9.4. Main driver: total_ipc_crimes,model1_india_ipc,RandomForestRegressor,2026-05-02T19:45:44.761456
KARNATAKA,HASSAN,2012,11.26,total_ipc_crimes,2013,11.66,green,0.9528,Regular monitoring required. Risk score: 11.7. Main driver: total_ipc_crimes,model1_india_ipc,RandomForestRegressor,2026-05-02T19:45:44.761456
KARNATAKA,HAVERI,2012,4.85,total_ipc_crimes,2013,5.0,green,0.9528,Regular monitoring required. Risk score: 5.0. Main driver: total_ipc_crimes,model1_india_ipc,RandomForestRegressor,2026-05-02T19:45:44.761456
KARNATAKA,K.G.F.,2012,2.33,total_ipc_crimes,2013,2.37,green,0.9528,Regular monitoring required. Risk score: 2.4. Main driver: total_ipc_crimes,model1_india_ipc,RandomForestRegressor,2026-05-02T19:45:44.761456
KARNATAKA,KODAGU,2012,3.36,total_ipc_crimes,2013,3.57,green,0.9528,Regular monitoring required. Risk score: 3.6. Main driver: total_ipc_crimes,model1_india_ipc,RandomForestRegressor,2026-05-02T19:45:44.761456
KARNATAKA,KOLAR,2012,4.69,total_ipc_crimes,2013,4.69,green,0.9528,Regular monitoring required. Risk score: 4.7. Main driver: total_ipc_crimes,model1_india_ipc,RandomForestRegressor,2026-05-02T19:45:44.761456
KARNATAKA,KOPPAL,2012,3.54,total_ipc_crimes,2013,3.79,green,0.9528,Regular monitoring required. Risk score: 3.8. Main driver: total_ipc_crimes,model1_india_ipc,RandomForestRegressor,2026-05-02T19:45:44.761456
KARNATAKA,MANDYA,2012,12.76,total_ipc_crimes,2013,12.62,green,0.9528,Regular monitoring required. Risk score: 12.6. Main driver: total_ipc_crimes,model1_india_ipc,RandomForestRegressor,2026-05-02T19:45:44.761456
KARNATAKA,MANGALORE CITY,2012,5.15,total_ipc_crimes,2013,5.2,green,0.9528,Regular monitoring required. Risk score: 5.2. Main driver: total_ipc_crimes,model1_india_ipc,RandomForestRegressor,2026-05-02T19:45:44.761456
KARNATAKA,MYSORE COMMR.,2012,6.89,total_ipc_crimes,2013,7.24,green,0.9528,Regular monitoring required. Risk score: 7.2. Main driver: total_ipc_crimes,model1_india_ipc,RandomForestRegressor,2026-05-02T19:45:44.761456
KARNATAKA,MYSORE RURAL,2012,9.19,total_ipc_crimes,2013,9.43,green,0.9528,Regular monitoring required. Risk score: 9.4. Main driver: total_ipc_crimes,model1_india_ipc,RandomForestRegressor,2026-05-02T19:45:44.761456
KARNATAKA,RAICHUR,2012,6.06,total_ipc_crimes,2013,6.26,green,0.9528,Regular monitoring required. Risk score: 6.3. Main driver: total_ipc_crimes,model1_india_ipc,RandomForestRegressor,2026-05-02T19:45:44.761456
KARNATAKA,RAILWAYS,2012,2.47,total_ipc_crimes,2013,2.47,green,0.9528,Regular monitoring required. Risk score: 2.5. Main driver: total_ipc_crimes,model1_india_ipc,RandomForestRegressor,2026-05-02T19:45:44.761456
KARNATAKA,RAMANAGAR,2012,10.01,total_ipc_crimes,2013,10.18,green,0.9528,Regular monitoring required. Risk score: 10.2. Main driver: total_ipc_crimes,model1_india_ipc,RandomForestRegressor,2026-05-02T19:45:44.761456
KARNATAKA,SHIMOGA,2012,10.17,total_ipc_crimes,2013,10.28,green,0.9528,Regular monitoring required. Risk score: 10.3. Main driver: total_ipc_crimes,model1_india_ipc,RandomForestRegressor,2026-05-02T19:45:44.761456
KARNATAKA,TUMKUR,2012,11.73,total_ipc_crimes,2013,11.62,green,0.9528,Regular monitoring required. Risk score: 11.6. Main driver: total_ipc_crimes,model1_india_ipc,RandomForestRegressor,2026-05-02T19:45:44.761456
KARNATAKA,UDUPI,2012,4.4,total_ipc_crimes,2013,4.69,green,0.9528,Regular monitoring required. Risk score: 4.7. Main driver: total_ipc_crimes,model1_india_ipc,RandomForestRegressor,2026-05-02T19:45:44.761456
KARNATAKA,UTTAR KANNADA,2012,4.97,total_ipc_crimes,2013,5.12,green,0.9528,Regular monitoring required. Risk score: 5.1. Main driver: total_ipc_crimes,model1_india_ipc,RandomForestRegressor,2026-05-02T19:45:44.761456
KARNATAKA,YADGIRI,2012,3.44,total_ipc_crimes,2013,3.69,green,0.9528,Regular monitoring required. Risk score: 3.7. Main driver: total_ipc_crimes,model1_india_ipc,RandomForestRegressor,2026-05-02T19:45:44.761456
KERALA,ALAPUZHA,2012,15.12,total_ipc_crimes,2013,16.85,green,0.9528,Regular monitoring required. Risk score: 16.9. Main driver: total_ipc_crimes,model1_india_ipc,RandomForestRegressor,2026-05-02T19:45:44.761456
KERALA,ERNAKULAM COMMR.,2012,24.6,total_ipc_crimes,2013,27.16,green,0.9528,Regular monitoring required. Risk score: 27.2. Main driver: total_ipc_crimes,model1_india_ipc,RandomForestRegressor,2026-05-02T19:45:44.761456
KERALA,ERNAKULAM RURAL,2012,17.19,total_ipc_crimes,2013,20.84,green,0.9528,Regular monitoring required. Risk score: 20.8. Main driver: total_ipc_crimes,model1_india_ipc,RandomForestRegressor,2026-05-02T19:45:44.761456
KERALA,IDUKKI,2012,10.02,total_ipc_crimes,2013,10.28,green,0.9528,Regular monitoring required. Risk score: 10.3. Main driver: total_ipc_crimes,model1_india_ipc,RandomForestRegressor,2026-05-02T19:45:44.761456
KERALA,KANNUR,2012,16.42,total_ipc_crimes,2013,16.33,green,0.9528,Regular monitoring required. Risk score: 16.3. Main driver: total_ipc_crimes,model1_india_ipc,RandomForestRegressor,2026-05-02T19:45:44.761456
KERALA,KASARGOD,2012,10.24,total_ipc_crimes,2013,10.19,green,0.9528,Regular monitoring required. Risk score: 10.2. Main driver: total_ipc_crimes,model1_india_ipc,RandomForestRegressor,2026-05-02T19:45:44.761456
KERALA,KOLLAM COMMR.,2012,12.47,total_ipc_crimes,2013,12.53,green,0.9528,Regular monitoring required. Risk score: 12.5. Main driver: total_ipc_crimes,model1_india_ipc,RandomForestRegressor,2026-05-02T19:45:44.761456
KERALA,KOLLAM RURAL,2012,11.77,total_ipc_crimes,2013,12.68,green,0.9528,Regular monitoring required. Risk score: 12.7. Main driver: total_ipc_crimes,model1_india_ipc,RandomForestRegressor,2026-05-02T19:45:44.761456
KERALA,KOTTAYAM,2012,20.96,total_ipc_crimes,2013,22.18,green,0.9528,Regular monitoring required. Risk score: 22.2. Main driver: total_ipc_crimes,model1_india_ipc,RandomForestRegressor,2026-05-02T19:45:44.761456
KERALA,KOZHIKODE COMMR.,2012,7.84,total_ipc_crimes,2013,8.04,green,0.9528,Regular monitoring required. Risk score: 8.0. Main driver: total_ipc_crimes,model1_india_ipc,RandomForestRegressor,2026-05-02T19:45:44.761456
KERALA,KOZHIKODE RURAL,2012,11.58,total_ipc_crimes,2013,13.05,green,0.9528,Regular monitoring required. Risk score: 13.1. Main driver: total_ipc_crimes,model1_india_ipc,RandomForestRegressor,2026-05-02T19:45:44.761456
KERALA,MALAPPURAM,2012,23.27,total_ipc_crimes,2013,25.22,green,0.9528,Regular monitoring required. Risk score: 25.2. Main driver: total_ipc_crimes,model1_india_ipc,RandomForestRegressor,2026-05-02T19:45:44.761456
KERALA,PALAKKAD,2012,15.92,total_ipc_crimes,2013,16.63,green,0.9528,Regular monitoring required. Risk score: 16.6. Main driver: total_ipc_crimes,model1_india_ipc,RandomForestRegressor,2026-05-02T19:45:44.761456
KERALA,PATHANAMTHITTA,2012,9.93,total_ipc_crimes,2013,10.2,green,0.9528,Regular monitoring required. Risk score: 10.2. Main driver: total_ipc_crimes,model1_india_ipc,RandomForestRegressor,2026-05-02T19:45:44.761456
KERALA,RAILWAYS,2012,1.18,total_ipc_crimes,2013,1.2,green,0.9528,Regular monitoring required. Risk score: 1.2. Main driver: total_ipc_crimes,model1_india_ipc,RandomForestRegressor,2026-05-02T19:45:44.761456
KERALA,THRISSUR COMMR.,2012,10.34,total_ipc_crimes,2013,10.57,green,0.9528,Regular monitoring required. Risk score: 10.6. Main driver: total_ipc_crimes,model1_india_ipc,RandomForestRegressor,2026-05-02T19:45:44.761456
KERALA,THRISSUR RURAL,2012,20.66,total_ipc_crimes,2013,26.3,green,0.9528,Regular monitoring required. Risk score: 26.3. Main driver: total_ipc_crimes,model1_india_ipc,RandomForestRegressor,2026-05-02T19:45:44.761456
KERALA,TRIVANDRUM COMMR.,2012,13.7,total_ipc_crimes,2013,14.37,green,0.9528,Regular monitoring required. Risk score: 14.4. Main driver: total_ipc_crimes,model1_india_ipc,RandomForestRegressor,2026-05-02T19:45:44.761456
KERALA,TRIVANDRUM RURAL,2012,19.84,total_ipc_crimes,2013,19.92,green,0.9528,Regular monitoring required. Risk score: 19.9. Main driver: total_ipc_crimes,model1_india_ipc,RandomForestRegressor,2026-05-02T19:45:44.761456
KERALA,WAYANADU,2012,5.74,total_ipc_crimes,2013,6.26,green,0.9528,Regular monitoring required. Risk score: 6.3. Main driver: total_ipc_crimes,model1_india_ipc,RandomForestRegressor,2026-05-02T19:45:44.761456
LAKSHADWEEP,LAKSHADWEEP,2012,0.12,total_ipc_crimes,2013,0.16,green,0.9528,Regular monitoring required. Risk score: 0.2. Main driver: total_ipc_crimes,model1_india_ipc,RandomForestRegressor,2026-05-02T19:45:44.761456
MADHYA PRADESH,ALIRAJPUR,2012,2.93,total_ipc_crimes,2013,2.99,green,0.9528,Regular monitoring required. Risk score: 3.0. Main driver: total_ipc_crimes,model1_india_ipc,RandomForestRegressor,2026-05-02T19:45:44.761456
MADHYA PRADESH,ANUPPUR,2012,3.8,total_ipc_crimes,2013,3.84,green,0.9528,Regular monitoring required. Risk score: 3.8. Main driver: total_ipc_crimes,model1_india_ipc,RandomForestRegressor,2026-05-02T19:45:44.761456
MADHYA PRADESH,ASHOK NAGAR,2012,4.88,total_ipc_crimes,2013,5.04,green,0.9528,Regular monitoring required. Risk score: 5.0. Main driver: total_ipc_crimes,model1_india_ipc,RandomForestRegressor,2026-05-02T19:45:44.761456
MADHYA PRADESH,BALAGHAT,2012,5.5,total_ipc_crimes,2013,5.62,green,0.9528,Regular monitoring required. Risk score: 5.6. Main driver: total_ipc_crimes,model1_india_ipc,RandomForestRegressor,2026-05-02T19:45:44.761456
MADHYA PRADESH,BARWANI,2012,4.24,total_ipc_crimes,2013,4.52,green,0.9528,Regular monitoring required. Risk score: 4.5. Main driver: total_ipc_crimes,model1_india_ipc,RandomForestRegressor,2026-05-02T19:45:44.761456
MADHYA PRADESH,BETUL,2012,6.49,total_ipc_crimes,2013,6.72,green,0.9528,Regular monitoring required. Risk score: 6.7. Main driver: total_ipc_crimes,model1_india_ipc,RandomForestRegressor,2026-05-02T19:45:44.761456
MADHYA PRADESH,BHIND,2012,9.06,total_ipc_crimes,2013,9.23,green,0.9528,Regular monitoring required. Risk score: 9.2. Main driver: total_ipc_crimes,model1_india_ipc,RandomForestRegressor,2026-05-02T19:45:44.761456
MADHYA PRADESH,BHOPAL,2012,31.59,total_ipc_crimes,2013,31.64,green,0.9528,Regular monitoring required. Risk score: 31.6. Main driver: total_ipc_crimes,model1_india_ipc,RandomForestRegressor,2026-05-02T19:45:44.761456
MADHYA PRADESH,BHOPAL RLY.,2012,5.28,total_ipc_crimes,2013,5.08,green,0.9528,Regular monitoring required. Risk score: 5.1. Main driver: total_ipc_crimes,model1_india_ipc,RandomForestRegressor,2026-05-02T19:45:44.761456
MADHYA PRADESH,BURHANPUR,2012,3.15,total_ipc_crimes,2013,3.27,green,0.9528,Regular monitoring required. Risk score: 3.3. Main driver: total_ipc_crimes,model1_india_ipc,RandomForestRegressor,2026-05-02T19:45:44.761456
MADHYA PRADESH,CHHATARPUR,2012,8.67,total_ipc_crimes,2013,8.78,green,0.9528,Regular monitoring required. Risk score: 8.8. Main driver: total_ipc_crimes,model1_india_ipc,RandomForestRegressor,2026-05-02T19:45:44.761456
MADHYA PRADESH,CHHINDWARA,2012,11.87,total_ipc_crimes,2013,11.7,green,0.9528,Regular monitoring required. Risk score: 11.7. Main driver: total_ipc_crimes,model1_india_ipc,RandomForestRegressor,2026-05-02T19:45:44.761456
MADHYA PRADESH,DAMOH,2012,7.41,total_ipc_crimes,2013,7.53,green,0.9528,Regular monitoring required. Risk score: 7.5. Main driver: total_ipc_crimes,model1_india_ipc,RandomForestRegressor,2026-05-02T19:45:44.761456
MADHYA PRADESH,DATIYA,2012,4.73,total_ipc_crimes,2013,4.93,green,0.9528,Regular monitoring required. Risk score: 4.9. Main driver: total_ipc_crimes,model1_india_ipc,RandomForestRegressor,2026-05-02T19:45:44.761456
MADHYA PRADESH,DEWAS,2012,10.45,total_ipc_crimes,2013,10.65,green,0.9528,Regular monitoring required. Risk score: 10.7. Main driver: total_ipc_crimes,model1_india_ipc,RandomForestRegressor,2026-05-02T19:45:44.761456
MADHYA PRADESH,DHAR,2012,11.24,total_ipc_crimes,2013,11.45,green,0.9528,Regular monitoring required. Risk score: 11.4. Main driver: total_ipc_crimes,model1_india_ipc,RandomForestRegressor,2026-05-02T19:45:44.761456
MADHYA PRADESH,DINDORI,2012,2.49,total_ipc_crimes,2013,2.82,green,0.9528,Regular monitoring required. Risk score: 2.8. Main driver: total_ipc_crimes,model1_india_ipc,RandomForestRegressor,2026-05-02T19:45:44.761456
MADHYA PRADESH,GUNA,2012,7.63,total_ipc_crimes,2013,7.63,green,0.9528,Regular monitoring required. Risk score: 7.6. Main driver: total_ipc_crimes,model1_india_ipc,RandomForestRegressor,2026-05-02T19:45:44.761456
MADHYA PRADESH,GWALIOR,2012,24.04,total_ipc_crimes,2013,23.24,green,0.9528,Regular monitoring required. Risk score: 23.2. Main driver: total_ipc_crimes,model1_india_ipc,RandomForestRegressor,2026-05-02T19:45:44.761456
MADHYA PRADESH,HARDA,2012,2.94,total_ipc_crimes,2013,3.05,green,0.9528,Regular monitoring required. Risk score: 3.0. Main driver: total_ipc_crimes,model1_india_ipc,RandomForestRegressor,2026-05-02T19:45:44.761456
MADHYA PRADESH,HOSHANGABAD,2012,6.75,total_ipc_crimes,2013,6.92,green,0.9528,Regular monitoring required. Risk score: 6.9. Main driver: total_ipc_crimes,model1_india_ipc,RandomForestRegressor,2026-05-02T19:45:44.761456
MADHYA PRADESH,INDORE,2012,46.63,total_ipc_crimes,2013,43.51,yellow,0.9528,Medium priority surveillance required. Risk score: 43.5. Main driver: total_ipc_crimes,model1_india_ipc,RandomForestRegressor,2026-05-02T19:45:44.761456
MADHYA PRADESH,INDORE RLY.,2012,1.57,total_ipc_crimes,2013,1.4,green,0.9528,Regular monitoring required. Risk score: 1.4. Main driver: total_ipc_crimes,model1_india_ipc,RandomForestRegressor,2026-05-02T19:45:44.761456
MADHYA PRADESH,JABALPUR,2012,23.07,total_ipc_crimes,2013,22.78,green,0.9528,Regular monitoring required. Risk score: 22.8. Main driver: total_ipc_crimes,model1_india_ipc,RandomForestRegressor,2026-05-02T19:45:44.761456
MADHYA PRADESH,JABALPUR RLY.,2012,3.27,total_ipc_crimes,2013,2.87,green,0.9528,Regular monitoring required. Risk score: 2.9. Main driver: total_ipc_crimes,model1_india_ipc,RandomForestRegressor,2026-05-02T19:45:44.761456
MADHYA PRADESH,JHABUA,2012,4.91,total_ipc_crimes,2013,4.86,green,0.9528,Regular monitoring required. Risk score: 4.9. Main driver: total_ipc_crimes,model1_india_ipc,RandomForestRegressor,2026-05-02T19:45:44.761456
MADHYA PRADESH,KATNI,2012,7.26,total_ipc_crimes,2013,7.47,green,0.9528,Regular monitoring required. Risk score: 7.5. Main driver: total_ipc_crimes,model1_india_ipc,RandomForestRegressor,2026-05-02T19:45:44.761456
MADHYA PRADESH,KHANDWA,2012,5.43,total_ipc_crimes,2013,5.82,green,0.9528,Regular monitoring required. Risk score: 5.8. Main driver: total_ipc_crimes,model1_india_ipc,RandomForestRegressor,2026-05-02T19:45:44.761456
MADHYA PRADESH,KHARGON,2012,8.23,total_ipc_crimes,2013,8.5,green,0.9528,Regular monitoring required. Risk score: 8.5. Main driver: total_ipc_crimes,model1_india_ipc,RandomForestRegressor,2026-05-02T19:45:44.761456
MADHYA PRADESH,MANDLA,2012,4.34,total_ipc_crimes,2013,4.33,green,0.9528,Regular monitoring required. Risk score: 4.3. Main driver: total_ipc_crimes,model1_india_ipc,RandomForestRegressor,2026-05-02T19:45:44.761456
MADHYA PRADESH,MANDSAUR,2012,6.73,total_ipc_crimes,2013,6.85,green,0.9528,Regular monitoring required. Risk score: 6.8. Main driver: total_ipc_crimes,model1_india_ipc,RandomForestRegressor,2026-05-02T19:45:44.761456
MADHYA PRADESH,MORENA,2012,11.98,total_ipc_crimes,2013,11.6,green,0.9528,Regular monitoring required. Risk score: 11.6. Main driver: total_ipc_crimes,model1_india_ipc,RandomForestRegressor,2026-05-02T19:45:44.761456
MADHYA PRADESH,NARSINGHPUR,2012,7.99,total_ipc_crimes,2013,8.08,green,0.9528,Regular monitoring required. Risk score: 8.1. Main driver: total_ipc_crimes,model1_india_ipc,RandomForestRegressor,2026-05-02T19:45:44.761456
MADHYA PRADESH,NEEMUCH,2012,4.4,total_ipc_crimes,2013,4.64,green,0.9528,Regular monitoring required. Risk score: 4.6. Main driver: total_ipc_crimes,model1_india_ipc,RandomForestRegressor,2026-05-02T19:45:44.761456
MADHYA PRADESH,PANNA,2012,3.91,total_ipc_crimes,2013,4.02,green,0.9528,Regular monitoring required. Risk score: 4.0. Main driver: total_ipc_crimes,model1_india_ipc,RandomForestRegressor,2026-05-02T19:45:44.761456
MADHYA PRADESH,RAISEN,2012,9.84,total_ipc_crimes,2013,10.41,green,0.9528,Regular monitoring required. Risk score: 10.4. Main driver: total_ipc_crimes,model1_india_ipc,RandomForestRegressor,2026-05-02T19:45:44.761456
MADHYA PRADESH,RAJGARH,2012,9.04,total_ipc_crimes,2013,9.28,green,0.9528,Regular monitoring required. Risk score: 9.3. Main driver: total_ipc_crimes,model1_india_ipc,RandomForestRegressor,2026-05-02T19:45:44.761456
MADHYA PRADESH,RATLAM,2012,7.81,total_ipc_crimes,2013,8.09,green,0.9528,Regular monitoring required. Risk score: 8.1. Main driver: total_ipc_crimes,model1_india_ipc,RandomForestRegressor,2026-05-02T19:45:44.761456
MADHYA PRADESH,REWA,2012,11.64,total_ipc_crimes,2013,11.6,green,0.9528,Regular monitoring required. Risk score: 11.6. Main driver: total_ipc_crimes,model1_india_ipc,RandomForestRegressor,2026-05-02T19:45:44.761456
MADHYA PRADESH,SAGAR,2012,19.26,total_ipc_crimes,2013,19.83,green,0.9528,Regular monitoring required. Risk score: 19.8. Main driver: total_ipc_crimes,model1_india_ipc,RandomForestRegressor,2026-05-02T19:45:44.761456
MADHYA PRADESH,SATNA,2012,11.62,total_ipc_crimes,2013,11.63,green,0.9528,Regular monitoring required. Risk score: 11.6. Main driver: total_ipc_crimes,model1_india_ipc,RandomForestRegressor,2026-05-02T19:45:44.761456
MADHYA PRADESH,SEONI,2012,5.01,total_ipc_crimes,2013,5.13,green,0.9528,Regular monitoring required. Risk score: 5.1. Main driver: total_ipc_crimes,model1_india_ipc,RandomForestRegressor,2026-05-02T19:45:44.761456
MADHYA PRADESH,SHAHDOL,2012,6.45,total_ipc_crimes,2013,6.74,green,0.9528,Regular monitoring required. Risk score: 6.7. Main driver: total_ipc_crimes,model1_india_ipc,RandomForestRegressor,2026-05-02T19:45:44.761456
MADHYA PRADESH,SHAJAPUR,2012,8.23,total_ipc_crimes,2013,8.24,green,0.9528,Regular monitoring required. Risk score: 8.2. Main driver: total_ipc_crimes,model1_india_ipc,RandomForestRegressor,2026-05-02T19:45:44.761456
MADHYA PRADESH,SHEOPUR,2012,2.63,total_ipc_crimes,2013,2.79,green,0.9528,Regular monitoring required. Risk score: 2.8. Main driver: total_ipc_crimes,model1_india_ipc,RandomForestRegressor,2026-05-02T19:45:44.761456
MADHYA PRADESH,SHIVPURI,2012,10.14,total_ipc_crimes,2013,10.22,green,0.9528,Regular monitoring required. Risk score: 10.2. Main driver: total_ipc_crimes,model1_india_ipc,RandomForestRegressor,2026-05-02T19:45:44.761456
MADHYA PRADESH,SIDHI,2012,5.04,total_ipc_crimes,2013,5.11,green,0.9528,Regular monitoring required. Risk score: 5.1. Main driver: total_ipc_crimes,model1_india_ipc,RandomForestRegressor,2026-05-02T19:45:44.761456
MADHYA PRADESH,SIHORE,2012,7.66,total_ipc_crimes,2013,7.76,green,0.9528,Regular monitoring required. Risk score: 7.8. Main driver: total_ipc_crimes,model1_india_ipc,RandomForestRegressor,2026-05-02T19:45:44.761456
MADHYA PRADESH,SINGRAULI,2012,4.67,total_ipc_crimes,2013,4.83,green,0.9528,Regular monitoring required. Risk score: 4.8. Main driver: total_ipc_crimes,model1_india_ipc,RandomForestRegressor,2026-05-02T19:45:44.761456
MADHYA PRADESH,TIKAMGARH,2012,7.12,total_ipc_crimes,2013,7.34,green,0.9528,Regular monitoring required. Risk score: 7.3. Main driver: total_ipc_crimes,model1_india_ipc,RandomForestRegressor,2026-05-02T19:45:44.761456
MADHYA PRADESH,UJJAIN,2012,16.41,total_ipc_crimes,2013,16.4,green,0.9528,Regular monitoring required. Risk score: 16.4. Main driver: total_ipc_crimes,model1_india_ipc,RandomForestRegressor,2026-05-02T19:45:44.761456
MADHYA PRADESH,UMARIYA,2012,2.29,total_ipc_crimes,2013,2.46,green,0.9528,Regular monitoring required. Risk score: 2.5. Main driver: total_ipc_crimes,model1_india_ipc,RandomForestRegressor,2026-05-02T19:45:44.761456
MADHYA PRADESH,VIDISHA,2012,9.55,total_ipc_crimes,2013,9.76,green,0.9528,Regular monitoring required. Risk score: 9.8. Main driver: total_ipc_crimes,model1_india_ipc,RandomForestRegressor,2026-05-02T19:45:44.761456
MAHARASHTRA,AHMEDNAGAR,2012,19.67,total_ipc_crimes,2013,21.04,green,0.9528,Regular monitoring required. Risk score: 21.0. Main driver: total_ipc_crimes,model1_india_ipc,RandomForestRegressor,2026-05-02T19:45:44.761456
MAHARASHTRA,AKOLA,2012,8.72,total_ipc_crimes,2013,9.48,green,0.9528,Regular monitoring required. Risk score: 9.5. Main driver: total_ipc_crimes,model1_india_ipc,RandomForestRegressor,2026-05-02T19:45:44.761456
MAHARASHTRA,AMRAVATI COMMR.,2012,7.36,total_ipc_crimes,2013,7.58,green,0.9528,Regular monitoring required. Risk score: 7.6. Main driver: total_ipc_crimes,model1_india_ipc,RandomForestRegressor,2026-05-02T19:45:44.761456
MAHARASHTRA,AMRAVATI RURAL,2012,11.2,total_ipc_crimes,2013,11.18,green,0.9528,Regular monitoring required. Risk score: 11.2. Main driver: total_ipc_crimes,model1_india_ipc,RandomForestRegressor,2026-05-02T19:45:44.761456
MAHARASHTRA,AURANGABAD COMMR.,2012,9.87,total_ipc_crimes,2013,9.72,green,0.9528,Regular monitoring required. Risk score: 9.7. Main driver: total_ipc_crimes,model1_india_ipc,RandomForestRegressor,2026-05-02T19:45:44.761456
MAHARASHTRA,AURANGABAD RURAL,2012,9.43,total_ipc_crimes,2013,9.62,green,0.9528,Regular monitoring required. Risk score: 9.6. Main driver: total_ipc_crimes,model1_india_ipc,RandomForestRegressor,2026-05-02T19:45:44.761456
MAHARASHTRA,BEED,2012,10.8,total_ipc_crimes,2013,11.4,green,0.9528,Regular monitoring required. Risk score: 11.4. Main driver: total_ipc_crimes,model1_india_ipc,RandomForestRegressor,2026-05-02T19:45:44.761456
MAHARASHTRA,BHANDARA,2012,5.29,total_ipc_crimes,2013,5.4,green,0.9528,Regular monitoring required. Risk score: 5.4. Main driver: total_ipc_crimes,model1_india_ipc,RandomForestRegressor,2026-05-02T19:45:44.761456
MAHARASHTRA,BULDHANA,2012,8.76,total_ipc_crimes,2013,8.97,green,0.9528,Regular monitoring required. Risk score: 9.0. Main driver: total_ipc_crimes,model1_india_ipc,RandomForestRegressor,2026-05-02T19:45:44.761456
MAHARASHTRA,CHANDRAPUR,2012,9.49,total_ipc_crimes,2013,9.69,green,0.9528,Regular monitoring required. Risk score: 9.7. Main driver: total_ipc_crimes,model1_india_ipc,RandomForestRegressor,2026-05-02T19:45:44.761456
MAHARASHTRA,DHULE,2012,6.51,total_ipc_crimes,2013,7.02,green,0.9528,Regular monitoring required. Risk score: 7.0. Main driver: total_ipc_crimes,model1_india_ipc,RandomForestRegressor,2026-05-02T19:45:44.761456
MAHARASHTRA,GADCHIROLI,2012,2.71,total_ipc_crimes,2013,2.83,green,0.9528,Regular monitoring required. Risk score: 2.8. Main driver: total_ipc_crimes,model1_india_ipc,RandomForestRegressor,2026-05-02T19:45:44.761456
MAHARASHTRA,GONDIA,2012,4.57,total_ipc_crimes,2013,4.66,green,0.9528,Regular monitoring required. Risk score: 4.7. Main driver: total_ipc_crimes,model1_india_ipc,RandomForestRegressor,2026-05-02T19:45:44.761456
MAHARASHTRA,HINGOLI,2012,3.27,total_ipc_crimes,2013,3.43,green,0.9528,Regular monitoring required. Risk score: 3.4. Main driver: total_ipc_crimes,model1_india_ipc,RandomForestRegressor,2026-05-02T19:45:44.761456
MAHARASHTRA,JALGAON,2012,13.11,total_ipc_crimes,2013,13.65,green,0.9528,Regular monitoring required. Risk score: 13.7. Main driver: total_ipc_crimes,model1_india_ipc,RandomForestRegressor,2026-05-02T19:45:44.761456
MAHARASHTRA,JALNA,2012,7.9,total_ipc_crimes,2013,8.05,green,0.9528,Regular monitoring required. Risk score: 8.1. Main driver: total_ipc_crimes,model1_india_ipc,RandomForestRegressor,2026-05-02T19:45:44.761456
MAHARASHTRA,KOLHAPUR,2012,11.97,total_ipc_crimes,2013,12.26,green,0.9528,Regular monitoring required. Risk score: 12.3. Main driver: total_ipc_crimes,model1_india_ipc,RandomForestRegressor,2026-05-02T19:45:44.761456
MAHARASHTRA,LATUR,2012,8.07,total_ipc_crimes,2013,8.15,green,0.9528,Regular monitoring required. Risk score: 8.2. Main driver: total_ipc_crimes,model1_india_ipc,RandomForestRegressor,2026-05-02T19:45:44.761456
MAHARASHTRA,MUMBAI COMMR.,2012,88.82,total_ipc_crimes,2013,94.68,red,0.9528,High priority monitoring required. Risk score: 94.7. Main driver: total_ipc_crimes,model1_india_ipc,RandomForestRegressor,2026-05-02T19:45:44.761456
MAHARASHTRA,MUMBAI RLY.,2012,8.81,total_ipc_crimes,2013,8.99,green,0.9528,Regular monitoring required. Risk score: 9.0. Main driver: total_ipc_crimes,model1_india_ipc,RandomForestRegressor,2026-05-02T19:45:44.761456
MAHARASHTRA,NAGPUR COMMR.,2012,22.79,total_ipc_crimes,2013,24.0,green,0.9528,Regular monitoring required. Risk score: 24.0. Main driver: total_ipc_crimes,model1_india_ipc,RandomForestRegressor,2026-05-02T19:45:44.761456
MAHARASHTRA,NAGPUR RLY.,2012,5.06,total_ipc_crimes,2013,4.85,green,0.9528,Regular monitoring required. Risk score: 4.8. Main driver: total_ipc_crimes,model1_india_ipc,RandomForestRegressor,2026-05-02T19:45:44.761456
MAHARASHTRA,NAGPUR RURAL,2012,9.74,total_ipc_crimes,2013,10.28,green,0.9528,Regular monitoring required. Risk score: 10.3. Main driver: total_ipc_crimes,model1_india_ipc,RandomForestRegressor,2026-05-02T19:45:44.761456
MAHARASHTRA,NANDED,2012,11.31,total_ipc_crimes,2013,11.61,green,0.9528,Regular monitoring required. Risk score: 11.6. Main driver: total_ipc_crimes,model1_india_ipc,RandomForestRegressor,2026-05-02T19:45:44.761456
MAHARASHTRA,NANDURBAR,2012,3.43,total_ipc_crimes,2013,3.74,green,0.9528,Regular monitoring required. Risk score: 3.7. Main driver: total_ipc_crimes,model1_india_ipc,RandomForestRegressor,2026-05-02T19:45:44.761456
MAHARASHTRA,NASIK COMMR.,2012,10.85,total_ipc_crimes,2013,11.1,green,0.9528,Regular monitoring required. Risk score: 11.1. Main driver: total_ipc_crimes,model1_india_ipc,RandomForestRegressor,2026-05-02T19:45:44.761456
MAHARASHTRA,NASIK RURAL,2012,13.01,total_ipc_crimes,2013,13.43,green,0.9528,Regular monitoring required. Risk score: 13.4. Main driver: total_ipc_crimes,model1_india_ipc,RandomForestRegressor,2026-05-02T19:45:44.761456
MAHARASHTRA,NAVI MUMBAI,2012,14.99,total_ipc_crimes,2013,14.98,green,0.9528,Regular monitoring required. Risk score: 15.0. Main driver: total_ipc_crimes,model1_india_ipc,RandomForestRegressor,2026-05-02T19:45:44.761456
MAHARASHTRA,OSMANABAD,2012,7.61,total_ipc_crimes,2013,7.58,green,0.9528,Regular monitoring required. Risk score: 7.6. Main driver: total_ipc_crimes,model1_india_ipc,RandomForestRegressor,2026-05-02T19:45:44.761456
MAHARASHTRA,PARBHANI,2012,7.65,total_ipc_crimes,2013,7.71,green,0.9528,Regular monitoring required. Risk score: 7.7. Main driver: total_ipc_crimes,model1_india_ipc,RandomForestRegressor,2026-05-02T19:45:44.761456
MAHARASHTRA,PUNE COMMR.,2012,36.08,total_ipc_crimes,2013,36.68,green,0.9528,Regular monitoring required. Risk score: 36.7. Main driver: total_ipc_crimes,model1_india_ipc,RandomForestRegressor,2026-05-02T19:45:44.761456
MAHARASHTRA,PUNE RLY.,2012,1.75,total_ipc_crimes,2013,1.92,green,0.9528,Regular monitoring required. Risk score: 1.9. Main driver: total_ipc_crimes,model1_india_ipc,RandomForestRegressor,2026-05-02T19:45:44.761456
MAHARASHTRA,PUNE RURAL,2012,23.39,total_ipc_crimes,2013,23.05,green,0.9528,Regular monitoring required. Risk score: 23.1. Main driver: total_ipc_crimes,model1_india_ipc,RandomForestRegressor,2026-05-02T19:45:44.761456
MAHARASHTRA,RAIGAD,2012,5.61,total_ipc_crimes,2013,5.76,green,0.9528,Regular monitoring required. Risk score: 5.8. Main driver: total_ipc_crimes,model1_india_ipc,RandomForestRegressor,2026-05-02T19:45:44.761456
MAHARASHTRA,RATNAGIRI,2012,3.45,total_ipc_crimes,2013,3.7,green,0.9528,Regular monitoring required. Risk score: 3.7. Main driver: total_ipc_crimes,model1_india_ipc,RandomForestRegressor,2026-05-02T19:45:44.761456
MAHARASHTRA,SANGLI,2012,7.47,total_ipc_crimes,2013,7.54,green,0.9528,Regular monitoring required. Risk score: 7.5. Main driver: total_ipc_crimes,model1_india_ipc,RandomForestRegressor,2026-05-02T19:45:44.761456
MAHARASHTRA,SATARA,2012,13.79,total_ipc_crimes,2013,14.18,green,0.9528,Regular monitoring required. Risk score: 14.2. Main driver: total_ipc_crimes,model1_india_ipc,RandomForestRegressor,2026-05-02T19:45:44.761456
MAHARASHTRA,SINDHUDURG,2012,2.0,total_ipc_crimes,2013,2.08,green,0.9528,Regular monitoring required. Risk score: 2.1. Main driver: total_ipc_crimes,model1_india_ipc,RandomForestRegressor,2026-05-02T19:45:44.761456
MAHARASHTRA,SOLAPUR COMMR.,2012,5.62,total_ipc_crimes,2013,5.64,green,0.9528,Regular monitoring required. Risk score: 5.6. Main driver: total_ipc_crimes,model1_india_ipc,RandomForestRegressor,2026-05-02T19:45:44.761456
MAHARASHTRA,SOLAPUR RURAL,2012,12.1,total_ipc_crimes,2013,12.13,green,0.9528,Regular monitoring required. Risk score: 12.1. Main driver: total_ipc_crimes,model1_india_ipc,RandomForestRegressor,2026-05-02T19:45:44.761456
MAHARASHTRA,THANE COMMR.,2012,28.47,total_ipc_crimes,2013,28.67,green,0.9528,Regular monitoring required. Risk score: 28.7. Main driver: total_ipc_crimes,model1_india_ipc,RandomForestRegressor,2026-05-02T19:45:44.761456
MAHARASHTRA,THANE RURAL,2012,19.27,total_ipc_crimes,2013,20.06,green,0.9528,Regular monitoring required. Risk score: 20.1. Main driver: total_ipc_crimes,model1_india_ipc,RandomForestRegressor,2026-05-02T19:45:44.761456
MAHARASHTRA,WARDHA,2012,8.85,total_ipc_crimes,2013,9.1,green,0.9528,Regular monitoring required. Risk score: 9.1. Main driver: total_ipc_crimes,model1_india_ipc,RandomForestRegressor,2026-05-02T19:45:44.761456
MAHARASHTRA,WASHIM,2012,5.52,total_ipc_crimes,2013,5.62,green,0.9528,Regular monitoring required. Risk score: 5.6. Main driver: total_ipc_crimes,model1_india_ipc,RandomForestRegressor,2026-05-02T19:45:44.761456
MAHARASHTRA,YAVATMAL,2012,14.89,total_ipc_crimes,2013,15.95,green,0.9528,Regular monitoring required. Risk score: 15.9. Main driver: total_ipc_crimes,model1_india_ipc,RandomForestRegressor,2026-05-02T19:45:44.761456
MANIPUR,BISHNUPUR,2012,0.77,total_ipc_crimes,2013,0.79,green,0.9528,Regular monitoring required. Risk score: 0.8. Main driver: total_ipc_crimes,model1_india_ipc,RandomForestRegressor,2026-05-02T19:45:44.761456
MANIPUR,CHANDEL,2012,0.17,total_ipc_crimes,2013,0.19,green,0.9528,Regular monitoring required. Risk score: 0.2. Main driver: total_ipc_crimes,model1_india_ipc,RandomForestRegressor,2026-05-02T19:45:44.761456
MANIPUR,CHURACHANDPUR,2012,0.33,total_ipc_crimes,2013,0.36,green,0.9528,Regular monitoring required. Risk score: 0.4. Main driver: total_ipc_crimes,model1_india_ipc,RandomForestRegressor,2026-05-02T19:45:44.761456
MANIPUR,CID,2012,0.0,cheating,2013,0.0,green,0.9528,Regular monitoring required. Risk score: 0.0. Main driver: cheating,model1_india_ipc,RandomForestRegressor,2026-05-02T19:45:44.761456
MANIPUR,IMPHAL EAST,2012,2.06,total_ipc_crimes,2013,2.34,green,0.9528,Regular monitoring required. Risk score: 2.3. Main driver: total_ipc_crimes,model1_india_ipc,RandomForestRegressor,2026-05-02T19:45:44.761456
MANIPUR,IMPHAL WEST,2012,4.33,total_ipc_crimes,2013,4.72,green,0.9528,Regular monitoring required. Risk score: 4.7. Main driver: total_ipc_crimes,model1_india_ipc,RandomForestRegressor,2026-05-02T19:45:44.761456
MANIPUR,SENAPATI,2012,0.44,total_ipc_crimes,2013,0.42,green,0.9528,Regular monitoring required. Risk score: 0.4. Main driver: total_ipc_crimes,model1_india_ipc,RandomForestRegressor,2026-05-02T19:45:44.761456
MANIPUR,TAMENGLONG,2012,0.19,total_ipc_crimes,2013,0.19,green,0.9528,Regular monitoring required. Risk score: 0.2. Main driver: total_ipc_crimes,model1_india_ipc,RandomForestRegressor,2026-05-02T19:45:44.761456
MANIPUR,THOUBAL,2012,1.77,total_ipc_crimes,2013,1.69,green,0.9528,Regular monitoring required. Risk score: 1.7. Main driver: total_ipc_crimes,model1_india_ipc,RandomForestRegressor,2026-05-02T19:45:44.761456
MANIPUR,UKHRUL,2012,0.26,total_ipc_crimes,2013,0.21,green,0.9528,Regular monitoring required. Risk score: 0.2. Main driver: total_ipc_crimes,model1_india_ipc,RandomForestRegressor,2026-05-02T19:45:44.761456
MEGHALAYA,GARO HILLS EAST,2012,0.41,total_ipc_crimes,2013,0.52,green,0.9528,Regular monitoring required. Risk score: 0.5. Main driver: total_ipc_crimes,model1_india_ipc,RandomForestRegressor,2026-05-02T19:45:44.761456
MEGHALAYA,GARO HILLS SOUTH,2012,0.44,total_ipc_crimes,2013,0.44,green,0.9528,Regular monitoring required. Risk score: 0.4. Main driver: total_ipc_crimes,model1_india_ipc,RandomForestRegressor,2026-05-02T19:45:44.761456
MEGHALAYA,GARO HILLS WEST,2012,1.1,total_ipc_crimes,2013,1.28,green,0.9528,Regular monitoring required. Risk score: 1.3. Main driver: total_ipc_crimes,model1_india_ipc,RandomForestRegressor,2026-05-02T19:45:44.761456
MEGHALAYA,KHASI HILLS EAST,2012,2.71,total_ipc_crimes,2013,2.76,green,0.9528,Regular monitoring required. Risk score: 2.8. Main driver: total_ipc_crimes,model1_india_ipc,RandomForestRegressor,2026-05-02T19:45:44.761456
MEGHALAYA,KHASI HILLS WEST,2012,0.69,total_ipc_crimes,2013,0.76,green,0.9528,Regular monitoring required. Risk score: 0.8. Main driver: total_ipc_crimes,model1_india_ipc,RandomForestRegressor,2026-05-02T19:45:44.761456
MEGHALAYA,RI-BHOI,2012,0.85,total_ipc_crimes,2013,0.81,green,0.9528,Regular monitoring required. Risk score: 0.8. Main driver: total_ipc_crimes,model1_india_ipc,RandomForestRegressor,2026-05-02T19:45:44.761456
MIZORAM,AIZAWL,2012,2.74,total_ipc_crimes,2013,2.79,green,0.9528,Regular monitoring required. Risk score: 2.8. Main driver: total_ipc_crimes,model1_india_ipc,RandomForestRegressor,2026-05-02T19:45:44.761456
MIZORAM,CHAMPHAI,2012,0.8,total_ipc_crimes,2013,0.79,green,0.9528,Regular monitoring required. Risk score: 0.8. Main driver: total_ipc_crimes,model1_india_ipc,RandomForestRegressor,2026-05-02T19:45:44.761456
MIZORAM,KOLASIB,2012,0.53,total_ipc_crimes,2013,0.59,green,0.9528,Regular monitoring required. Risk score: 0.6. Main driver: total_ipc_crimes,model1_india_ipc,RandomForestRegressor,2026-05-02T19:45:44.761456
MIZORAM,LAWNGTLAI,2012,0.29,total_ipc_crimes,2013,0.28,green,0.9528,Regular monitoring required. Risk score: 0.3. Main driver: total_ipc_crimes,model1_india_ipc,RandomForestRegressor,2026-05-02T19:45:44.761456
MIZORAM,LUNGLEI,2012,0.47,total_ipc_crimes,2013,0.58,green,0.9528,Regular monitoring required. Risk score: 0.6. Main driver: total_ipc_crimes,model1_india_ipc,RandomForestRegressor,2026-05-02T19:45:44.761456
MIZORAM,MAMIT,2012,0.27,total_ipc_crimes,2013,0.26,green,0.9528,Regular monitoring required. Risk score: 0.3. Main driver: total_ipc_crimes,model1_india_ipc,RandomForestRegressor,2026-05-02T19:45:44.761456
MIZORAM,SAIHA,2012,0.19,total_ipc_crimes,2013,0.24,green,0.9528,Regular monitoring required. Risk score: 0.2. Main driver: total_ipc_crimes,model1_india_ipc,RandomForestRegressor,2026-05-02T19:45:44.761456
MIZORAM,SERCHHIP,2012,0.27,total_ipc_crimes,2013,0.24,green,0.9528,Regular monitoring required. Risk score: 0.2. Main driver: total_ipc_crimes,model1_india_ipc,RandomForestRegressor,2026-05-02T19:45:44.761456
NAGALAND,DIMAPUR,2012,1.59,total_ipc_crimes,2013,1.48,green,0.9528,Regular monitoring required. Risk score: 1.5. Main driver: total_ipc_crimes,model1_india_ipc,RandomForestRegressor,2026-05-02T19:45:44.761456
NAGALAND,KIPHIRE,2012,0.04,total_ipc_crimes,2013,0.04,green,0.9528,Regular monitoring required. Risk score: 0.0. Main driver: total_ipc_crimes,model1_india_ipc,RandomForestRegressor,2026-05-02T19:45:44.761456
NAGALAND,KOHIMA,2012,0.55,total_ipc_crimes,2013,0.56,green,0.9528,Regular monitoring required. Risk score: 0.6. Main driver: total_ipc_crimes,model1_india_ipc,RandomForestRegressor,2026-05-02T19:45:44.761456
NAGALAND,LONGLENG,2012,0.02,total_ipc_crimes,2013,0.04,green,0.9528,Regular monitoring required. Risk score: 0.0. Main driver: total_ipc_crimes,model1_india_ipc,RandomForestRegressor,2026-05-02T19:45:44.761456
NAGALAND,MOKOKCHUNG,2012,0.19,total_ipc_crimes,2013,0.2,green,0.9528,Regular monitoring required. Risk score: 0.2. Main driver: total_ipc_crimes,model1_india_ipc,RandomForestRegressor,2026-05-02T19:45:44.761456
NAGALAND,MON,2012,0.19,total_ipc_crimes,2013,0.2,green,0.9528,Regular monitoring required. Risk score: 0.2. Main driver: total_ipc_crimes,model1_india_ipc,RandomForestRegressor,2026-05-02T19:45:44.761456
NAGALAND,PEREN,2012,0.09,total_ipc_crimes,2013,0.09,green,0.9528,Regular monitoring required. Risk score: 0.1. Main driver: total_ipc_crimes,model1_india_ipc,RandomForestRegressor,2026-05-02T19:45:44.761456
NAGALAND,PHEK,2012,0.13,total_ipc_crimes,2013,0.14,green,0.9528,Regular monitoring required. Risk score: 0.1. Main driver: total_ipc_crimes,model1_india_ipc,RandomForestRegressor,2026-05-02T19:45:44.761456
NAGALAND,TUENSANG,2012,0.13,total_ipc_crimes,2013,0.13,green,0.9528,Regular monitoring required. Risk score: 0.1. Main driver: total_ipc_crimes,model1_india_ipc,RandomForestRegressor,2026-05-02T19:45:44.761456
NAGALAND,WOKHA,2012,0.19,total_ipc_crimes,2013,0.21,green,0.9528,Regular monitoring required. Risk score: 0.2. Main driver: total_ipc_crimes,model1_india_ipc,RandomForestRegressor,2026-05-02T19:45:44.761456
NAGALAND,ZUNHEBOTO,2012,0.18,total_ipc_crimes,2013,0.21,green,0.9528,Regular monitoring required. Risk score: 0.2. Main driver: total_ipc_crimes,model1_india_ipc,RandomForestRegressor,2026-05-02T19:45:44.761456
ODISHA,ANGUL,2012,8.83,total_ipc_crimes,2013,8.85,green,0.9528,Regular monitoring required. Risk score: 8.8. Main driver: total_ipc_crimes,model1_india_ipc,RandomForestRegressor,2026-05-02T19:45:44.761456
ODISHA,BALASORE,2012,11.11,total_ipc_crimes,2013,11.58,green,0.9528,Regular monitoring required. Risk score: 11.6. Main driver: total_ipc_crimes,model1_india_ipc,RandomForestRegressor,2026-05-02T19:45:44.761456
ODISHA,BARAGARH,2012,4.43,total_ipc_crimes,2013,4.52,green,0.9528,Regular monitoring required. Risk score: 4.5. Main driver: total_ipc_crimes,model1_india_ipc,RandomForestRegressor,2026-05-02T19:45:44.761456
ODISHA,BERHAMPUR,2012,4.99,total_ipc_crimes,2013,5.19,green,0.9528,Regular monitoring required. Risk score: 5.2. Main driver: total_ipc_crimes,model1_india_ipc,RandomForestRegressor,2026-05-02T19:45:44.761456
ODISHA,BHADRAK,2012,5.22,total_ipc_crimes,2013,5.34,green,0.9528,Regular monitoring required. Risk score: 5.3. Main driver: total_ipc_crimes,model1_india_ipc,RandomForestRegressor,2026-05-02T19:45:44.761456
ODISHA,BOLANGIR,2012,5.06,total_ipc_crimes,2013,5.32,green,0.9528,Regular monitoring required. Risk score: 5.3. Main driver: total_ipc_crimes,model1_india_ipc,RandomForestRegressor,2026-05-02T19:45:44.761456
ODISHA,BOUDH,2012,1.72,total_ipc_crimes,2013,1.72,green,0.9528,Regular monitoring required. Risk score: 1.7. Main driver: total_ipc_crimes,model1_india_ipc,RandomForestRegressor,2026-05-02T19:45:44.761456
ODISHA,CUTTACK,2012,6.04,total_ipc_crimes,2013,6.27,green,0.9528,Regular monitoring required. Risk score: 6.3. Main driver: total_ipc_crimes,model1_india_ipc,RandomForestRegressor,2026-05-02T19:45:44.761456
ODISHA,DCP BBSR,2012,13.28,total_ipc_crimes,2013,13.47,green,0.9528,Regular monitoring required. Risk score: 13.5. Main driver: total_ipc_crimes,model1_india_ipc,RandomForestRegressor,2026-05-02T19:45:44.761456
ODISHA,DCP CTC,2012,6.18,total_ipc_crimes,2013,6.19,green,0.9528,Regular monitoring required. Risk score: 6.2. Main driver: total_ipc_crimes,model1_india_ipc,RandomForestRegressor,2026-05-02T19:45:44.761456
ODISHA,DEOGARH,2012,1.36,total_ipc_crimes,2013,1.32,green,0.9528,Regular monitoring required. Risk score: 1.3. Main driver: total_ipc_crimes,model1_india_ipc,RandomForestRegressor,2026-05-02T19:45:44.761456
ODISHA,DHENKANAL,2012,5.08,total_ipc_crimes,2013,5.2,green,0.9528,Regular monitoring required. Risk score: 5.2. Main driver: total_ipc_crimes,model1_india_ipc,RandomForestRegressor,2026-05-02T19:45:44.761456
ODISHA,GAJAPATI,2012,1.14,total_ipc_crimes,2013,1.12,green,0.9528,Regular monitoring required. Risk score: 1.1. Main driver: total_ipc_crimes,model1_india_ipc,RandomForestRegressor,2026-05-02T19:45:44.761456
ODISHA,GANJAM,2012,6.58,total_ipc_crimes,2013,6.61,green,0.9528,Regular monitoring required. Risk score: 6.6. Main driver: total_ipc_crimes,model1_india_ipc,RandomForestRegressor,2026-05-02T19:45:44.761456
ODISHA,JAGATSINGHPUR,2012,5.55,total_ipc_crimes,2013,5.74,green,0.9528,Regular monitoring required. Risk score: 5.7. Main driver: total_ipc_crimes,model1_india_ipc,RandomForestRegressor,2026-05-02T19:45:44.761456
ODISHA,JAJPUR,2012,7.96,total_ipc_crimes,2013,8.04,green,0.9528,Regular monitoring required. Risk score: 8.0. Main driver: total_ipc_crimes,model1_india_ipc,RandomForestRegressor,2026-05-02T19:45:44.761456
ODISHA,JHARSUGUDA,2012,3.59,total_ipc_crimes,2013,3.67,green,0.9528,Regular monitoring required. Risk score: 3.7. Main driver: total_ipc_crimes,model1_india_ipc,RandomForestRegressor,2026-05-02T19:45:44.761456
ODISHA,KALAHANDI,2012,4.37,total_ipc_crimes,2013,4.36,green,0.9528,Regular monitoring required. Risk score: 4.4. Main driver: total_ipc_crimes,model1_india_ipc,RandomForestRegressor,2026-05-02T19:45:44.761456
ODISHA,KANDHAMAL,2012,2.28,total_ipc_crimes,2013,2.41,green,0.9528,Regular monitoring required. Risk score: 2.4. Main driver: total_ipc_crimes,model1_india_ipc,RandomForestRegressor,2026-05-02T19:45:44.761456
ODISHA,KENDRAPARA,2012,4.24,total_ipc_crimes,2013,4.55,green,0.9528,Regular monitoring required. Risk score: 4.5. Main driver: total_ipc_crimes,model1_india_ipc,RandomForestRegressor,2026-05-02T19:45:44.761456
ODISHA,KEONJHAR,2012,7.35,total_ipc_crimes,2013,7.77,green,0.9528,Regular monitoring required. Risk score: 7.8. Main driver: total_ipc_crimes,model1_india_ipc,RandomForestRegressor,2026-05-02T19:45:44.761456
ODISHA,KHURDA,2012,4.4,total_ipc_crimes,2013,4.47,green,0.9528,Regular monitoring required. Risk score: 4.5. Main driver: total_ipc_crimes,model1_india_ipc,RandomForestRegressor,2026-05-02T19:45:44.761456
ODISHA,KORAPUT,2012,3.62,total_ipc_crimes,2013,3.74,green,0.9528,Regular monitoring required. Risk score: 3.7. Main driver: total_ipc_crimes,model1_india_ipc,RandomForestRegressor,2026-05-02T19:45:44.761456
ODISHA,MALKANGIR,2012,1.39,total_ipc_crimes,2013,1.43,green,0.9528,Regular monitoring required. Risk score: 1.4. Main driver: total_ipc_crimes,model1_india_ipc,RandomForestRegressor,2026-05-02T19:45:44.761456
ODISHA,MAYURBHANJ,2012,6.22,total_ipc_crimes,2013,6.32,green,0.9528,Regular monitoring required. Risk score: 6.3. Main driver: total_ipc_crimes,model1_india_ipc,RandomForestRegressor,2026-05-02T19:45:44.761456
ODISHA,NAYAGARH,2012,3.43,total_ipc_crimes,2013,3.63,green,0.9528,Regular monitoring required. Risk score: 3.6. Main driver: total_ipc_crimes,model1_india_ipc,RandomForestRegressor,2026-05-02T19:45:44.761456
ODISHA,NOWRANGPUR,2012,2.47,total_ipc_crimes,2013,2.49,green,0.9528,Regular monitoring required. Risk score: 2.5. Main driver: total_ipc_crimes,model1_india_ipc,RandomForestRegressor,2026-05-02T19:45:44.761456
ODISHA,NUAPADA,2012,1.92,total_ipc_crimes,2013,1.89,green,0.9528,Regular monitoring required. Risk score: 1.9. Main driver: total_ipc_crimes,model1_india_ipc,RandomForestRegressor,2026-05-02T19:45:44.761456
ODISHA,PURI,2012,8.33,total_ipc_crimes,2013,8.5,green,0.9528,Regular monitoring required. Risk score: 8.5. Main driver: total_ipc_crimes,model1_india_ipc,RandomForestRegressor,2026-05-02T19:45:44.761456
ODISHA,RAYAGADA,2012,2.66,total_ipc_crimes,2013,2.81,green,0.9528,Regular monitoring required. Risk score: 2.8. Main driver: total_ipc_crimes,model1_india_ipc,RandomForestRegressor,2026-05-02T19:45:44.761456
ODISHA,ROURKELA,2012,5.35,total_ipc_crimes,2013,5.71,green,0.9528,Regular monitoring required. Risk score: 5.7. Main driver: total_ipc_crimes,model1_india_ipc,RandomForestRegressor,2026-05-02T19:45:44.761456
ODISHA,SAMBALPUR,2012,6.33,total_ipc_crimes,2013,6.43,green,0.9528,Regular monitoring required. Risk score: 6.4. Main driver: total_ipc_crimes,model1_india_ipc,RandomForestRegressor,2026-05-02T19:45:44.761456
ODISHA,SONEPUR,2012,1.42,total_ipc_crimes,2013,1.43,green,0.9528,Regular monitoring required. Risk score: 1.4. Main driver: total_ipc_crimes,model1_india_ipc,RandomForestRegressor,2026-05-02T19:45:44.761456
ODISHA,SRP(CUTTACK),2012,2.62,total_ipc_crimes,2013,2.43,green,0.9528,Regular monitoring required. Risk score: 2.4. Main driver: total_ipc_crimes,model1_india_ipc,RandomForestRegressor,2026-05-02T19:45:44.761456
ODISHA,SRP(ROURKELA),2012,1.53,total_ipc_crimes,2013,1.48,green,0.9528,Regular monitoring required. Risk score: 1.5. Main driver: total_ipc_crimes,model1_india_ipc,RandomForestRegressor,2026-05-02T19:45:44.761456
ODISHA,SUNDARGARH,2012,3.96,total_ipc_crimes,2013,4.18,green,0.9528,Regular monitoring required. Risk score: 4.2. Main driver: total_ipc_crimes,model1_india_ipc,RandomForestRegressor,2026-05-02T19:45:44.761456
PUDUCHERRY,KARAIKAL,2012,1.65,total_ipc_crimes,2013,1.73,green,0.9528,Regular monitoring required. Risk score: 1.7. Main driver: total_ipc_crimes,model1_india_ipc,RandomForestRegressor,2026-05-02T19:45:44.761456
PUDUCHERRY,PUDUCHERRY,2012,7.77,total_ipc_crimes,2013,8.03,green,0.9528,Regular monitoring required. Risk score: 8.0. Main driver: total_ipc_crimes,model1_india_ipc,RandomForestRegressor,2026-05-02T19:45:44.761456
PUNJAB,AMRITSAR RURAL,2012,3.26,total_ipc_crimes,2013,3.41,green,0.9528,Regular monitoring required. Risk score: 3.4. Main driver: total_ipc_crimes,model1_india_ipc,RandomForestRegressor,2026-05-02T19:45:44.761456
PUNJAB,BARNALA,2012,1.79,total_ipc_crimes,2013,1.92,green,0.9528,Regular monitoring required. Risk score: 1.9. Main driver: total_ipc_crimes,model1_india_ipc,RandomForestRegressor,2026-05-02T19:45:44.761456
PUNJAB,BATALA,2012,2.56,total_ipc_crimes,2013,2.69,green,0.9528,Regular monitoring required. Risk score: 2.7. Main driver: total_ipc_crimes,model1_india_ipc,RandomForestRegressor,2026-05-02T19:45:44.761456
PUNJAB,BHATINDA,2012,4.7,total_ipc_crimes,2013,4.67,green,0.9528,Regular monitoring required. Risk score: 4.7. Main driver: total_ipc_crimes,model1_india_ipc,RandomForestRegressor,2026-05-02T19:45:44.761456
PUNJAB,CP AMRITSAR,2012,5.23,total_ipc_crimes,2013,5.2,green,0.9528,Regular monitoring required. Risk score: 5.2. Main driver: total_ipc_crimes,model1_india_ipc,RandomForestRegressor,2026-05-02T19:45:44.761456
PUNJAB,CP JALANDHAR,2012,4.77,total_ipc_crimes,2013,4.84,green,0.9528,Regular monitoring required. Risk score: 4.8. Main driver: total_ipc_crimes,model1_india_ipc,RandomForestRegressor,2026-05-02T19:45:44.761456
PUNJAB,CP LUDHIANA,2012,7.74,total_ipc_crimes,2013,8.06,green,0.9528,Regular monitoring required. Risk score: 8.1. Main driver: total_ipc_crimes,model1_india_ipc,RandomForestRegressor,2026-05-02T19:45:44.761456
PUNJAB,FARIDKOT,2012,1.87,total_ipc_crimes,2013,1.93,green,0.9528,Regular monitoring required. Risk score: 1.9. Main driver: total_ipc_crimes,model1_india_ipc,RandomForestRegressor,2026-05-02T19:45:44.761456
PUNJAB,FATEHGARH SAHIB,2012,1.98,total_ipc_crimes,2013,2.07,green,0.9528,Regular monitoring required. Risk score: 2.1. Main driver: total_ipc_crimes,model1_india_ipc,RandomForestRegressor,2026-05-02T19:45:44.761456
PUNJAB,FAZILKA,2012,2.5,total_ipc_crimes,2013,2.65,green,0.9528,Regular monitoring required. Risk score: 2.6. Main driver: total_ipc_crimes,model1_india_ipc,RandomForestRegressor,2026-05-02T19:45:44.761456
PUNJAB,FEROZPUR,2012,3.21,total_ipc_crimes,2013,3.4,green,0.9528,Regular monitoring required. Risk score: 3.4. Main driver: total_ipc_crimes,model1_india_ipc,RandomForestRegressor,2026-05-02T19:45:44.761456
PUNJAB,G.R.P,2012,0.65,total_ipc_crimes,2013,0.65,green,0.9528,Regular monitoring required. Risk score: 0.7. Main driver: total_ipc_crimes,model1_india_ipc,RandomForestRegressor,2026-05-02T19:45:44.761456
PUNJAB,GURDASPUR,2012,2.08,total_ipc_crimes,2013,2.27,green,0.9528,Regular monitoring required. Risk score: 2.3. Main driver: total_ipc_crimes,model1_india_ipc,RandomForestRegressor,2026-05-02T19:45:44.761456
PUNJAB,HOSHIARPUR,2012,4.26,total_ipc_crimes,2013,4.75,green,0.9528,Regular monitoring required. Risk score: 4.8. Main driver: total_ipc_crimes,model1_india_ipc,RandomForestRegressor,2026-05-02T19:45:44.761456
PUNJAB,JALANDHAR RURAL,2012,4.21,total_ipc_crimes,2013,4.51,green,0.9528,Regular monitoring required. Risk score: 4.5. Main driver: total_ipc_crimes,model1_india_ipc,RandomForestRegressor,2026-05-02T19:45:44.761456
PUNJAB,KAPURTHALA,2012,3.61,total_ipc_crimes,2013,3.66,green,0.9528,Regular monitoring required. Risk score: 3.7. Main driver: total_ipc_crimes,model1_india_ipc,RandomForestRegressor,2026-05-02T19:45:44.761456
PUNJAB,KHANNA,2012,2.17,total_ipc_crimes,2013,2.29,green,0.9528,Regular monitoring required. Risk score: 2.3. Main driver: total_ipc_crimes,model1_india_ipc,RandomForestRegressor,2026-05-02T19:45:44.761456
PUNJAB,LUDHIANA RURAL,2012,2.04,total_ipc_crimes,2013,2.29,green,0.9528,Regular monitoring required. Risk score: 2.3. Main driver: total_ipc_crimes,model1_india_ipc,RandomForestRegressor,2026-05-02T19:45:44.761456
PUNJAB,MANSA,2012,1.7,total_ipc_crimes,2013,1.83,green,0.9528,Regular monitoring required. Risk score: 1.8. Main driver: total_ipc_crimes,model1_india_ipc,RandomForestRegressor,2026-05-02T19:45:44.761456
PUNJAB,MOGA,2012,2.99,total_ipc_crimes,2013,3.17,green,0.9528,Regular monitoring required. Risk score: 3.2. Main driver: total_ipc_crimes,model1_india_ipc,RandomForestRegressor,2026-05-02T19:45:44.761456
PUNJAB,MUKTSAR,2012,2.12,total_ipc_crimes,2013,2.29,green,0.9528,Regular monitoring required. Risk score: 2.3. Main driver: total_ipc_crimes,model1_india_ipc,RandomForestRegressor,2026-05-02T19:45:44.761456
PUNJAB,PATHANKOT,2012,1.15,total_ipc_crimes,2013,1.29,green,0.9528,Regular monitoring required. Risk score: 1.3. Main driver: total_ipc_crimes,model1_india_ipc,RandomForestRegressor,2026-05-02T19:45:44.761456
PUNJAB,PATIALA,2012,6.16,total_ipc_crimes,2013,6.37,green,0.9528,Regular monitoring required. Risk score: 6.4. Main driver: total_ipc_crimes,model1_india_ipc,RandomForestRegressor,2026-05-02T19:45:44.761456
PUNJAB,ROPAR,2012,2.86,total_ipc_crimes,2013,2.8,green,0.9528,Regular monitoring required. Risk score: 2.8. Main driver: total_ipc_crimes,model1_india_ipc,RandomForestRegressor,2026-05-02T19:45:44.761456
PUNJAB,SANGRUR,2012,4.6,total_ipc_crimes,2013,4.76,green,0.9528,Regular monitoring required. Risk score: 4.8. Main driver: total_ipc_crimes,model1_india_ipc,RandomForestRegressor,2026-05-02T19:45:44.761456
PUNJAB,SAS NGR,2012,6.48,total_ipc_crimes,2013,6.55,green,0.9528,Regular monitoring required. Risk score: 6.5. Main driver: total_ipc_crimes,model1_india_ipc,RandomForestRegressor,2026-05-02T19:45:44.761456
PUNJAB,SBS NAGAR,2012,1.88,total_ipc_crimes,2013,2.0,green,0.9528,Regular monitoring required. Risk score: 2.0. Main driver: total_ipc_crimes,model1_india_ipc,RandomForestRegressor,2026-05-02T19:45:44.761456
PUNJAB,TARN TARAN,2012,2.85,total_ipc_crimes,2013,2.87,green,0.9528,Regular monitoring required. Risk score: 2.9. Main driver: total_ipc_crimes,model1_india_ipc,RandomForestRegressor,2026-05-02T19:45:44.761456
RAJASTHAN,AJMER,2012,14.4,total_ipc_crimes,2013,14.26,green,0.9528,Regular monitoring required. Risk score: 14.3. Main driver: total_ipc_crimes,model1_india_ipc,RandomForestRegressor,2026-05-02T19:45:44.761456
RAJASTHAN,ALWAR,2012,32.85,total_ipc_crimes,2013,33.3,green,0.9528,Regular monitoring required. Risk score: 33.3. Main driver: total_ipc_crimes,model1_india_ipc,RandomForestRegressor,2026-05-02T19:45:44.761456
RAJASTHAN,BANSWARA,2012,6.07,total_ipc_crimes,2013,6.23,green,0.9528,Regular monitoring required. Risk score: 6.2. Main driver: total_ipc_crimes,model1_india_ipc,RandomForestRegressor,2026-05-02T19:45:44.761456
RAJASTHAN,BARAN,2012,7.95,total_ipc_crimes,2013,8.1,green,0.9528,Regular monitoring required. Risk score: 8.1. Main driver: total_ipc_crimes,model1_india_ipc,RandomForestRegressor,2026-05-02T19:45:44.761456
RAJASTHAN,BARMER,2012,7.99,total_ipc_crimes,2013,8.14,green,0.9528,Regular monitoring required. Risk score: 8.1. Main driver: total_ipc_crimes,model1_india_ipc,RandomForestRegressor,2026-05-02T19:45:44.761456
RAJASTHAN,BHARATPUR,2012,19.03,total_ipc_crimes,2013,19.43,green,0.9528,Regular monitoring required. Risk score: 19.4. Main driver: total_ipc_crimes,model1_india_ipc,RandomForestRegressor,2026-05-02T19:45:44.761456
RAJASTHAN,BHILWARA,2012,11.0,total_ipc_crimes,2013,11.15,green,0.9528,Regular monitoring required. Risk score: 11.2. Main driver: total_ipc_crimes,model1_india_ipc,RandomForestRegressor,2026-05-02T19:45:44.761456
RAJASTHAN,BIKANER,2012,9.69,total_ipc_crimes,2013,9.27,green,0.9528,Regular monitoring required. Risk score: 9.3. Main driver: total_ipc_crimes,model1_india_ipc,RandomForestRegressor,2026-05-02T19:45:44.761456
RAJASTHAN,BUNDI,2012,7.0,total_ipc_crimes,2013,7.3,green,0.9528,Regular monitoring required. Risk score: 7.3. Main driver: total_ipc_crimes,model1_india_ipc,RandomForestRegressor,2026-05-02T19:45:44.761456
RAJASTHAN,CHITTORGARH,2012,10.21,total_ipc_crimes,2013,10.22,green,0.9528,Regular monitoring required. Risk score: 10.2. Main driver: total_ipc_crimes,model1_india_ipc,RandomForestRegressor,2026-05-02T19:45:44.761456
RAJASTHAN,CHURU,2012,7.44,total_ipc_crimes,2013,7.6,green,0.9528,Regular monitoring required. Risk score: 7.6. Main driver: total_ipc_crimes,model1_india_ipc,RandomForestRegressor,2026-05-02T19:45:44.761456
RAJASTHAN,DAUSA,2012,10.79,total_ipc_crimes,2013,11.26,green,0.9528,Regular monitoring required. Risk score: 11.3. Main driver: total_ipc_crimes,model1_india_ipc,RandomForestRegressor,2026-05-02T19:45:44.761456
RAJASTHAN,DHOLPUR,2012,8.66,total_ipc_crimes,2013,8.84,green,0.9528,Regular monitoring required. Risk score: 8.8. Main driver: total_ipc_crimes,model1_india_ipc,RandomForestRegressor,2026-05-02T19:45:44.761456
RAJASTHAN,DUNGARPUR,2012,3.64,total_ipc_crimes,2013,3.86,green,0.9528,Regular monitoring required. Risk score: 3.9. Main driver: total_ipc_crimes,model1_india_ipc,RandomForestRegressor,2026-05-02T19:45:44.761456
RAJASTHAN,G.R.P.AJMER,2012,2.91,total_ipc_crimes,2013,2.76,green,0.9528,Regular monitoring required. Risk score: 2.8. Main driver: total_ipc_crimes,model1_india_ipc,RandomForestRegressor,2026-05-02T19:45:44.761456
RAJASTHAN,G.R.P.JODHPUR,2012,0.44,total_ipc_crimes,2013,0.5,green,0.9528,Regular monitoring required. Risk score: 0.5. Main driver: total_ipc_crimes,model1_india_ipc,RandomForestRegressor,2026-05-02T19:45:44.761456
RAJASTHAN,GANGANAGAR,2012,12.02,total_ipc_crimes,2013,11.44,green,0.9528,Regular monitoring required. Risk score: 11.4. Main driver: total_ipc_crimes,model1_india_ipc,RandomForestRegressor,2026-05-02T19:45:44.761456
RAJASTHAN,HANUMANGARH,2012,8.65,total_ipc_crimes,2013,8.89,green,0.9528,Regular monitoring required. Risk score: 8.9. Main driver: total_ipc_crimes,model1_india_ipc,RandomForestRegressor,2026-05-02T19:45:44.761456
RAJASTHAN,JAIPUR EAST,2012,18.06,total_ipc_crimes,2013,18.1,green,0.9528,Regular monitoring required. Risk score: 18.1. Main driver: total_ipc_crimes,model1_india_ipc,RandomForestRegressor,2026-05-02T19:45:44.761456
RAJASTHAN,JAIPUR NORTH,2012,7.36,total_ipc_crimes,2013,7.82,green,0.9528,Regular monitoring required. Risk score: 7.8. Main driver: total_ipc_crimes,model1_india_ipc,RandomForestRegressor,2026-05-02T19:45:44.761456
RAJASTHAN,JAIPUR RURAL,2012,11.76,total_ipc_crimes,2013,11.75,green,0.9528,Regular monitoring required. Risk score: 11.8. Main driver: total_ipc_crimes,model1_india_ipc,RandomForestRegressor,2026-05-02T19:45:44.761456
RAJASTHAN,JAIPUR SOUTH,2012,10.27,total_ipc_crimes,2013,10.02,green,0.9528,Regular monitoring required. Risk score: 10.0. Main driver: total_ipc_crimes,model1_india_ipc,RandomForestRegressor,2026-05-02T19:45:44.761456
RAJASTHAN,JAIPUR WEST,2012,13.07,total_ipc_crimes,2013,13.87,green,0.9528,Regular monitoring required. Risk score: 13.9. Main driver: total_ipc_crimes,model1_india_ipc,RandomForestRegressor,2026-05-02T19:45:44.761456
RAJASTHAN,JAISALMER,2012,2.66,total_ipc_crimes,2013,2.68,green,0.9528,Regular monitoring required. Risk score: 2.7. Main driver: total_ipc_crimes,model1_india_ipc,RandomForestRegressor,2026-05-02T19:45:44.761456
RAJASTHAN,JALORE,2012,4.7,total_ipc_crimes,2013,4.81,green,0.9528,Regular monitoring required. Risk score: 4.8. Main driver: total_ipc_crimes,model1_india_ipc,RandomForestRegressor,2026-05-02T19:45:44.761456
RAJASTHAN,JHALAWAR,2012,8.89,total_ipc_crimes,2013,9.07,green,0.9528,Regular monitoring required. Risk score: 9.1. Main driver: total_ipc_crimes,model1_india_ipc,RandomForestRegressor,2026-05-02T19:45:44.761456
RAJASTHAN,JHUNJHUNU,2012,9.05,total_ipc_crimes,2013,9.53,green,0.9528,Regular monitoring required. Risk score: 9.5. Main driver: total_ipc_crimes,model1_india_ipc,RandomForestRegressor,2026-05-02T19:45:44.761456
RAJASTHAN,JODHPUR EAST,2012,5.99,total_ipc_crimes,2013,6.17,green,0.9528,Regular monitoring required. Risk score: 6.2. Main driver: total_ipc_crimes,model1_india_ipc,RandomForestRegressor,2026-05-02T19:45:44.761456
RAJASTHAN,JODHPUR RURAL,2012,6.47,total_ipc_crimes,2013,6.79,green,0.9528,Regular monitoring required. Risk score: 6.8. Main driver: total_ipc_crimes,model1_india_ipc,RandomForestRegressor,2026-05-02T19:45:44.761456
RAJASTHAN,JODHPUR WEST,2012,6.23,total_ipc_crimes,2013,5.92,green,0.9528,Regular monitoring required. Risk score: 5.9. Main driver: total_ipc_crimes,model1_india_ipc,RandomForestRegressor,2026-05-02T19:45:44.761456
RAJASTHAN,KARAULI,2012,8.99,total_ipc_crimes,2013,9.16,green,0.9528,Regular monitoring required. Risk score: 9.2. Main driver: total_ipc_crimes,model1_india_ipc,RandomForestRegressor,2026-05-02T19:45:44.761456
RAJASTHAN,KOTA CITY,2012,9.29,total_ipc_crimes,2013,9.63,green,0.9528,Regular monitoring required. Risk score: 9.6. Main driver: total_ipc_crimes,model1_india_ipc,RandomForestRegressor,2026-05-02T19:45:44.761456
RAJASTHAN,KOTA RURAL,2012,4.88,total_ipc_crimes,2013,4.99,green,0.9528,Regular monitoring required. Risk score: 5.0. Main driver: total_ipc_crimes,model1_india_ipc,RandomForestRegressor,2026-05-02T19:45:44.761456
RAJASTHAN,NAGAUR,2012,9.34,total_ipc_crimes,2013,9.46,green,0.9528,Regular monitoring required. Risk score: 9.5. Main driver: total_ipc_crimes,model1_india_ipc,RandomForestRegressor,2026-05-02T19:45:44.761456
RAJASTHAN,PALI,2012,10.57,total_ipc_crimes,2013,10.98,green,0.9528,Regular monitoring required. Risk score: 11.0. Main driver: total_ipc_crimes,model1_india_ipc,RandomForestRegressor,2026-05-02T19:45:44.761456
RAJASTHAN,PRATAPGARH,2012,6.06,total_ipc_crimes,2013,6.37,green,0.9528,Regular monitoring required. Risk score: 6.4. Main driver: total_ipc_crimes,model1_india_ipc,RandomForestRegressor,2026-05-02T19:45:44.761456
RAJASTHAN,RAJSAMAND,2012,5.62,total_ipc_crimes,2013,5.78,green,0.9528,Regular monitoring required. Risk score: 5.8. Main driver: total_ipc_crimes,model1_india_ipc,RandomForestRegressor,2026-05-02T19:45:44.761456
RAJASTHAN,SAWAI MADHOPUR,2012,8.09,total_ipc_crimes,2013,7.9,green,0.9528,Regular monitoring required. Risk score: 7.9. Main driver: total_ipc_crimes,model1_india_ipc,RandomForestRegressor,2026-05-02T19:45:44.761456
RAJASTHAN,SIKAR,2012,12.29,total_ipc_crimes,2013,12.37,green,0.9528,Regular monitoring required. Risk score: 12.4. Main driver: total_ipc_crimes,model1_india_ipc,RandomForestRegressor,2026-05-02T19:45:44.761456
RAJASTHAN,SIROHI,2012,4.48,total_ipc_crimes,2013,4.66,green,0.9528,Regular monitoring required. Risk score: 4.7. Main driver: total_ipc_crimes,model1_india_ipc,RandomForestRegressor,2026-05-02T19:45:44.761456
RAJASTHAN,TONK,2012,7.2,total_ipc_crimes,2013,7.56,green,0.9528,Regular monitoring required. Risk score: 7.6. Main driver: total_ipc_crimes,model1_india_ipc,RandomForestRegressor,2026-05-02T19:45:44.761456
RAJASTHAN,UDAIPUR,2012,18.98,total_ipc_crimes,2013,19.15,green,0.9528,Regular monitoring required. Risk score: 19.1. Main driver: total_ipc_crimes,model1_india_ipc,RandomForestRegressor,2026-05-02T19:45:44.761456
SIKKIM,EAST,2012,0.64,total_ipc_crimes,2013,0.63,green,0.9528,Regular monitoring required. Risk score: 0.6. Main driver: total_ipc_crimes,model1_india_ipc,RandomForestRegressor,2026-05-02T19:45:44.761456
SIKKIM,NORTH,2012,0.09,total_ipc_crimes,2013,0.09,green,0.9528,Regular monitoring required. Risk score: 0.1. Main driver: total_ipc_crimes,model1_india_ipc,RandomForestRegressor,2026-05-02T19:45:44.761456
SIKKIM,SOUTH,2012,0.52,total_ipc_crimes,2013,0.53,green,0.9528,Regular monitoring required. Risk score: 0.5. Main driver: total_ipc_crimes,model1_india_ipc,RandomForestRegressor,2026-05-02T19:45:44.761456
SIKKIM,WEST,2012,0.39,total_ipc_crimes,2013,0.35,green,0.9528,Regular monitoring required. Risk score: 0.3. Main driver: total_ipc_crimes,model1_india_ipc,RandomForestRegressor,2026-05-02T19:45:44.761456
TAMIL NADU,ARIYALUR,2012,4.66,total_ipc_crimes,2013,4.65,green,0.9528,Regular monitoring required. Risk score: 4.7. Main driver: total_ipc_crimes,model1_india_ipc,RandomForestRegressor,2026-05-02T19:45:44.761456
TAMIL NADU,CHENNAI,2012,39.11,total_ipc_crimes,2013,36.53,green,0.9528,Regular monitoring required. Risk score: 36.5. Main driver: total_ipc_crimes,model1_india_ipc,RandomForestRegressor,2026-05-02T19:45:44.761456
TAMIL NADU,CHENNAI RLY.,2012,1.44,total_ipc_crimes,2013,1.43,green,0.9528,Regular monitoring required. Risk score: 1.4. Main driver: total_ipc_crimes,model1_india_ipc,RandomForestRegressor,2026-05-02T19:45:44.761456
TAMIL NADU,COIMBATORE RURAL,2012,10.14,total_ipc_crimes,2013,9.83,green,0.9528,Regular monitoring required. Risk score: 9.8. Main driver: total_ipc_crimes,model1_india_ipc,RandomForestRegressor,2026-05-02T19:45:44.761456
TAMIL NADU,COIMBATORE URBAN,2012,16.13,total_ipc_crimes,2013,18.23,green,0.9528,Regular monitoring required. Risk score: 18.2. Main driver: total_ipc_crimes,model1_india_ipc,RandomForestRegressor,2026-05-02T19:45:44.761456
TAMIL NADU,CUDDALORE,2012,19.83,total_ipc_crimes,2013,19.99,green,0.9528,Regular monitoring required. Risk score: 20.0. Main driver: total_ipc_crimes,model1_india_ipc,RandomForestRegressor,2026-05-02T19:45:44.761456
TAMIL NADU,DHARMAPURI,2012,7.75,total_ipc_crimes,2013,8.06,green,0.9528,Regular monitoring required. Risk score: 8.1. Main driver: total_ipc_crimes,model1_india_ipc,RandomForestRegressor,2026-05-02T19:45:44.761456
TAMIL NADU,DINDIGUL,2012,10.91,total_ipc_crimes,2013,12.96,green,0.9528,Regular monitoring required. Risk score: 13.0. Main driver: total_ipc_crimes,model1_india_ipc,RandomForestRegressor,2026-05-02T19:45:44.761456
TAMIL NADU,ERODE,2012,9.18,total_ipc_crimes,2013,9.54,green,0.9528,Regular monitoring required. Risk score: 9.5. Main driver: total_ipc_crimes,model1_india_ipc,RandomForestRegressor,2026-05-02T19:45:44.761456
TAMIL NADU,KANCHIPURAM,2012,15.07,total_ipc_crimes,2013,15.44,green,0.9528,Regular monitoring required. Risk score: 15.4. Main driver: total_ipc_crimes,model1_india_ipc,RandomForestRegressor,2026-05-02T19:45:44.761456
TAMIL NADU,KANYAKUMARI,2012,9.3,total_ipc_crimes,2013,9.58,green,0.9528,Regular monitoring required. Risk score: 9.6. Main driver: total_ipc_crimes,model1_india_ipc,RandomForestRegressor,2026-05-02T19:45:44.761456
TAMIL NADU,KARUR,2012,4.54,total_ipc_crimes,2013,5.01,green,0.9528,Regular monitoring required. Risk score: 5.0. Main driver: total_ipc_crimes,model1_india_ipc,RandomForestRegressor,2026-05-02T19:45:44.761456
TAMIL NADU,KRISHNAGIRI,2012,8.34,total_ipc_crimes,2013,8.75,green,0.9528,Regular monitoring required. Risk score: 8.8. Main driver: total_ipc_crimes,model1_india_ipc,RandomForestRegressor,2026-05-02T19:45:44.761456
TAMIL NADU,MADURAI RURAL,2012,12.71,total_ipc_crimes,2013,13.19,green,0.9528,Regular monitoring required. Risk score: 13.2. Main driver: total_ipc_crimes,model1_india_ipc,RandomForestRegressor,2026-05-02T19:45:44.761456
TAMIL NADU,MADURAI URBAN,2012,7.03,total_ipc_crimes,2013,7.18,green,0.9528,Regular monitoring required. Risk score: 7.2. Main driver: total_ipc_crimes,model1_india_ipc,RandomForestRegressor,2026-05-02T19:45:44.761456
TAMIL NADU,NAGAPATTINAM,2012,7.55,total_ipc_crimes,2013,7.55,green,0.9528,Regular monitoring required. Risk score: 7.5. Main driver: total_ipc_crimes,model1_india_ipc,RandomForestRegressor,2026-05-02T19:45:44.761456
TAMIL NADU,NAMAKKAL,2012,7.39,total_ipc_crimes,2013,7.8,green,0.9528,Regular monitoring required. Risk score: 7.8. Main driver: total_ipc_crimes,model1_india_ipc,RandomForestRegressor,2026-05-02T19:45:44.761456
TAMIL NADU,NILGIRIS,2012,2.24,total_ipc_crimes,2013,2.43,green,0.9528,Regular monitoring required. Risk score: 2.4. Main driver: total_ipc_crimes,model1_india_ipc,RandomForestRegressor,2026-05-02T19:45:44.761456
TAMIL NADU,PERAMBALUR,2012,2.78,total_ipc_crimes,2013,2.85,green,0.9528,Regular monitoring required. Risk score: 2.9. Main driver: total_ipc_crimes,model1_india_ipc,RandomForestRegressor,2026-05-02T19:45:44.761456
TAMIL NADU,PUDUKOTTAI,2012,5.76,total_ipc_crimes,2013,6.52,green,0.9528,Regular monitoring required. Risk score: 6.5. Main driver: total_ipc_crimes,model1_india_ipc,RandomForestRegressor,2026-05-02T19:45:44.761456
TAMIL NADU,RAMNATHAPURAM,2012,6.83,total_ipc_crimes,2013,6.97,green,0.9528,Regular monitoring required. Risk score: 7.0. Main driver: total_ipc_crimes,model1_india_ipc,RandomForestRegressor,2026-05-02T19:45:44.761456
TAMIL NADU,SALEM RURAL,2012,11.8,total_ipc_crimes,2013,13.44,green,0.9528,Regular monitoring required. Risk score: 13.4. Main driver: total_ipc_crimes,model1_india_ipc,RandomForestRegressor,2026-05-02T19:45:44.761456
TAMIL NADU,SALEM URBAN,2012,4.42,total_ipc_crimes,2013,4.66,green,0.9528,Regular monitoring required. Risk score: 4.7. Main driver: total_ipc_crimes,model1_india_ipc,RandomForestRegressor,2026-05-02T19:45:44.761456
TAMIL NADU,SIVAGANGAI,2012,6.77,total_ipc_crimes,2013,6.77,green,0.9528,Regular monitoring required. Risk score: 6.8. Main driver: total_ipc_crimes,model1_india_ipc,RandomForestRegressor,2026-05-02T19:45:44.761456
TAMIL NADU,THANJAVUR,2012,12.94,total_ipc_crimes,2013,12.91,green,0.9528,Regular monitoring required. Risk score: 12.9. Main driver: total_ipc_crimes,model1_india_ipc,RandomForestRegressor,2026-05-02T19:45:44.761456
TAMIL NADU,THENI,2012,8.19,total_ipc_crimes,2013,8.22,green,0.9528,Regular monitoring required. Risk score: 8.2. Main driver: total_ipc_crimes,model1_india_ipc,RandomForestRegressor,2026-05-02T19:45:44.761456
TAMIL NADU,THIRUNELVELI RURAL,2012,16.23,total_ipc_crimes,2013,16.72,green,0.9528,Regular monitoring required. Risk score: 16.7. Main driver: total_ipc_crimes,model1_india_ipc,RandomForestRegressor,2026-05-02T19:45:44.761456
TAMIL NADU,THIRUNELVELI URBAN,2012,2.82,total_ipc_crimes,2013,2.9,green,0.9528,Regular monitoring required. Risk score: 2.9. Main driver: total_ipc_crimes,model1_india_ipc,RandomForestRegressor,2026-05-02T19:45:44.761456
TAMIL NADU,THIRUVALLUR,2012,6.83,total_ipc_crimes,2013,7.05,green,0.9528,Regular monitoring required. Risk score: 7.0. Main driver: total_ipc_crimes,model1_india_ipc,RandomForestRegressor,2026-05-02T19:45:44.761456
TAMIL NADU,THIRUVANNAMALAI,2012,9.14,total_ipc_crimes,2013,9.44,green,0.9528,Regular monitoring required. Risk score: 9.4. Main driver: total_ipc_crimes,model1_india_ipc,RandomForestRegressor,2026-05-02T19:45:44.761456
TAMIL NADU,THIRUVARUR,2012,6.95,total_ipc_crimes,2013,7.36,green,0.9528,Regular monitoring required. Risk score: 7.4. Main driver: total_ipc_crimes,model1_india_ipc,RandomForestRegressor,2026-05-02T19:45:44.761456
TAMIL NADU,THOOTHUGUDI,2012,10.25,total_ipc_crimes,2013,10.08,green,0.9528,Regular monitoring required. Risk score: 10.1. Main driver: total_ipc_crimes,model1_india_ipc,RandomForestRegressor,2026-05-02T19:45:44.761456
TAMIL NADU,TIRUPPUR,2012,13.83,total_ipc_crimes,2013,14.07,green,0.9528,Regular monitoring required. Risk score: 14.1. Main driver: total_ipc_crimes,model1_india_ipc,RandomForestRegressor,2026-05-02T19:45:44.761456
TAMIL NADU,TRICHY RLY.,2012,0.57,total_ipc_crimes,2013,0.56,green,0.9528,Regular monitoring required. Risk score: 0.6. Main driver: total_ipc_crimes,model1_india_ipc,RandomForestRegressor,2026-05-02T19:45:44.761456
TAMIL NADU,TRICHY RURAL,2012,7.79,total_ipc_crimes,2013,8.45,green,0.9528,Regular monitoring required. Risk score: 8.4. Main driver: total_ipc_crimes,model1_india_ipc,RandomForestRegressor,2026-05-02T19:45:44.761456
TAMIL NADU,TRICHY URBAN,2012,5.31,total_ipc_crimes,2013,5.72,green,0.9528,Regular monitoring required. Risk score: 5.7. Main driver: total_ipc_crimes,model1_india_ipc,RandomForestRegressor,2026-05-02T19:45:44.761456
TAMIL NADU,VELLORE,2012,14.37,total_ipc_crimes,2013,14.46,green,0.9528,Regular monitoring required. Risk score: 14.5. Main driver: total_ipc_crimes,model1_india_ipc,RandomForestRegressor,2026-05-02T19:45:44.761456
TAMIL NADU,VILLUPURAM,2012,20.78,total_ipc_crimes,2013,19.99,green,0.9528,Regular monitoring required. Risk score: 20.0. Main driver: total_ipc_crimes,model1_india_ipc,RandomForestRegressor,2026-05-02T19:45:44.761456
TAMIL NADU,VIRUDHUNAGAR,2012,10.04,total_ipc_crimes,2013,9.51,green,0.9528,Regular monitoring required. Risk score: 9.5. Main driver: total_ipc_crimes,model1_india_ipc,RandomForestRegressor,2026-05-02T19:45:44.761456
TRIPURA,DHALAI,2012,1.19,total_ipc_crimes,2013,1.28,green,0.9528,Regular monitoring required. Risk score: 1.3. Main driver: total_ipc_crimes,model1_india_ipc,RandomForestRegressor,2026-05-02T19:45:44.761456
TRIPURA,GOMATI,2012,2.78,total_ipc_crimes,2013,2.76,green,0.9528,Regular monitoring required. Risk score: 2.8. Main driver: total_ipc_crimes,model1_india_ipc,RandomForestRegressor,2026-05-02T19:45:44.761456
TRIPURA,GRP,2012,0.03,total_ipc_crimes,2013,0.03,green,0.9528,Regular monitoring required. Risk score: 0.0. Main driver: total_ipc_crimes,model1_india_ipc,RandomForestRegressor,2026-05-02T19:45:44.761456
TRIPURA,KHOWAI,2012,1.03,total_ipc_crimes,2013,1.24,green,0.9528,Regular monitoring required. Risk score: 1.2. Main driver: total_ipc_crimes,model1_india_ipc,RandomForestRegressor,2026-05-02T19:45:44.761456
TRIPURA,NORTH,2012,1.45,total_ipc_crimes,2013,1.95,green,0.9528,Regular monitoring required. Risk score: 1.9. Main driver: total_ipc_crimes,model1_india_ipc,RandomForestRegressor,2026-05-02T19:45:44.761456
TRIPURA,SIPAHIJALA,2012,2.37,total_ipc_crimes,2013,2.31,green,0.9528,Regular monitoring required. Risk score: 2.3. Main driver: total_ipc_crimes,model1_india_ipc,RandomForestRegressor,2026-05-02T19:45:44.761456
TRIPURA,SOUTH,2012,1.89,total_ipc_crimes,2013,2.24,green,0.9528,Regular monitoring required. Risk score: 2.2. Main driver: total_ipc_crimes,model1_india_ipc,RandomForestRegressor,2026-05-02T19:45:44.761456
TRIPURA,UNAKOTI,2012,1.4,total_ipc_crimes,2013,1.51,green,0.9528,Regular monitoring required. Risk score: 1.5. Main driver: total_ipc_crimes,model1_india_ipc,RandomForestRegressor,2026-05-02T19:45:44.761456
TRIPURA,WEST,2012,3.44,total_ipc_crimes,2013,4.9,green,0.9528,Regular monitoring required. Risk score: 4.9. Main driver: total_ipc_crimes,model1_india_ipc,RandomForestRegressor,2026-05-02T19:45:44.761456
UTTAR PRADESH,AGRA,2012,27.5,total_ipc_crimes,2013,26.74,green,0.9528,Regular monitoring required. Risk score: 26.7. Main driver: total_ipc_crimes,model1_india_ipc,RandomForestRegressor,2026-05-02T19:45:44.761456
UTTAR PRADESH,ALIGARH,2012,15.72,total_ipc_crimes,2013,14.54,green,0.9528,Regular monitoring required. Risk score: 14.5. Main driver: total_ipc_crimes,model1_india_ipc,RandomForestRegressor,2026-05-02T19:45:44.761456
UTTAR PRADESH,ALLAHABAD,2012,15.72,total_ipc_crimes,2013,16.06,green,0.9528,Regular monitoring required. Risk score: 16.1. Main driver: total_ipc_crimes,model1_india_ipc,RandomForestRegressor,2026-05-02T19:45:44.761456
UTTAR PRADESH,AMBEDKAR NAGAR,2012,2.93,total_ipc_crimes,2013,3.19,green,0.9528,Regular monitoring required. Risk score: 3.2. Main driver: total_ipc_crimes,model1_india_ipc,RandomForestRegressor,2026-05-02T19:45:44.761456
UTTAR PRADESH,AURAIYA,2012,3.04,total_ipc_crimes,2013,3.89,green,0.9528,Regular monitoring required. Risk score: 3.9. Main driver: total_ipc_crimes,model1_india_ipc,RandomForestRegressor,2026-05-02T19:45:44.761456
UTTAR PRADESH,AZAMGARH,2012,5.79,total_ipc_crimes,2013,5.89,green,0.9528,Regular monitoring required. Risk score: 5.9. Main driver: total_ipc_crimes,model1_india_ipc,RandomForestRegressor,2026-05-02T19:45:44.761456
UTTAR PRADESH,BADAUN,2012,5.83,total_ipc_crimes,2013,5.68,green,0.9528,Regular monitoring required. Risk score: 5.7. Main driver: total_ipc_crimes,model1_india_ipc,RandomForestRegressor,2026-05-02T19:45:44.761456
UTTAR PRADESH,BAGHPAT,2012,4.17,total_ipc_crimes,2013,4.66,green,0.9528,Regular monitoring required. Risk score: 4.7. Main driver: total_ipc_crimes,model1_india_ipc,RandomForestRegressor,2026-05-02T19:45:44.761456
UTTAR PRADESH,BAHRAICH,2012,4.98,total_ipc_crimes,2013,5.13,green,0.9528,Regular monitoring required. Risk score: 5.1. Main driver: total_ipc_crimes,model1_india_ipc,RandomForestRegressor,2026-05-02T19:45:44.761456
UTTAR PRADESH,BALLIA,2012,4.18,total_ipc_crimes,2013,4.48,green,0.9528,Regular monitoring required. Risk score: 4.5. Main driver: total_ipc_crimes,model1_india_ipc,RandomForestRegressor,2026-05-02T19:45:44.761456
UTTAR PRADESH,BALRAMPUR,2012,1.45,total_ipc_crimes,2013,1.62,green,0.9528,Regular monitoring required. Risk score: 1.6. Main driver: total_ipc_crimes,model1_india_ipc,RandomForestRegressor,2026-05-02T19:45:44.761456
UTTAR PRADESH,BANDA,2012,2.93,total_ipc_crimes,2013,3.18,green,0.9528,Regular monitoring required. Risk score: 3.2. Main driver: total_ipc_crimes,model1_india_ipc,RandomForestRegressor,2026-05-02T19:45:44.761456
UTTAR PRADESH,BARABANKI,2012,5.18,total_ipc_crimes,2013,5.17,green,0.9528,Regular monitoring required. Risk score: 5.2. Main driver: total_ipc_crimes,model1_india_ipc,RandomForestRegressor,2026-05-02T19:45:44.761456
UTTAR PRADESH,BAREILLY,2012,13.09,total_ipc_crimes,2013,14.19,green,0.9528,Regular monitoring required. Risk score: 14.2. Main driver: total_ipc_crimes,model1_india_ipc,RandomForestRegressor,2026-05-02T19:45:44.761456
UTTAR PRADESH,BASTI,2012,3.0,total_ipc_crimes,2013,3.31,green,0.9528,Regular monitoring required. Risk score: 3.3. Main driver: total_ipc_crimes,model1_india_ipc,RandomForestRegressor,2026-05-02T19:45:44.761456
UTTAR PRADESH,BIJNOR,2012,7.49,total_ipc_crimes,2013,8.4,green,0.9528,Regular monitoring required. Risk score: 8.4. Main driver: total_ipc_crimes,model1_india_ipc,RandomForestRegressor,2026-05-02T19:45:44.761456
UTTAR PRADESH,BULANDSHAHAR,2012,8.96,total_ipc_crimes,2013,9.29,green,0.9528,Regular monitoring required. Risk score: 9.3. Main driver: total_ipc_crimes,model1_india_ipc,RandomForestRegressor,2026-05-02T19:45:44.761456
UTTAR PRADESH,CHANDOLI,2012,2.53,total_ipc_crimes,2013,2.68,green,0.9528,Regular monitoring required. Risk score: 2.7. Main driver: total_ipc_crimes,model1_india_ipc,RandomForestRegressor,2026-05-02T19:45:44.761456
UTTAR PRADESH,CHITRAKOOT DHAM,2012,2.06,total_ipc_crimes,2013,2.43,green,0.9528,Regular monitoring required. Risk score: 2.4. Main driver: total_ipc_crimes,model1_india_ipc,RandomForestRegressor,2026-05-02T19:45:44.761456
UTTAR PRADESH,DEORIA,2012,3.45,total_ipc_crimes,2013,3.84,green,0.9528,Regular monitoring required. Risk score: 3.8. Main driver: total_ipc_crimes,model1_india_ipc,RandomForestRegressor,2026-05-02T19:45:44.761456
UTTAR PRADESH,ETAH,2012,6.32,total_ipc_crimes,2013,6.29,green,0.9528,Regular monitoring required. Risk score: 6.3. Main driver: total_ipc_crimes,model1_india_ipc,RandomForestRegressor,2026-05-02T19:45:44.761456
UTTAR PRADESH,ETAWAH,2012,4.47,total_ipc_crimes,2013,4.89,green,0.9528,Regular monitoring required. Risk score: 4.9. Main driver: total_ipc_crimes,model1_india_ipc,RandomForestRegressor,2026-05-02T19:45:44.761456
UTTAR PRADESH,FAIZABAD,2012,5.22,total_ipc_crimes,2013,5.07,green,0.9528,Regular monitoring required. Risk score: 5.1. Main driver: total_ipc_crimes,model1_india_ipc,RandomForestRegressor,2026-05-02T19:45:44.761456
UTTAR PRADESH,FATEHGARH,2012,4.09,total_ipc_crimes,2013,4.4,green,0.9528,Regular monitoring required. Risk score: 4.4. Main driver: total_ipc_crimes,model1_india_ipc,RandomForestRegressor,2026-05-02T19:45:44.761456
UTTAR PRADESH,FATEHPUR,2012,5.09,total_ipc_crimes,2013,5.06,green,0.9528,Regular monitoring required. Risk score: 5.1. Main driver: total_ipc_crimes,model1_india_ipc,RandomForestRegressor,2026-05-02T19:45:44.761456
UTTAR PRADESH,FIROZABAD,2012,8.39,total_ipc_crimes,2013,8.96,green,0.9528,Regular monitoring required. Risk score: 9.0. Main driver: total_ipc_crimes,model1_india_ipc,RandomForestRegressor,2026-05-02T19:45:44.761456
UTTAR PRADESH,G.R.P.,2012,9.33,total_ipc_crimes,2013,9.46,green,0.9528,Regular monitoring required. Risk score: 9.5. Main driver: total_ipc_crimes,model1_india_ipc,RandomForestRegressor,2026-05-02T19:45:44.761456
UTTAR PRADESH,GAUTAMBUDH NAGAR,2012,20.06,total_ipc_crimes,2013,20.43,green,0.9528,Regular monitoring required. Risk score: 20.4. Main driver: total_ipc_crimes,model1_india_ipc,RandomForestRegressor,2026-05-02T19:45:44.761456
UTTAR PRADESH,GHAZIABAD,2012,20.67,total_ipc_crimes,2013,20.32,green,0.9528,Regular monitoring required. Risk score: 20.3. Main driver: total_ipc_crimes,model1_india_ipc,RandomForestRegressor,2026-05-02T19:45:44.761456
UTTAR PRADESH,GHAZIPUR,2012,3.68,total_ipc_crimes,2013,3.7,green,0.9528,Regular monitoring required. Risk score: 3.7. Main driver: total_ipc_crimes,model1_india_ipc,RandomForestRegressor,2026-05-02T19:45:44.761456
UTTAR PRADESH,GONDA,2012,5.67,total_ipc_crimes,2013,5.72,green,0.9528,Regular monitoring required. Risk score: 5.7. Main driver: total_ipc_crimes,model1_india_ipc,RandomForestRegressor,2026-05-02T19:45:44.761456
UTTAR PRADESH,GORAKHPUR,2012,12.41,total_ipc_crimes,2013,14.96,green,0.9528,Regular monitoring required. Risk score: 15.0. Main driver: total_ipc_crimes,model1_india_ipc,RandomForestRegressor,2026-05-02T19:45:44.761456
UTTAR PRADESH,HAMIRPUR,2012,2.12,total_ipc_crimes,2013,2.31,green,0.9528,Regular monitoring required. Risk score: 2.3. Main driver: total_ipc_crimes,model1_india_ipc,RandomForestRegressor,2026-05-02T19:45:44.761456
UTTAR PRADESH,HARDOI,2012,6.47,total_ipc_crimes,2013,6.7,green,0.9528,Regular monitoring required. Risk score: 6.7. Main driver: total_ipc_crimes,model1_india_ipc,RandomForestRegressor,2026-05-02T19:45:44.761456
UTTAR PRADESH,HATHRAS,2012,4.52,total_ipc_crimes,2013,4.72,green,0.9528,Regular monitoring required. Risk score: 4.7. Main driver: total_ipc_crimes,model1_india_ipc,RandomForestRegressor,2026-05-02T19:45:44.761456
UTTAR PRADESH,JALAUN,2012,3.05,total_ipc_crimes,2013,3.59,green,0.9528,Regular monitoring required. Risk score: 3.6. Main driver: total_ipc_crimes,model1_india_ipc,RandomForestRegressor,2026-05-02T19:45:44.761456
UTTAR PRADESH,JAUNPUR,2012,4.62,total_ipc_crimes,2013,4.78,green,0.9528,Regular monitoring required. Risk score: 4.8. Main driver: total_ipc_crimes,model1_india_ipc,RandomForestRegressor,2026-05-02T19:45:44.761456
UTTAR PRADESH,JHANSI,2012,5.09,total_ipc_crimes,2013,5.08,green,0.9528,Regular monitoring required. Risk score: 5.1. Main driver: total_ipc_crimes,model1_india_ipc,RandomForestRegressor,2026-05-02T19:45:44.761456
UTTAR PRADESH,KANNAUJ,2012,3.63,total_ipc_crimes,2013,4.01,green,0.9528,Regular monitoring required. Risk score: 4.0. Main driver: total_ipc_crimes,model1_india_ipc,RandomForestRegressor,2026-05-02T19:45:44.761456
UTTAR PRADESH,KANPUR NAGAR,2012,17.86,total_ipc_crimes,2013,19.05,green,0.9528,Regular monitoring required. Risk score: 19.1. Main driver: total_ipc_crimes,model1_india_ipc,RandomForestRegressor,2026-05-02T19:45:44.761456
UTTAR PRADESH,KAUSHAMBI,2012,2.79,total_ipc_crimes,2013,3.0,green,0.9528,Regular monitoring required. Risk score: 3.0. Main driver: total_ipc_crimes,model1_india_ipc,RandomForestRegressor,2026-05-02T19:45:44.761456
UTTAR PRADESH,KHIRI,2012,7.18,total_ipc_crimes,2013,7.54,green,0.9528,Regular monitoring required. Risk score: 7.5. Main driver: total_ipc_crimes,model1_india_ipc,RandomForestRegressor,2026-05-02T19:45:44.761456
UTTAR PRADESH,KUSHI NAGAR,2012,4.01,total_ipc_crimes,2013,4.46,green,0.9528,Regular monitoring required. Risk score: 4.5. Main driver: total_ipc_crimes,model1_india_ipc,RandomForestRegressor,2026-05-02T19:45:44.761456
UTTAR PRADESH,LALITPUR,2012,1.57,total_ipc_crimes,2013,1.73,green,0.9528,Regular monitoring required. Risk score: 1.7. Main driver: total_ipc_crimes,model1_india_ipc,RandomForestRegressor,2026-05-02T19:45:44.761456
UTTAR PRADESH,LUCKNOW,2012,26.59,total_ipc_crimes,2013,29.21,green,0.9528,Regular monitoring required. Risk score: 29.2. Main driver: total_ipc_crimes,model1_india_ipc,RandomForestRegressor,2026-05-02T19:45:44.761456
UTTAR PRADESH,MAHARAJGANJ,2012,3.61,total_ipc_crimes,2013,3.8,green,0.9528,Regular monitoring required. Risk score: 3.8. Main driver: total_ipc_crimes,model1_india_ipc,RandomForestRegressor,2026-05-02T19:45:44.761456
UTTAR PRADESH,MAHOBA,2012,1.91,total_ipc_crimes,2013,1.99,green,0.9528,Regular monitoring required. Risk score: 2.0. Main driver: total_ipc_crimes,model1_india_ipc,RandomForestRegressor,2026-05-02T19:45:44.761456
UTTAR PRADESH,MAINPURI,2012,6.1,total_ipc_crimes,2013,6.03,green,0.9528,Regular monitoring required. Risk score: 6.0. Main driver: total_ipc_crimes,model1_india_ipc,RandomForestRegressor,2026-05-02T19:45:44.761456
UTTAR PRADESH,MATHURA,2012,11.1,total_ipc_crimes,2013,11.61,green,0.9528,Regular monitoring required. Risk score: 11.6. Main driver: total_ipc_crimes,model1_india_ipc,RandomForestRegressor,2026-05-02T19:45:44.761456
UTTAR PRADESH,MAU,2012,3.96,total_ipc_crimes,2013,4.14,green,0.9528,Regular monitoring required. Risk score: 4.1. Main driver: total_ipc_crimes,model1_india_ipc,RandomForestRegressor,2026-05-02T19:45:44.761456
UTTAR PRADESH,MEERUT,2012,22.07,total_ipc_crimes,2013,22.83,green,0.9528,Regular monitoring required. Risk score: 22.8. Main driver: total_ipc_crimes,model1_india_ipc,RandomForestRegressor,2026-05-02T19:45:44.761456
UTTAR PRADESH,MIRZAPUR,2012,1.65,total_ipc_crimes,2013,2.11,green,0.9528,Regular monitoring required. Risk score: 2.1. Main driver: total_ipc_crimes,model1_india_ipc,RandomForestRegressor,2026-05-02T19:45:44.761456
UTTAR PRADESH,MORADABAD,2012,9.46,total_ipc_crimes,2013,9.97,green,0.9528,Regular monitoring required. Risk score: 10.0. Main driver: total_ipc_crimes,model1_india_ipc,RandomForestRegressor,2026-05-02T19:45:44.761456
UTTAR PRADESH,MUZAFFARNAGAR,2012,8.7,total_ipc_crimes,2013,9.34,green,0.9528,Regular monitoring required. Risk score: 9.3. Main driver: total_ipc_crimes,model1_india_ipc,RandomForestRegressor,2026-05-02T19:45:44.761456
UTTAR PRADESH,PILIBHIT,2012,3.93,total_ipc_crimes,2013,4.52,green,0.9528,Regular monitoring required. Risk score: 4.5. Main driver: total_ipc_crimes,model1_india_ipc,RandomForestRegressor,2026-05-02T19:45:44.761456
UTTAR PRADESH,PRATAPGARH,2012,5.88,total_ipc_crimes,2013,5.66,green,0.9528,Regular monitoring required. Risk score: 5.7. Main driver: total_ipc_crimes,model1_india_ipc,RandomForestRegressor,2026-05-02T19:45:44.761456
UTTAR PRADESH,RAIBAREILLY,2012,4.18,total_ipc_crimes,2013,4.61,green,0.9528,Regular monitoring required. Risk score: 4.6. Main driver: total_ipc_crimes,model1_india_ipc,RandomForestRegressor,2026-05-02T19:45:44.761456
UTTAR PRADESH,RAMPUR,2012,5.1,total_ipc_crimes,2013,5.22,green,0.9528,Regular monitoring required. Risk score: 5.2. Main driver: total_ipc_crimes,model1_india_ipc,RandomForestRegressor,2026-05-02T19:45:44.761456
UTTAR PRADESH,SAHARANPUR,2012,7.13,total_ipc_crimes,2013,7.53,green,0.9528,Regular monitoring required. Risk score: 7.5. Main driver: total_ipc_crimes,model1_india_ipc,RandomForestRegressor,2026-05-02T19:45:44.761456
UTTAR PRADESH,SANT KABIRNAGAR,2012,1.78,total_ipc_crimes,2013,1.97,green,0.9528,Regular monitoring required. Risk score: 2.0. Main driver: total_ipc_crimes,model1_india_ipc,RandomForestRegressor,2026-05-02T19:45:44.761456
UTTAR PRADESH,SHAHJAHANPUR,2012,6.07,total_ipc_crimes,2013,6.08,green,0.9528,Regular monitoring required. Risk score: 6.1. Main driver: total_ipc_crimes,model1_india_ipc,RandomForestRegressor,2026-05-02T19:45:44.761456
UTTAR PRADESH,SHRAWASTI,2012,1.5,total_ipc_crimes,2013,1.52,green,0.9528,Regular monitoring required. Risk score: 1.5. Main driver: total_ipc_crimes,model1_india_ipc,RandomForestRegressor,2026-05-02T19:45:44.761456
UTTAR PRADESH,SIDHARTHNAGAR,2012,1.76,total_ipc_crimes,2013,1.98,green,0.9528,Regular monitoring required. Risk score: 2.0. Main driver: total_ipc_crimes,model1_india_ipc,RandomForestRegressor,2026-05-02T19:45:44.761456
UTTAR PRADESH,SITAPUR,2012,7.83,total_ipc_crimes,2013,8.23,green,0.9528,Regular monitoring required. Risk score: 8.2. Main driver: total_ipc_crimes,model1_india_ipc,RandomForestRegressor,2026-05-02T19:45:44.761456
UTTAR PRADESH,SONBHADRA,2012,2.27,total_ipc_crimes,2013,2.4,green,0.9528,Regular monitoring required. Risk score: 2.4. Main driver: total_ipc_crimes,model1_india_ipc,RandomForestRegressor,2026-05-02T19:45:44.761456
UTTAR PRADESH,ST.RAVIDASNAGAR,2012,1.13,total_ipc_crimes,2013,1.15,green,0.9528,Regular monitoring required. Risk score: 1.1. Main driver: total_ipc_crimes,model1_india_ipc,RandomForestRegressor,2026-05-02T19:45:44.761456
UTTAR PRADESH,SULTANPUR,2012,4.72,total_ipc_crimes,2013,4.84,green,0.9528,Regular monitoring required. Risk score: 4.8. Main driver: total_ipc_crimes,model1_india_ipc,RandomForestRegressor,2026-05-02T19:45:44.761456
UTTAR PRADESH,UNNAO,2012,5.94,total_ipc_crimes,2013,5.88,green,0.9528,Regular monitoring required. Risk score: 5.9. Main driver: total_ipc_crimes,model1_india_ipc,RandomForestRegressor,2026-05-02T19:45:44.761456
UTTAR PRADESH,VARANASI,2012,8.72,total_ipc_crimes,2013,9.36,green,0.9528,Regular monitoring required. Risk score: 9.4. Main driver: total_ipc_crimes,model1_india_ipc,RandomForestRegressor,2026-05-02T19:45:44.761456
UTTARAKHAND,ALMORA,2012,0.38,total_ipc_crimes,2013,0.37,green,0.9528,Regular monitoring required. Risk score: 0.4. Main driver: total_ipc_crimes,model1_india_ipc,RandomForestRegressor,2026-05-02T19:45:44.761456
UTTARAKHAND,BAGESHWAR,2012,0.22,total_ipc_crimes,2013,0.26,green,0.9528,Regular monitoring required. Risk score: 0.3. Main driver: total_ipc_crimes,model1_india_ipc,RandomForestRegressor,2026-05-02T19:45:44.761456
UTTARAKHAND,CHAMOLI,2012,0.2,total_ipc_crimes,2013,0.24,green,0.9528,Regular monitoring required. Risk score: 0.2. Main driver: total_ipc_crimes,model1_india_ipc,RandomForestRegressor,2026-05-02T19:45:44.761456
UTTARAKHAND,CHAMPAWAT,2012,0.23,total_ipc_crimes,2013,0.26,green,0.9528,Regular monitoring required. Risk score: 0.3. Main driver: total_ipc_crimes,model1_india_ipc,RandomForestRegressor,2026-05-02T19:45:44.761456
UTTARAKHAND,DEHRADUN,2012,6.38,total_ipc_crimes,2013,6.45,green,0.9528,Regular monitoring required. Risk score: 6.5. Main driver: total_ipc_crimes,model1_india_ipc,RandomForestRegressor,2026-05-02T19:45:44.761456
UTTARAKHAND,HARIDWAR,2012,7.33,total_ipc_crimes,2013,7.73,green,0.9528,Regular monitoring required. Risk score: 7.7. Main driver: total_ipc_crimes,model1_india_ipc,RandomForestRegressor,2026-05-02T19:45:44.761456
UTTARAKHAND,NAINITAL,2012,1.8,total_ipc_crimes,2013,1.91,green,0.9528,Regular monitoring required. Risk score: 1.9. Main driver: total_ipc_crimes,model1_india_ipc,RandomForestRegressor,2026-05-02T19:45:44.761456
UTTARAKHAND,PAURI GARHWAL,2012,0.69,total_ipc_crimes,2013,0.67,green,0.9528,Regular monitoring required. Risk score: 0.7. Main driver: total_ipc_crimes,model1_india_ipc,RandomForestRegressor,2026-05-02T19:45:44.761456
UTTARAKHAND,PITHORAGARH,2012,0.26,total_ipc_crimes,2013,0.27,green,0.9528,Regular monitoring required. Risk score: 0.3. Main driver: total_ipc_crimes,model1_india_ipc,RandomForestRegressor,2026-05-02T19:45:44.761456
UTTARAKHAND,RUDRA PRAYAG,2012,0.26,total_ipc_crimes,2013,0.25,green,0.9528,Regular monitoring required. Risk score: 0.2. Main driver: total_ipc_crimes,model1_india_ipc,RandomForestRegressor,2026-05-02T19:45:44.761456
UTTARAKHAND,TEHRI GARHWAL,2012,0.25,total_ipc_crimes,2013,0.28,green,0.9528,Regular monitoring required. Risk score: 0.3. Main driver: total_ipc_crimes,model1_india_ipc,RandomForestRegressor,2026-05-02T19:45:44.761456
UTTARAKHAND,UDHAMSINGH NAGAR,2012,5.96,total_ipc_crimes,2013,6.07,green,0.9528,Regular monitoring required. Risk score: 6.1. Main driver: total_ipc_crimes,model1_india_ipc,RandomForestRegressor,2026-05-02T19:45:44.761456
UTTARAKHAND,UTTARKASHI,2012,0.15,total_ipc_crimes,2013,0.19,green,0.9528,Regular monitoring required. Risk score: 0.2. Main driver: total_ipc_crimes,model1_india_ipc,RandomForestRegressor,2026-05-02T19:45:44.761456
WEST BENGAL,24 PARGANAS NORTH,2012,24.78,total_ipc_crimes,2013,27.8,green,0.9528,Regular monitoring required. Risk score: 27.8. Main driver: total_ipc_crimes,model1_india_ipc,RandomForestRegressor,2026-05-02T19:45:44.761456
WEST BENGAL,24 PARGANAS SOUTH,2012,29.31,total_ipc_crimes,2013,30.16,green,0.9528,Regular monitoring required. Risk score: 30.2. Main driver: total_ipc_crimes,model1_india_ipc,RandomForestRegressor,2026-05-02T19:45:44.761456
WEST BENGAL,ASANSOL,2012,9.52,total_ipc_crimes,2013,9.74,green,0.9528,Regular monitoring required. Risk score: 9.7. Main driver: total_ipc_crimes,model1_india_ipc,RandomForestRegressor,2026-05-02T19:45:44.761456
WEST BENGAL,BANKURA,2012,6.14,total_ipc_crimes,2013,6.52,green,0.9528,Regular monitoring required. Risk score: 6.5. Main driver: total_ipc_crimes,model1_india_ipc,RandomForestRegressor,2026-05-02T19:45:44.761456
WEST BENGAL,BDN CP,2012,7.95,total_ipc_crimes,2013,8.6,green,0.9528,Regular monitoring required. Risk score: 8.6. Main driver: total_ipc_crimes,model1_india_ipc,RandomForestRegressor,2026-05-02T19:45:44.761456
WEST BENGAL,BIRBHUM,2012,8.21,total_ipc_crimes,2013,8.76,green,0.9528,Regular monitoring required. Risk score: 8.8. Main driver: total_ipc_crimes,model1_india_ipc,RandomForestRegressor,2026-05-02T19:45:44.761456
WEST BENGAL,BKP CP,2012,15.37,total_ipc_crimes,2013,17.62,green,0.9528,Regular monitoring required. Risk score: 17.6. Main driver: total_ipc_crimes,model1_india_ipc,RandomForestRegressor,2026-05-02T19:45:44.761456
WEST BENGAL,BURDWAN,2012,11.33,total_ipc_crimes,2013,11.5,green,0.9528,Regular monitoring required. Risk score: 11.5. Main driver: total_ipc_crimes,model1_india_ipc,RandomForestRegressor,2026-05-02T19:45:44.761456
WEST BENGAL,COOCHBEHAR,2012,7.78,total_ipc_crimes,2013,8.24,green,0.9528,Regular monitoring required. Risk score: 8.2. Main driver: total_ipc_crimes,model1_india_ipc,RandomForestRegressor,2026-05-02T19:45:44.761456
WEST BENGAL,DAKSHIN DINAJPUR,2012,6.52,total_ipc_crimes,2013,6.99,green,0.9528,Regular monitoring required. Risk score: 7.0. Main driver: total_ipc_crimes,model1_india_ipc,RandomForestRegressor,2026-05-02T19:45:44.761456
WEST BENGAL,DARJEELING,2012,4.42,total_ipc_crimes,2013,4.84,green,0.9528,Regular monitoring required. Risk score: 4.8. Main driver: total_ipc_crimes,model1_india_ipc,RandomForestRegressor,2026-05-02T19:45:44.761456
WEST BENGAL,HOOGHLY,2012,14.3,total_ipc_crimes,2013,16.03,green,0.9528,Regular monitoring required. Risk score: 16.0. Main driver: total_ipc_crimes,model1_india_ipc,RandomForestRegressor,2026-05-02T19:45:44.761456
WEST BENGAL,HOWRAH,2012,10.86,total_ipc_crimes,2013,11.53,green,0.9528,Regular monitoring required. Risk score: 11.5. Main driver: total_ipc_crimes,model1_india_ipc,RandomForestRegressor,2026-05-02T19:45:44.761456
WEST BENGAL,HOWRAH CITY,2012,12.64,total_ipc_crimes,2013,15.84,green,0.9528,Regular monitoring required. Risk score: 15.8. Main driver: total_ipc_crimes,model1_india_ipc,RandomForestRegressor,2026-05-02T19:45:44.761456
WEST BENGAL,HOWRAH G.R.P.,2012,1.74,total_ipc_crimes,2013,2.1,green,0.9528,Regular monitoring required. Risk score: 2.1. Main driver: total_ipc_crimes,model1_india_ipc,RandomForestRegressor,2026-05-02T19:45:44.761456
WEST BENGAL,JALPAIGURI,2012,19.4,total_ipc_crimes,2013,21.46,green,0.9528,Regular monitoring required. Risk score: 21.5. Main driver: total_ipc_crimes,model1_india_ipc,RandomForestRegressor,2026-05-02T19:45:44.761456
WEST BENGAL,JHARGRAM,2012,1.8,total_ipc_crimes,2013,1.9,green,0.9528,Regular monitoring required. Risk score: 1.9. Main driver: total_ipc_crimes,model1_india_ipc,RandomForestRegressor,2026-05-02T19:45:44.761456
WEST BENGAL,KHARAGPUR G.R.P.,2012,0.75,total_ipc_crimes,2013,0.9,green,0.9528,Regular monitoring required. Risk score: 0.9. Main driver: total_ipc_crimes,model1_india_ipc,RandomForestRegressor,2026-05-02T19:45:44.761456
WEST BENGAL,KOLKATA,2012,58.34,total_ipc_crimes,2013,59.28,yellow,0.9528,Medium priority surveillance required. Risk score: 59.3. Main driver: total_ipc_crimes,model1_india_ipc,RandomForestRegressor,2026-05-02T19:45:44.761456
WEST BENGAL,MALDA,2012,12.75,total_ipc_crimes,2013,14.28,green,0.9528,Regular monitoring required. Risk score: 14.3. Main driver: total_ipc_crimes,model1_india_ipc,RandomForestRegressor,2026-05-02T19:45:44.761456
WEST BENGAL,MURSHIDABAD,2012,31.71,total_ipc_crimes,2013,33.07,green,0.9528,Regular monitoring required. Risk score: 33.1. Main driver: total_ipc_crimes,model1_india_ipc,RandomForestRegressor,2026-05-02T19:45:44.761456
WEST BENGAL,NADIA,2012,27.98,total_ipc_crimes,2013,28.3,green,0.9528,Regular monitoring required. Risk score: 28.3. Main driver: total_ipc_crimes,model1_india_ipc,RandomForestRegressor,2026-05-02T19:45:44.761456
WEST BENGAL,PASCHIM MIDNAPUR,2012,11.14,total_ipc_crimes,2013,11.71,green,0.9528,Regular monitoring required. Risk score: 11.7. Main driver: total_ipc_crimes,model1_india_ipc,RandomForestRegressor,2026-05-02T19:45:44.761456
WEST BENGAL,PURAB MIDNAPUR,2012,11.17,total_ipc_crimes,2013,12.16,green,0.9528,Regular monitoring required. Risk score: 12.2. Main driver: total_ipc_crimes,model1_india_ipc,RandomForestRegressor,2026-05-02T19:45:44.761456
WEST BENGAL,PURULIA,2012,4.75,total_ipc_crimes,2013,4.97,green,0.9528,Regular monitoring required. Risk score: 5.0. Main driver: total_ipc_crimes,model1_india_ipc,RandomForestRegressor,2026-05-02T19:45:44.761456
WEST BENGAL,SEALDAH G.R.P.,2012,2.39,total_ipc_crimes,2013,2.6,green,0.9528,Regular monitoring required. Risk score: 2.6. Main driver: total_ipc_crimes,model1_india_ipc,RandomForestRegressor,2026-05-02T19:45:44.761456
WEST BENGAL,SILIGURI G.R.P.,2012,0.85,total_ipc_crimes,2013,0.86,green,0.9528,Regular monitoring required. Risk score: 0.9. Main driver: total_ipc_crimes,model1_india_ipc,RandomForestRegressor,2026-05-02T19:45:44.761456
WEST BENGAL,SILIGURI_PC,2012,8.58,total_ipc_crimes,2013,8.15,green,0.9528,Regular monitoring required. Risk score: 8.2. Main driver: total_ipc_crimes,model1_india_ipc,RandomForestRegressor,2026-05-02T19:45:44.761456
WEST BENGAL,UTTAR DINAJPUR,2012,12.08,total_ipc_crimes,2013,11.16,green,0.9528,Regular monitoring required. Risk score: 11.2. Main driver: total_ipc_crimes,model1_india_ipc,RandomForestRegressor,2026-05-02T19:45:44.761456
